time_clean_raw,roll_clean_raw,pitch_clean_raw,yaw_clean_raw,time_clean_kalman,roll_clean_kalman,pitch_clean_kalman,yaw_clean_kalman,time_clean_madgwick,roll_clean_madgwick,pitch_clean_madgwick,yaw_clean_madgwick,time_defective_raw,roll_defective_raw,pitch_defective_raw,yaw_defective_raw,time_defective_kalman,roll_defective_kalman,pitch_defective_kalman,yaw_defective_kalman,time_defective_madgwick,roll_defective_madgwick,pitch_defective_madgwick,yaw_defective_madgwick
1715943869.7401576,0.0,0.0,0.0,1715943869.7401576,0.0,0.0,0.0,1715943869.7401576,0.011948878780107586,-0.014002216973073356,-0.425656750383893,1715943870.2801144,0.01777400502488402,0.0012899937047845533,0.0020821635144904933,1715943869.7901578,0.010716393373291326,0.004961947991071636,0.014945677197542213,1715943869.7901578,0.008776863469334817,-0.0213042896957083,-0.7192911081758133
1715943869.7502143,0.0,0.0,0.0,1715943869.7502143,0.0,0.0,0.0,1715943869.7502143,0.013260177287611863,-0.012368818086836653,-0.4253313915641071,1715943870.2901323,0.001754610639645938,0.01467530984325327,0.012430188342023477,1715943869.8002143,0.005851634437387576,0.007623479007740297,0.002583875844515829,1715943869.8002143,0.007430460878578682,-0.01994042297908849,-0.7196916504023196
1715943869.760154,0.0,0.0,0.0,1715943869.760154,0.0,0.0,0.0,1715943869.760154,0.013367748931340073,-0.010727281840875902,-0.4250269917637794,1715943870.3001528,0.004101498262819348,0.009635259837834198,9.55025866754256e-05,1715943869.810154,0.0158634508810181,0.013881753733784974,0.007169973274314168,1715943869.810154,0.008552625382784562,-0.01836456210565074,-0.7200732284258118
1715943869.7701347,0.0,0.0,0.0,1715943869.7701347,0.0,0.0,0.0,1715943869.7701347,0.012580105437144884,-0.010630918690147206,-0.4246575874302573,1715943870.7301903,0.012832640738662207,0.00906706969843718,0.01536363296702608,1715943869.8201346,0.01071086461899556,0.00800378125503265,0.019213607921959114,1715943869.8201346,0.011287589418852217,-0.01824165896686858,-0.7204888200303952
1715943869.780126,0.0,0.0,0.0,1715943869.780126,0.0,0.0,0.0,1715943869.780126,0.011258088312388892,-0.010467748872019289,-0.4241672132823585,1715943870.7415178,0.006624468583803842,0.004767339069265075,0.01702879899840052,1715943869.8301263,0.0039354288674042295,0.01807856552678233,0.015279086958792619,1715943869.8301263,0.012702713629507922,-0.018025437333710315,-0.7210488149638827
1715943869.793364,0.0,0.0,0.0,1715943869.793364,0.0,0.0,0.0,1715943869.793364,0.014355519018653257,-0.011445564432116084,-0.42381175206744437,1715943870.750135,0.00786406043013433,0.007857071482221034,0.004692931871074439,1715943869.8601382,0.01519167349172626,0.0005893475189659991,0.011439770327252897,1715943869.8601382,0.015810815691313262,-0.026633956591756158,-0.7224299752960999
1715943869.8001895,0.0,0.0,0.0,1715943869.8001895,0.0,0.0,0.0,1715943869.8001895,0.01404641390085229,-0.013329353708279923,-0.42351710895759365,1715943870.7602174,0.01787757967015318,0.00027801794092052745,0.000756902620591287,1715943870.2801144,0.01777400502488402,0.0012899937047845533,0.0020821635144904933,1715943869.880088,0.013582894128049805,-0.02879964163069615,-0.7232038313391058
1715943869.810138,0.0,0.0,0.0,1715943869.810138,0.0,0.0,0.0,1715943869.810138,0.013474913067015759,-0.01595537811077663,-0.42310608159490665,1715943870.7702045,0.005653314763968244,0.015747433132033972,0.014326729327862322,1715943870.2901323,0.001754610639645938,0.01467530984325327,0.012430188342023477,1715943870.2801144,0.008524325709296843,-0.02741619510744142,-0.7406536650289866
1715943869.8201606,0.0,0.0,0.0,1715943869.8201606,0.0,0.0,0.0,1715943869.8201606,0.013896950781745021,-0.018126701492238828,-0.4228208425914425,1715943870.7802,0.01484381395629775,0.018152771721742678,0.005664488591355006,1715943870.3001528,0.004101498262819348,0.009635259837834198,9.55025866754256e-05,1715943870.2901323,0.008670317340401024,-0.02943692609773141,-0.741137621055378
1715943869.8300881,0.0,0.0,0.0,1715943870.2401323,0.0,0.0,0.0,1715943869.8300881,0.015566935981858626,-0.01921393204422639,-0.42255886792398367,1715943870.7902608,0.018909074574294145,0.015543420255275997,0.002838101069896815,1715943870.7301903,0.012832640738662207,0.00906706969843718,0.01536363296702608,1715943870.3001528,0.010626311042063019,-0.030866455464674036,-0.7417142654207876
1715943870.2401323,0.0,0.0,0.0,1715943870.2501528,0.0,0.0,0.0,1715943870.2401323,0.014447425705316042,-0.023302444011755075,-0.4068242128976298,1715943870.800138,0.0021895464050213998,0.017514018782357477,0.0018640812078269656,1715943870.7415178,0.006624468583803842,0.004767339069265075,0.01702879899840052,1715943870.7301903,0.008577965981943159,-0.03568964111423112,-0.7606791561580044
1715943870.2501528,0.0,0.0,0.0,1715943870.260107,0.0,0.0,0.0,1715943870.2501528,0.013246181808935109,-0.024317245168928858,-0.40626293169787053,1715943870.8101735,0.003709077067335551,0.013154852474744683,0.013540660406774669,1715943870.750135,0.00786406043013433,0.007857071482221034,0.004692931871074439,1715943870.7415178,0.00822192890038087,-0.03332047059246346,-0.7610400624865576
1715943870.260107,0.0,0.0,0.0,1715943870.6801903,0.0,0.0,0.0,1715943870.260107,0.011830092206680687,-0.024260595780888794,-0.40569825917004904,1715943870.8201885,0.005412846443790078,0.017126009997527225,0.002848540613997025,1715943870.7602174,0.01787757967015318,0.00027801794092052745,0.000756902620591287,1715943870.750135,0.008607052027565842,-0.03176339804405792,-0.7614439437094553
1715943870.6801903,0.0,0.0,0.0,1715943870.6915176,0.0,0.0,0.0,1715943870.6801903,0.01940212031931693,-0.027678279574548936,-0.3897169505513963,1715943870.8408105,0.018962286230437796,0.01292488326570096,0.0017870028450970663,1715943870.7702045,0.005653314763968244,0.015747433132033972,0.014326729327862322,1715943870.7602174,0.006563206634054186,-0.03119740121900194,-0.7616664039474657
1715943870.6915176,0.0,0.0,0.0,1715943870.700135,0.0,0.0,0.0,1715943870.6915176,0.019640820510431672,-0.025112445586875642,-0.38930564920901267,1715943870.8501976,0.001211534735533728,0.018504676679698573,0.013247201308453492,1715943870.7802,0.01484381395629775,0.018152771721742678,0.005664488591355006,1715943870.7702045,0.005027011420842609,-0.030546180669764,-0.7617563041265605
1715943870.700135,0.0,0.0,0.0,1715943870.7102172,0.0,0.0,0.0,1715943870.700135,0.018540110223523948,-0.023657084016191154,-0.3890436939448616,1715943870.860198,0.016883780840458693,0.00019070345399496702,0.0032979778706558214,1715943870.7902608,0.018909074574294145,0.015543420255275997,0.002838101069896815,1715943870.7802,0.0069505233267341815,-0.031981214447154516,-0.7621932461525454
1715943870.7102172,0.0,0.0,0.0,1715943870.7202046,0.0,0.0,0.0,1715943870.7102172,0.019960585066550574,-0.022838750683642495,-0.3888609422705378,1715943870.9001958,0.012240900285408394,0.004171358957810067,0.0020741399623420836,1715943870.800138,0.0021895464050213998,0.017514018782357477,0.0018640812078269656,1715943870.7902608,0.005629986283165689,-0.03086102460049389,-0.7625332820307946
1715943870.7202046,0.0,0.0,0.0,1715943870.7302,0.0,0.0,0.0,1715943870.7202046,0.02149910107810124,-0.021903232212377777,-0.3887836784861156,1715943870.920206,0.018856711595890766,0.009444869095858843,0.00789459836441298,1715943870.8101735,0.003709077067335551,0.013154852474744683,0.013540660406774669,1715943870.800138,0.004159708976204435,-0.03236017482082931,-0.762957127409746
1715943870.7302,0.0,0.0,0.0,1715943870.7402608,0.0,0.0,0.0,1715943870.7302,0.01967222543750971,-0.023022387739894956,-0.38845701765296115,1715943870.9301953,0.014463770253462734,0.017334922432347577,0.006071060288252411,1715943870.8201885,0.005412846443790078,0.017126009997527225,0.002848540613997025,1715943870.8101735,0.005656552358935141,-0.03093365893925837,-0.763415581248168
1715943870.7402608,0.0,0.0,0.0,1715943870.750138,0.0,0.0,0.0,1715943870.7402608,0.018497561928494805,-0.021515960433120984,-0.3881026738953517,1715943870.9405723,0.01673314529627754,0.009068373851571554,0.007720672278051306,1715943870.8408105,0.018962286230437796,0.01292488326570096,0.0017870028450970663,1715943870.8201885,0.007834031965177068,-0.0300430563399543,-0.763889857625264
1715943870.750138,0.0,0.0,0.0,1715943870.7601736,0.0,0.0,0.0,1715943870.750138,0.019085423574072252,-0.023392730710448673,-0.3877610664066523,1715943870.9501767,0.009411969216888628,0.004010373273078072,0.00686020994120632,1715943870.8501976,0.001211534735533728,0.018504676679698573,0.013247201308453492,1715943870.8408105,0.009345567762300888,-0.02686180793043369,-0.7651692804584478
1715943870.7601736,0.0,0.0,0.0,1715943870.7701886,0.0,0.0,0.0,1715943870.7601736,0.017145256522922564,-0.023394237238774762,-0.3873054603355227,1715943870.9602263,0.006698551017628711,0.010344218208178102,0.0050800476553938935,1715943870.860198,0.016883780840458693,0.00019070345399496702,0.0032979778706558214,1715943870.8501976,0.00837994669376707,-0.025634472395691832,-0.7656108544857982
1715943870.7701886,0.0,0.0,0.0,1715943870.7801542,0.0,0.0,0.0,1715943870.7701886,0.015473328028116878,-0.022690173924672763,-0.3869367588292497,1715943870.9702377,0.0016223439667086348,0.0066476711410992095,0.00492846304586358,1715943870.9001958,0.012240900285408394,0.004171358957810067,0.0020741399623420836,1715943870.860198,0.011014384254259824,-0.025251030868655988,-0.766200130763278
1715943870.7801542,0.0,0.0,0.0,1715943870.7908106,0.0,0.0,0.0,1715943870.7801542,0.014156469563946561,-0.02190521472026541,-0.38637468868634367,1715943870.9802668,0.0148334304291535,0.001406233271570967,0.008669681850364793,1715943870.920206,0.018856711595890766,0.009444869095858843,0.00789459836441298,1715943870.9001958,0.00700691672507725,-0.025650817812858273,-0.7677825230516149
1715943870.7908106,0.0,0.0,0.0,1715943870.8001976,0.0,0.0,0.0,1715943870.7908106,0.012612654235245713,-0.02044340794005839,-0.3858193510391738,1715943870.9902682,0.01680011305841982,0.008383021715358208,0.016196008666468243,1715943870.9301953,0.014463770253462734,0.017334922432347577,0.006071060288252411,1715943870.920206,0.0029026175509661023,-0.025779876488430276,-0.7684344367051601
1715943870.8001976,0.0,0.0,0.0,1715943870.860174,0.0,0.0,0.0,1715943870.8001976,0.013672529980498144,-0.018855562855962127,-0.3854734003344603,1715943871.000253,0.006387941511398192,0.017055174245795612,0.004022596906750315,1715943870.9405723,0.01673314529627754,0.009068373851571554,0.007720672278051306,1715943870.9301953,0.004540606201509423,-0.02450190170447053,-0.7686554830532479
1715943870.860174,0.0,0.0,0.0,1715943870.8702059,0.0,0.0,0.0,1715943870.860174,0.015911342531570283,-0.019880021685197535,-0.3833855336533341,1715943871.0104542,0.016796705968192858,0.01322406845101165,0.018060165410860033,1715943870.9501767,0.009411969216888628,0.004010373273078072,0.00686020994120632,1715943870.9405723,0.005843149630012423,-0.024496150539994543,-0.7690034742812308
1715943870.8702059,0.0,0.0,0.0,1715943870.8801954,0.0,0.0,0.0,1715943870.8702059,0.017771550607230763,-0.019828740499196362,-0.38318025893766383,1715943871.0202267,0.009061978229026053,0.005572742809536679,0.015509325307967486,1715943870.9602263,0.006698551017628711,0.010344218208178102,0.0050800476553938935,1715943870.9501767,0.003746941637923218,-0.024935095977745902,-0.7693159637847717
1715943870.8801954,0.0,0.0,0.0,1715943870.890572,0.0,0.0,0.0,1715943870.8801954,0.01589522733000348,-0.01909951331097348,-0.3829801786008211,1715943871.030217,0.008319841756603828,0.005936866959139975,0.0019144935164058861,1715943870.9702377,0.0016223439667086348,0.0066476711410992095,0.00492846304586358,1715943870.9602263,0.005828843412448048,-0.026225481773421544,-0.7696816521896412
1715943870.890572,0.0,0.0,0.0,1715943870.9001768,0.0,0.0,0.0,1715943870.890572,0.012914053506560413,-0.019208331483014263,-0.382650319138205,1715943871.0402443,0.004637252076205055,0.015781305133915957,0.009939174669651728,1715943870.9802668,0.0148334304291535,0.001406233271570967,0.008669681850364793,1715943870.9702377,0.007314415281109099,-0.026065090914454192,-0.7701493680448852
1715943870.9001768,0.0,0.0,0.0,1715943870.9102263,0.0,0.0,0.0,1715943870.9001768,0.014342158184705939,-0.01967633417936243,-0.38242299765424537,1715943871.0516574,0.0057627896665061965,0.0061232095564123235,0.002346711335541431,1715943870.9902682,0.01680011305841982,0.008383021715358208,0.016196008666468243,1715943870.9802668,0.007913284720791225,-0.024186577099011952,-0.770681809007991
1715943870.9102263,0.0,0.0,0.0,1715943870.9202378,0.0,0.0,0.0,1715943870.9102263,0.012998459563354353,-0.020576737377295373,-0.38213367017296695,1715943871.0602164,0.016877949817304908,0.01780980846501623,0.006286109797238685,1715943871.000253,0.006387941511398192,0.017055174245795612,0.004022596906750315,1715943870.9902682,0.010556563377622563,-0.02391045941515313,-0.771273762280984
1715943870.9202378,0.0,0.0,0.0,1715943870.9302666,0.0,0.0,0.0,1715943870.9202378,0.010377340042583005,-0.020441670017724123,-0.3817666970167445,1715943871.0702977,0.019654246321832693,0.004282192798432227,0.005173021600582315,1715943871.0104542,0.016796705968192858,0.01322406845101165,0.018060165410860033,1715943871.000253,0.0128407839792537,-0.0240699751518767,-0.7718828802284632
1715943870.9302666,0.0,0.0,0.0,1715943870.9402683,0.0,0.0,0.0,1715943870.9302666,0.008900886246975354,-0.018925420908234125,-0.3813181534853247,1715943871.0801878,0.012064115722106325,0.003100366558536294,0.007035857662337273,1715943871.0202267,0.009061978229026053,0.005572742809536679,0.015509325307967486,1715943871.0104542,0.01132701326775054,-0.02537168279518376,-0.7724485546005937
1715943870.9402683,0.0,0.0,0.0,1715943870.950253,0.0,0.0,0.0,1715943870.9402683,0.00743535622230454,-0.018652408023573486,-0.38083189544230733,1715943871.0902002,0.017819254979348786,0.006300653222019781,0.011772845343493724,1715943871.030217,0.008319841756603828,0.005936866959139975,0.0019144935164058861,1715943871.0202267,0.012987395537356061,-0.027436597280443564,-0.7731218613667039
1715943870.950253,0.0,0.0,0.0,1715943870.960454,0.0,0.0,0.0,1715943870.950253,0.005551040608170438,-0.01878584317811871,-0.3803134476466169,1715943871.1001718,0.004573238866947621,0.009543614501311248,0.004506200999462214,1715943871.0402443,0.004637252076205055,0.015781305133915957,0.009939174669651728,1715943871.030217,0.015649401439811417,-0.028217570163043826,-0.7737829434922823
1715943870.960454,0.0,0.0,0.0,1715943870.9702268,0.0,0.0,0.0,1715943870.960454,0.006134846569802371,-0.02081573327107389,-0.3798322893537781,1715943871.1202114,0.005188641215424121,0.00041144222901490224,0.009856961183387011,1715943871.0516574,0.0057627896665061965,0.0061232095564123235,0.002346711335541431,1715943871.0402443,0.013944387541652947,-0.028834107883121796,-0.7744558252077329
1715943870.9702268,0.0,0.0,0.0,1715943870.980217,0.0,0.0,0.0,1715943870.9702268,0.005801536053477996,-0.022273195745803553,-0.3792807258741617,1715943871.130184,0.015308316843451266,0.009063807887254915,0.002073144584520831,1715943871.0602164,0.016877949817304908,0.01780980846501623,0.006286109797238685,1715943871.0516574,0.012045333001864833,-0.02902948360168156,-0.7751190784157265
1715943870.980217,0.0,0.0,0.0,1715943870.9902444,0.0,0.0,0.0,1715943870.980217,0.004510664962375288,-0.02298209905112092,-0.3786424547838271,1715943871.1425362,0.011582048478297656,0.012069936604964138,0.006488534103875111,1715943871.0702977,0.019654246321832693,0.004282192798432227,0.005173021600582315,1715943871.0602164,0.011267739088189899,-0.029086043751895385,-0.7755860039326077
1715943870.9902444,0.0,0.0,0.0,1715943871.0016575,0.0,0.0,0.0,1715943870.9902444,0.006521560567498863,-0.02353371149775274,-0.37805675468990163,1715943871.1501906,0.013791916431704057,0.002674875428312573,0.005630832952519848,1715943871.0801878,0.012064115722106325,0.003100366558536294,0.007035857662337273,1715943871.0702977,0.01301175176167746,-0.02756655576050404,-0.7762972530916352
1715943871.0016575,0.0,0.0,0.0,1715943871.0102165,0.0,0.0,0.0,1715943871.0016575,0.009099177652948348,-0.02361395556312007,-0.3774503351787927,1715943871.160279,0.010185310921356893,0.0019054212025457762,0.01863184938998591,1715943871.0902002,0.017819254979348786,0.006300653222019781,0.011772845343493724,1715943871.0801878,0.011281669227295232,-0.027185501772623244,-0.7768038709476581
1715943871.0102165,0.0,0.0,0.0,1715943871.0202978,0.0,0.0,0.0,1715943871.0102165,0.011670711879350176,-0.023654221304532985,-0.37701534847550744,1715943871.1703408,0.010046578049435994,0.008626954811232768,0.006783230078313628,1715943871.1001718,0.004573238866947621,0.009543614501311248,0.004506200999462214,1715943871.0902002,0.00966530763936202,-0.026818370133240066,-0.7770640604127426
1715943871.0202978,0.0,0.0,0.0,1715943871.0301878,0.0,0.0,0.0,1715943871.0202978,0.009977356229393275,-0.02248895666397477,-0.3763529254278354,1715943871.1903267,0.004530232125368197,0.001770591650055664,0.012335515323359872,1715943871.1202114,0.005188641215424121,0.00041144222901490224,0.009856961183387011,1715943871.1001718,0.008802212496172412,-0.025770677533146547,-0.7773538477716357
1715943871.0301878,0.0,0.0,0.0,1715943871.0402002,0.0,0.0,0.0,1715943871.0301878,0.011865928078217763,-0.02209303028294629,-0.3759809828182308,1715943871.200194,0.0026223865628212653,0.011138489026428555,0.004151609186919886,1715943871.130184,0.015308316843451266,0.009063807887254915,0.002073144584520831,1715943871.1202114,0.013234587108176932,-0.025849263856027038,-0.7778829036459545
1715943871.0402002,0.0,0.0,0.0,1715943871.0501719,0.0,0.0,0.0,1715943871.0402002,0.013713878266368357,-0.02141702654424371,-0.3757638234729356,1715943871.2102735,0.004374444309560803,0.007944870299155582,0.0023525603989748766,1715943871.1425362,0.011582048478297656,0.012069936604964138,0.006488534103875111,1715943871.130184,0.011325417842758867,-0.02615054197653377,-0.7780637859778965
1715943871.0501719,0.0,0.0,0.0,1715943871.0601852,0.0,0.0,0.0,1715943871.0501719,0.01472332136538837,-0.019878060436825384,-0.375574486517822,1715943871.2204616,0.016800003353955803,0.003716571432458071,0.004080609611326573,1715943871.1501906,0.013791916431704057,0.002674875428312573,0.005630832952519848,1715943871.1425362,0.010780298054807513,-0.0244101287923133,-0.7783853336514373
1715943871.0601852,0.0,0.0,0.0,1715943871.0702114,0.0,0.0,0.0,1715943871.0601852,0.01289943801547605,-0.019903347707002084,-0.3753995604448626,1715943871.2302756,0.00228865565806671,0.005479185926615893,0.002150969950967054,1715943871.160279,0.010185310921356893,0.0019054212025457762,0.01863184938998591,1715943871.1501906,0.01271432842253839,-0.02482831215115211,-0.7787348104615148
1715943871.0702114,0.0,0.0,0.0,1715943871.0801837,0.0,0.0,0.0,1715943871.0702114,0.01105521345049773,-0.020122144124064434,-0.375218765962245,1715943871.2501893,0.0014414138856679451,0.005618178235555327,0.016278948775143857,1715943871.1703408,0.010046578049435994,0.008626954811232768,0.006783230078313628,1715943871.160279,0.015165157824597042,-0.024308056066270955,-0.7793171527813545
1715943871.0801837,0.0,0.0,0.0,1715943871.0925362,0.0,0.0,0.0,1715943871.0801837,0.012978998911679307,-0.02024180837319922,-0.3750433693063786,1715943871.2603052,0.013071310179452848,0.019717456427915003,0.0019833670270865142,1715943871.1903267,0.004530232125368197,0.001770591650055664,0.012335515323359872,1715943871.1703408,0.013240811998240787,-0.024280055828354463,-0.7797256700651714
1715943871.0925362,0.0,0.0,0.0,1715943871.1001904,0.0,0.0,0.0,1715943871.0925362,0.013347809084405027,-0.017949543401300838,-0.3746851828767632,1715943871.2704566,0.01664445699209295,0.008638411877917695,0.017606357858916136,1715943871.200194,0.0026223865628212653,0.011138489026428555,0.004151609186919886,1715943871.1903267,0.015604966534290554,-0.020712493171551882,-0.7807003995961281
1715943871.1001904,0.0,0.0,0.0,1715943871.110279,0.0,0.0,0.0,1715943871.1001904,0.012178365906760386,-0.018308495063486863,-0.3743730936287898,1715943871.2902286,0.012932366559210262,0.0004942444724527206,0.017421134891913066,1715943871.2102735,0.004374444309560803,0.007944870299155582,0.0023525603989748766,1715943871.200194,0.016934430783000387,-0.019299008122008576,-0.7810955951129399
1715943871.110279,0.0,0.0,0.0,1715943871.1203406,0.0,0.0,0.0,1715943871.110279,0.010538966782635523,-0.017992194563234865,-0.3738747011868985,1715943871.3102157,0.01880285893450752,0.013430606965129988,0.008934589242222242,1715943871.2204616,0.016800003353955803,0.003716571432458071,0.004080609611326573,1715943871.2102735,0.01502949442194046,-0.01898441053913924,-0.7815209019715326
1715943871.1203406,0.0,0.0,0.0,1715943871.1302457,0.0,0.0,0.0,1715943871.1203406,0.01131232577364727,-0.0199175116245236,-0.37345087504857705,1715943871.3203623,0.003995472225130315,0.0038203893108397224,0.017386601069774667,1715943871.2302756,0.00228865565806671,0.005479185926615893,0.002150969950967054,1715943871.2204616,0.01329470906314878,-0.018883003439649215,-0.7817011946181616
1715943871.1302457,0.0,0.0,0.0,1715943871.1403267,0.0,0.0,0.0,1715943871.1302457,0.013621585034781364,-0.019780828619529123,-0.37304066645653067,1715943871.33022,0.00860212637793594,0.013074024045081067,0.01156273529662495,1715943871.2501893,0.0014414138856679451,0.005618178235555327,0.016278948775143857,1715943871.2302756,0.011798130486668779,-0.01868750143776321,-0.7821596705595883
1715943871.1403267,0.0,0.0,0.0,1715943871.150194,0.0,0.0,0.0,1715943871.1403267,0.01275488483883716,-0.01833987645591706,-0.3726171556376293,1715943871.34112,0.019822473175585796,0.006496343465989707,0.015222909345506604,1715943871.2603052,0.013071310179452848,0.019717456427915003,0.0019833670270865142,1715943871.2501893,0.00713898643148303,-0.019794815579203817,-0.7825650531147321
1715943871.150194,0.0,0.0,0.0,1715943871.1602736,0.0,0.0,0.0,1715943871.150194,0.01131834244176222,-0.017259385630217228,-0.37224239744025706,1715943871.3706224,0.012044954962103022,0.008205582150957014,0.0074186889382444055,1715943871.2704566,0.01664445699209295,0.008638411877917695,0.017606357858916136,1715943871.2603052,0.004596743442848439,-0.019911956221644544,-0.7828814727112832
1715943871.1602736,0.0,0.0,0.0,1715943871.1704617,0.0,0.0,0.0,1715943871.1602736,0.01316451752043224,-0.01671644453024279,-0.3719092660906521,1715943871.3903048,0.007567671799367637,0.01795293410577714,0.013530307534765959,1715943871.2902286,0.012932366559210262,0.0004942444724527206,0.017421134891913066,1715943871.2704566,0.004179522545917802,-0.022089256139867564,-0.7831490340475025
1715943871.1704617,0.0,0.0,0.0,1715943871.1802757,0.0,0.0,0.0,1715943871.1704617,0.015345205141475138,-0.016380931579589086,-0.37168489396099164,1715943871.4002748,0.013439291270317427,0.018508639427573303,0.010472767704702405,1715943871.3102157,0.01880285893450752,0.013430606965129988,0.008934589242222242,1715943871.2902286,0.0069548852801899486,-0.02208313220180158,-0.7841600612737327
1715943871.1802757,0.0,0.0,0.0,1715943871.1916819,0.0,0.0,0.0,1715943871.1802757,0.0173026408193602,-0.015886016181852147,-0.37138505360685226,1715943871.4102776,0.010495731368215064,0.005958928302427058,0.019305179243672223,1715943871.3203623,0.003995472225130315,0.0038203893108397224,0.017386601069774667,1715943871.3102157,0.012766515404665668,-0.02291533873504381,-0.7850997753345599
1715943871.1916819,0.0,0.0,0.0,1715943871.200189,0.0,0.0,0.0,1715943871.1916819,0.019168286227002146,-0.01530994003584385,-0.3711897658070006,1715943871.4203308,0.0026877190333916465,0.011429603077213857,0.0014024337591373279,1715943871.33022,0.00860212637793594,0.013074024045081067,0.01156273529662495,1715943871.3203623,0.015273496477593351,-0.023126895699993266,-0.7856182705948456
1715943871.200189,0.0,0.0,0.0,1715943871.2103052,0.0,0.0,0.0,1715943871.200189,0.020444377210719816,-0.0157997677648416,-0.3710569752882915,1715943871.430269,0.00828020878592341,0.01925281611032381,0.015035946993047392,1715943871.34112,0.019822473175585796,0.006496343465989707,0.015222909345506604,1715943871.33022,0.01712414818841923,-0.02454880700232498,-0.7859581120429837
1715943871.2103052,0.0,0.0,0.0,1715943871.2204566,0.0,0.0,0.0,1715943871.2103052,0.02181602443559691,-0.015842776322446017,-0.3707963886615053,1715943871.4415772,0.0016295304499101232,0.0021341542407113945,0.008224550126836708,1715943871.3706224,0.012044954962103022,0.008205582150957014,0.0074186889382444055,1715943871.34112,0.017911310005030767,-0.026865085609007133,-0.7862133063241092
1715943871.2204566,0.0,0.0,0.0,1715943871.230203,0.0,0.0,0.0,1715943871.2204566,0.021628530924264255,-0.01807059287947599,-0.3704778372687854,1715943871.4502966,0.006563611934893581,0.013354600671330097,0.018948935847122955,1715943871.3903048,0.007567671799367637,0.01795293410577714,0.013530307534765959,1715943871.3706224,0.020614372302766082,-0.029927465403803977,-0.7862857403426862
1715943871.230203,0.0,0.0,0.0,1715943871.2402287,0.0,0.0,0.0,1715943871.230203,0.01993609216586481,-0.018572344461146084,-0.3702091571340488,1715943871.4603384,0.011902161793273303,0.008295090943787775,0.002018383317970247,1715943871.4002748,0.013439291270317427,0.018508639427573303,0.010472767704702405,1715943871.3903048,0.018385030242746403,-0.02801250753365414,-0.7853240406614086
1715943871.2402287,0.0,0.0,0.0,1715943871.2502086,0.0,0.0,0.0,1715943871.2402287,0.017290374193811825,-0.018601643021758596,-0.36981804262219575,1715943871.5202456,0.013983889583072184,0.012820203338950176,0.008341951120853015,1715943871.4102776,0.010495731368215064,0.005958928302427058,0.019305179243672223,1715943871.4002748,0.017146682444481698,-0.026605675683886165,-0.7846772245978464
1715943871.2502086,0.0,0.0,0.0,1715943871.2602158,0.0,0.0,0.0,1715943871.2502086,0.019148128178107904,-0.019487074701405982,-0.3695691585460964,1715943871.5302565,0.00876544522990607,0.017495163861015017,0.003523412695713343,1715943871.4203308,0.0026877190333916465,0.011429603077213857,0.0014024337591373279,1715943871.4102776,0.014956559007992087,-0.02660369451800748,-0.7839220062267458
1715943871.2602158,0.0,0.0,0.0,1715943871.2703624,0.0,0.0,0.0,1715943871.2602158,0.017928433276260286,-0.019786358405148086,-0.369176807795069,1715943871.5423875,0.016147787901743225,0.019708682727020088,0.008420281179585412,1715943871.430269,0.00828020878592341,0.01925281611032381,0.015035946993047392,1715943871.4203308,0.013245577648065776,-0.025922679720674857,-0.7828343710283958
1715943871.2703624,0.0,0.0,0.0,1715943871.28022,0.0,0.0,0.0,1715943871.2703624,0.016233884091231554,-0.019933149059249144,-0.36877688753482474,1715943871.5504394,0.017294172357644872,0.00942230338573613,0.011609226032604052,1715943871.4415772,0.0016295304499101232,0.0021341542407113945,0.008224550126836708,1715943871.430269,0.014386575957291203,-0.024532423638641276,-0.7817347158248538
1715943871.28022,0.0,0.0,0.0,1715943871.29112,0.0,0.0,0.0,1715943871.28022,0.014630775084310849,-0.020837056925935293,-0.36843283047325004,1715943871.560301,0.01932219146537236,0.01840932854330024,0.0054783345668503545,1715943871.4502966,0.006563611934893581,0.013354600671330097,0.018948935847122955,1715943871.4415772,0.01421327837879538,-0.02250410665652791,-0.780481048935215
1715943871.29112,0.0,0.0,0.0,1715943871.3302977,0.0,0.0,0.0,1715943871.29112,0.014280045549185189,-0.022764181838782926,-0.3681827747805816,1715943871.5702622,0.01321872499385684,0.006635786749664918,0.0009705647197927811,1715943871.4603384,0.011902161793273303,0.008295090943787775,0.002018383317970247,1715943871.4502966,0.015500540910217353,-0.021722409028027467,-0.7793011262742926
1715943871.3302977,0.0,0.0,0.0,1715943871.3403049,0.0,0.0,0.0,1715943871.3302977,0.01667754887160583,-0.025720022659035502,-0.3685985195045538,1715943871.641791,0.006958506805117596,0.0032148113254848454,0.006520682279803784,1715943871.5202456,0.013983889583072184,0.012820203338950176,0.008341951120853015,1715943871.4603384,0.01741687673650949,-0.02173544816445583,-0.7777463866106462
1715943871.3403049,0.0,0.0,0.0,1715943871.3502746,0.0,0.0,0.0,1715943871.3403049,0.015452506717144432,-0.0245765087477543,-0.3690771355634183,1715943871.6503386,0.010752677321095973,0.012833951053847548,0.015767837961235053,1715943871.5302565,0.00876544522990607,0.017495163861015017,0.003523412695713343,1715943871.5202456,0.02781233201201383,-0.031172994865577675,-0.7675504590985902
1715943871.3502746,0.0,0.0,0.0,1715943871.3602777,0.0,0.0,0.0,1715943871.3502746,0.014249016314979823,-0.022863328328280197,-0.36967967731082235,1715943871.660244,0.014227161060874408,0.0043783643268573424,0.012642610087994294,1715943871.5423875,0.016147787901743225,0.019708682727020088,0.008420281179585412,1715943871.5302565,0.026091599079351546,-0.032932004982839214,-0.7654329182445219
1715943871.3602777,0.0,0.0,0.0,1715943871.3703308,0.0,0.0,0.0,1715943871.3602777,0.016062612380648877,-0.022537564872845195,-0.37049819941138,1715943871.6804032,0.0014092412055912236,0.014237996577886936,0.0064357564070752216,1715943871.5504394,0.017294172357644872,0.00942230338573613,0.011609226032604052,1715943871.5423875,0.025069523315529363,-0.035055858461833234,-0.7626112798725337
1715943871.3703308,0.0,0.0,0.0,1715943871.380269,0.0,0.0,0.0,1715943871.3703308,0.017808949585941314,-0.0212429707030668,-0.3715764467774774,1715943871.6902442,0.01494483291143027,0.009277715977196843,0.0003552299180103564,1715943871.560301,0.01932219146537236,0.01840932854330024,0.0054783345668503545,1715943871.5504394,0.026802360364737154,-0.03603135040186678,-0.7606746829183271
1715943871.380269,0.0,0.0,0.0,1715943871.3915772,0.0,0.0,0.0,1715943871.380269,0.015952738906822722,-0.020255175785711232,-0.37273637273048044,1715943871.700268,0.015920934688998047,0.0068474372022759855,0.004449420699542698,1715943871.5702622,0.01321872499385684,0.006635786749664918,0.0009705647197927811,1715943871.560301,0.0239609011486297,-0.03560144615479932,-0.7581314669530279
1715943871.3915772,0.0,0.0,0.0,1715943871.4002967,0.0,0.0,0.0,1715943871.3915772,0.014054537900481223,-0.018475417671691252,-0.37400540200927096,1715943871.7102392,0.0141883712287312,0.0178718029856606,0.009467180436449627,1715943871.641791,0.006958506805117596,0.0032148113254848454,0.006520682279803784,1715943871.5702622,0.021562269998078865,-0.036103447340719796,-0.7553782167187393
1715943871.4002967,0.0,0.0,0.0,1715943871.4103384,0.0,0.0,0.0,1715943871.4002967,0.01224860110672027,-0.018070459996698762,-0.37514725671604215,1715943871.720261,0.005104021116427721,0.005840866024511948,0.013168366801570845,1715943871.6503386,0.010752677321095973,0.012833951053847548,0.015767837961235053,1715943871.641791,0.025443841707760928,-0.035124268679557646,-0.7341533991711913
1715943871.4103384,0.0,0.0,0.0,1715943871.4802566,0.0,0.0,0.0,1715943871.4103384,0.010183719062562824,-0.01802669683820879,-0.37667315502473814,1715943871.730404,0.01290237477212946,0.0017644657186091095,0.017735528163107136,1715943871.660244,0.014227161060874408,0.0043783643268573424,0.012642610087994294,1715943871.6503386,0.02615283263571877,-0.033434503090444156,-0.7318686052874703
1715943871.4802566,0.0,0.0,0.0,1715943871.4923875,0.0,0.0,0.0,1715943871.4802566,0.002987330256146087,-0.027584779033828832,-0.3891472045823273,1715943871.7402842,0.011860631747938385,0.011199519578308337,0.008305618596642906,1715943871.6804032,0.0014092412055912236,0.014237996577886936,0.0064357564070752216,1715943871.660244,0.02729939204896814,-0.03152115069898698,-0.7291981806202124
1715943871.4923875,0.0,0.0,0.0,1715943871.5004394,0.0,0.0,0.0,1715943871.4923875,0.00495253346936958,-0.02979742456556811,-0.3918736963604343,1715943871.7502813,0.006183900431681376,0.002458998298251691,0.014255011394808694,1715943871.6902442,0.01494483291143027,0.009277715977196843,0.0003552299180103564,1715943871.6804032,0.03201424778282558,-0.030999529953451566,-0.7239717057280313
1715943871.5004394,0.0,0.0,0.0,1715943871.5103009,0.0,0.0,0.0,1715943871.5004394,0.0037859303357014595,-0.03047167241728399,-0.3937484960799966,1715943871.7602513,0.019348951440241298,0.0068805893583980815,0.01583754515569536,1715943871.700268,0.015920934688998047,0.0068474372022759855,0.004449420699542698,1715943871.6902442,0.03434019407548794,-0.029727460789525928,-0.7213579524903153
1715943871.5103009,0.0,0.0,0.0,1715943871.5202622,0.0,0.0,0.0,1715943871.5103009,0.00461783377815253,-0.029393679136121342,-0.3962883112912269,1715943871.7703326,0.019724211593236524,0.007231247589968959,0.017412323338225306,1715943871.7102392,0.0141883712287312,0.0178718029856606,0.009467180436449627,1715943871.700268,0.03316408914460345,-0.030293164320774002,-0.71874308079909
1715943871.5202622,0.0,0.0,0.0,1715943871.5302975,0.0,0.0,0.0,1715943871.5202622,0.006233094377667725,-0.02976232896372477,-0.3990524746747303,1715943871.7804368,0.016526954571225428,0.00668984333949707,0.004248087937323147,1715943871.720261,0.005104021116427721,0.005840866024511948,0.013168366801570845,1715943871.7102392,0.03176723957133154,-0.029651357979217252,-0.7160335737248307
1715943871.5302975,0.0,0.0,0.0,1715943871.6003387,0.0,0.0,0.0,1715943871.5302975,0.007965009559277758,-0.030536157342645476,-0.4020064077507132,1715943871.7902777,0.004799439162033137,0.010896068353685395,0.0032811583815746384,1715943871.730404,0.01290237477212946,0.0017644657186091095,0.017735528163107136,1715943871.720261,0.030728898040086605,-0.029014421859293593,-0.7132727843924247
1715943871.6003387,0.0,0.0,0.0,1715943871.6102438,0.0,0.0,0.0,1715943871.6003387,-0.006393802957406353,-0.02823475047940649,-0.4220270578383494,1715943871.8002834,0.005713191077134648,0.010608470260778935,0.0021405432183484044,1715943871.7402842,0.011860631747938385,0.011199519578308337,0.008305618596642906,1715943871.730404,0.029716179132143417,-0.02746384508586175,-0.7105110638070053
1715943871.6102438,0.0,0.0,0.0,1715943871.6202595,0.0,0.0,0.0,1715943871.6102438,-0.006432562873083664,-0.026160404188382502,-0.424694852607821,1715943871.8102467,0.007862038641183304,0.00903621814509914,0.0014222133827031594,1715943871.7502813,0.006183900431681376,0.002458998298251691,0.014255011394808694,1715943871.7402842,0.02824146162546226,-0.02662851042368497,-0.7075572023692516
1715943871.6202595,0.0,0.0,0.0,1715943871.630403,0.0,0.0,0.0,1715943871.6202595,-0.007597489403056573,-0.025337961752834426,-0.4274152003981967,1715943871.820341,0.0023702237875307987,0.0008506841637125895,0.008478962673306254,1715943871.7602513,0.019348951440241298,0.0068805893583980815,0.01583754515569536,1715943871.7502813,0.027238948223507364,-0.02543621906424498,-0.7046470389810491
1715943871.630403,0.0,0.0,0.0,1715943871.6402442,0.0,0.0,0.0,1715943871.630403,-0.009178250706815633,-0.025041265599390128,-0.4301090004287911,1715943871.8303344,0.014169105729416423,0.004596055377094288,0.007246983564207403,1715943871.7703326,0.019724211593236524,0.007231247589968959,0.017412323338225306,1715943871.7602513,0.024357804295985996,-0.02545674395019626,-0.7019377409661054
1715943871.6402442,0.0,0.0,0.0,1715943871.650268,0.0,0.0,0.0,1715943871.6402442,-0.010016448884531765,-0.023963600329041768,-0.4327076891030778,1715943871.841909,0.005766774683571515,0.010244773818568476,0.01682805422481024,1715943871.7804368,0.016526954571225428,0.00668984333949707,0.004248087937323147,1715943871.7703326,0.022701248979946964,-0.024835990849156886,-0.699187555255607
1715943871.650268,0.0,0.0,0.0,1715943871.660239,0.0,0.0,0.0,1715943871.650268,-0.007610574824536587,-0.025022760086676588,-0.43538967024532726,1715943871.8502748,0.014911191020678498,0.00531826449672157,0.01887377050079552,1715943871.7902777,0.004799439162033137,0.010896068353685395,0.0032811583815746384,1715943871.7804368,0.024751941157236335,-0.02568960716206714,-0.696744804393358
1715943871.660239,0.0,0.0,0.0,1715943871.6702611,0.0,0.0,0.0,1715943871.660239,-0.005207798065442831,-0.024065817213491547,-0.4380051679323257,1715943871.8607543,0.00352267500030627,0.004775769791709017,0.006791425642809325,1715943871.8002834,0.005713191077134648,0.010608470260778935,0.0021405432183484044,1715943871.7902777,0.02560880518964792,-0.025526976014982994,-0.6945245012147989
1715943871.6702611,0.0,0.0,0.0,1715943871.680404,0.0,0.0,0.0,1715943871.6702611,-0.00245513032988387,-0.023029503308583443,-0.4407600069092752,1715943871.870283,0.004423062718074173,0.018415171826866583,0.009548765770857611,1715943871.8102467,0.007862038641183304,0.00903621814509914,0.0014222133827031594,1715943871.8002834,0.023851061157330822,-0.024953838421691188,-0.6924045588434335
1715943871.680404,0.0,0.0,0.0,1715943871.6902843,0.0,0.0,0.0,1715943871.680404,-0.0011649775982296995,-0.021160851948920145,-0.44347924182817255,1715943871.8802447,0.010601950689121505,0.01562403246182198,0.019768027586367018,1715943871.820341,0.0023702237875307987,0.0008506841637125895,0.008478962673306254,1715943871.8102467,0.026139143387674757,-0.02405526121362489,-0.690507801679078
1715943871.6902843,0.0,0.0,0.0,1715943871.7002814,0.0,0.0,0.0,1715943871.6902843,0.000399132104105554,-0.019882870172055478,-0.4462973269213507,1715943871.9004028,0.00020026385275994166,0.00551538028545373,0.009073032770492725,1715943871.8303344,0.014169105729416423,0.004596055377094288,0.007246983564207403,1715943871.820341,0.02775718809933725,-0.0233327212869614,-0.688897736045555
1715943871.7002814,0.0,0.0,0.0,1715943871.7102513,0.0,0.0,0.0,1715943871.7002814,0.001382078128614156,-0.018294265370818463,-0.449231814060729,1715943871.910274,0.007265288848881114,0.0066479914853019295,0.018994082998743996,1715943871.841909,0.005766774683571515,0.010244773818568476,0.01682805422481024,1715943871.8303344,0.026185690112223714,-0.0225044361439799,-0.6875670766361637
1715943871.7102513,0.0,0.0,0.0,1715943871.7203326,0.0,0.0,0.0,1715943871.7102513,0.0024433149083724626,-0.01812990246982138,-0.4519431265791587,1715943871.9203048,0.014229229299454502,0.017951808580956463,0.016256978080719242,1715943871.8502748,0.014911191020678498,0.00531826449672157,0.01887377050079552,1715943871.841909,0.02466233587304778,-0.021982098273030992,-0.6861674045042729
1715943871.7203326,0.0,0.0,0.0,1715943871.7304368,0.0,0.0,0.0,1715943871.7203326,0.004026478117106019,-0.017225128835170134,-0.4546195868060374,1715943871.930316,0.007681921209950217,0.0030892626985401517,0.008390432961556402,1715943871.8607543,0.00352267500030627,0.004775769791709017,0.006791425642809325,1715943871.8502748,0.026025674461389592,-0.02094459039376506,-0.6855061740965009
1715943871.7304368,0.0,0.0,0.0,1715943871.7402778,0.0,0.0,0.0,1715943871.7304368,0.002071357083157477,-0.01782086838900554,-0.4570753132837594,1715943871.9404407,0.014528066905057733,0.018730017466441096,0.011280648589626786,1715943871.870283,0.004423062718074173,0.018415171826866583,0.009548765770857611,1715943871.8607543,0.02397373231071942,-0.021549876383306632,-0.6846270496375864
1715943871.7402778,0.0,0.0,0.0,1715943871.7502835,0.0,0.0,0.0,1715943871.7402778,-0.0007774131712217636,-0.017626296414261056,-0.4593628233624281,1715943871.9502728,0.010173379493426643,0.00317048320280211,0.010959120714650303,1715943871.8802447,0.010601950689121505,0.01562403246182198,0.019768027586367018,1715943871.870283,0.022908279921005636,-0.02156807003586625,-0.6837878979296104
1715943871.7502835,0.0,0.0,0.0,1715943871.7602468,0.0,0.0,0.0,1715943871.7502835,0.0010557424717976827,-0.016636200849625915,-0.4615174843498561,1715943871.960302,0.007009243885134393,0.0046945336201169585,0.017179908150010366,1715943871.9004028,0.00020026385275994166,0.00551538028545373,0.009073032770492725,1715943871.8802447,0.022547676782648907,-0.02408914790341421,-0.6831634262162689
1715943871.7602468,0.0,0.0,0.0,1715943871.7703412,0.0,0.0,0.0,1715943871.7602468,-0.0001493657274876936,-0.015840769193645077,-0.4634226347045363,1715943871.970419,0.002690428577836592,0.01925005476604924,0.016494333432747837,1715943871.910274,0.007265288848881114,0.0066479914853019295,0.018994082998743996,1715943871.9004028,0.019432917845342068,-0.026070633099959606,-0.6822225588730682
1715943871.7703412,0.0,0.0,0.0,1715943871.7803345,0.0,0.0,0.0,1715943871.7703412,-0.0022197797907731465,-0.015215311380970542,-0.4649862760223041,1715943871.9803603,0.006402675800329917,0.0013157122260163412,0.0017435873446322802,1715943871.9203048,0.014229229299454502,0.017951808580956463,0.016256978080719242,1715943871.910274,0.020125172414251935,-0.02837312779374379,-0.6817771969863795
1715943871.7803345,0.0,0.0,0.0,1715943871.791909,0.0,0.0,0.0,1715943871.7803345,-0.0006387559683401767,-0.014101767498195139,-0.46634674149553196,1715943871.9903424,0.006657977222108931,0.005075173386398957,0.002054547326211046,1715943871.930316,0.007681921209950217,0.0030892626985401517,0.008390432961556402,1715943871.9203048,0.019623724634889594,-0.03050572392687112,-0.681403670731811
1715943871.791909,0.0,0.0,0.0,1715943871.8002748,0.0,0.0,0.0,1715943871.791909,0.001987535973413085,-0.013014953817899189,-0.46768635448045626,1715943872.0003264,0.019066508984527136,0.0016975280832574047,0.00463099332241501,1715943871.9404407,0.014528066905057733,0.018730017466441096,0.011280648589626786,1715943871.930316,0.017800057655696033,-0.03175000744958978,-0.6810048518409815
1715943871.8002748,0.0,0.0,0.0,1715943871.8107543,0.0,0.0,0.0,1715943871.8002748,0.0007399289661446096,-0.012244750459002418,-0.46843751446714305,1715943872.0103278,0.008863501654037119,0.011082068884932905,0.008474943526042986,1715943871.9502728,0.010173379493426643,0.00317048320280211,0.010959120714650303,1715943871.9404407,0.016945296155600698,-0.033358445973929785,-0.6807609932139087
1715943871.8107543,0.0,0.0,0.0,1715943871.820283,0.0,0.0,0.0,1715943871.8107543,0.00277179656294288,-0.012722963388521968,-0.4693430946777126,1715943872.0202892,0.011606100707312068,0.010751644248005565,0.004780070476751053,1715943871.960302,0.007009243885134393,0.0046945336201169585,0.017179908150010366,1715943871.9502728,0.01910324499348981,-0.032860363057492625,-0.6807100530199639
1715943871.820283,0.0,0.0,0.0,1715943871.8302448,0.0,0.0,0.0,1715943871.820283,0.005261497451133634,-0.012549091875629026,-0.4702680258978264,1715943872.030317,0.0084289796797416,0.01987804002282645,0.0003665768691021717,1715943871.970419,0.002690428577836592,0.01925005476604924,0.016494333432747837,1715943871.960302,0.021058605937473107,-0.03279239095210351,-0.6804972208865436
1715943871.8302448,0.0,0.0,0.0,1715943871.840286,0.0,0.0,0.0,1715943871.8302448,0.0048617897968891155,-0.014974386675785434,-0.47094213957226305,1715943872.0414805,0.007834425124144485,0.01697155047340848,0.011819890541803157,1715943871.9803603,0.006402675800329917,0.0013157122260163412,0.0017435873446322802,1715943871.970419,0.019294763753880062,-0.03186508581173664,-0.6802969539142083
1715943871.840286,0.0,0.0,0.0,1715943871.8504028,0.0,0.0,0.0,1715943871.840286,0.006494753855730312,-0.015536830088068943,-0.47151074876723065,1715943872.050309,0.0033276233588711247,0.005801728291433106,0.01852500630423441,1715943871.9903424,0.006657977222108931,0.005075173386398957,0.002054547326211046,1715943871.9803603,0.019479236328552307,-0.03005715859795477,-0.6802385803216104
1715943871.8504028,0.0,0.0,0.0,1715943871.860274,0.0,0.0,0.0,1715943871.8504028,0.008858135555454116,-0.01645614731972911,-0.4721481274853851,1715943872.0603359,0.007807066930246164,0.019099885382235504,0.004317132954999866,1715943872.0003264,0.019066508984527136,0.0016975280832574047,0.00463099332241501,1715943871.9903424,0.021639900148830105,-0.02976802791798283,-0.6802907897658859
1715943871.860274,0.0,0.0,0.0,1715943871.8703048,0.0,0.0,0.0,1715943871.860274,0.008447196049595901,-0.018495433481605872,-0.4726137375408316,1715943872.0703351,0.00023515119501646246,0.01288184171640383,0.01005701211733214,1715943872.0103278,0.008863501654037119,0.011082068884932905,0.008474943526042986,1715943872.0003264,0.019768398137825383,-0.030721617458804307,-0.6802606270498455
1715943871.8703048,0.0,0.0,0.0,1715943871.880316,0.0,0.0,0.0,1715943871.8703048,0.008045712234406005,-0.020532480051079993,-0.47302984827001004,1715943872.080299,0.0008337197251464057,0.01793603154953205,0.0022120873493380808,1715943872.0202892,0.011606100707312068,0.010751644248005565,0.004780070476751053,1715943872.0103278,0.01825784097822103,-0.030550131867216113,-0.68015461843809
1715943871.880316,0.0,0.0,0.0,1715943871.8904407,0.0,0.0,0.0,1715943871.880316,0.009267074893613059,-0.022006513333377997,-0.4734241784423064,1715943872.0918353,0.01370876078306717,0.016579086757678052,0.00041403251396985793,1715943872.030317,0.0084289796797416,0.01987804002282645,0.0003665768691021717,1715943872.0202892,0.017027519289318338,-0.02992024790396397,-0.6801658589005619
1715943871.8904407,0.0,0.0,0.0,1715943871.9002726,0.0,0.0,0.0,1715943871.8904407,0.009526795664221877,-0.0238510927036113,-0.47369360047883835,1715943872.100294,0.011639935312196448,0.014144555510464674,0.005105912084333411,1715943872.0414805,0.007834425124144485,0.01697155047340848,0.011819890541803157,1715943872.030317,0.015485849476113867,-0.02928262113697233,-0.6801230603445685
1715943871.9002726,0.0,0.0,0.0,1715943871.9103022,0.0,0.0,0.0,1715943871.9002726,0.007782603197857618,-0.02354299868855092,-0.47383082324463655,1715943872.1103272,0.011726333421044075,0.00923636266555694,0.010754243129579963,1715943872.050309,0.0033276233588711247,0.005801728291433106,0.01852500630423441,1715943872.0414805,0.01318834187726603,-0.029331003023476576,-0.6801354803390094
1715943871.9103022,0.0,0.0,0.0,1715943871.920419,0.0,0.0,0.0,1715943871.9103022,0.005662154608501113,-0.02356007574787511,-0.4739791692714896,1715943872.1202805,0.011987564622450628,0.013367210988877831,0.0037388987337135587,1715943872.0603359,0.007807066930246164,0.019099885382235504,0.004317132954999866,1715943872.050309,0.011678877771186702,-0.029621099844639787,-0.6801173421998072
1715943871.920419,0.0,0.0,0.0,1715943871.9303603,0.0,0.0,0.0,1715943871.920419,0.007210608200997143,-0.022294151255188632,-0.4741483804872607,1715943872.130306,0.00926194816790113,0.014996067503072696,0.009366582836142012,1715943872.0703351,0.00023515119501646246,0.01288184171640383,0.01005701211733214,1715943872.0603359,0.01294038828864652,-0.03153852126718104,-0.6800430358245872
1715943871.9303603,0.0,0.0,0.0,1715943871.9403424,0.0,0.0,0.0,1715943871.9303603,0.006920227469852963,-0.02051723148197082,-0.47418374203365277,1715943872.1402807,0.017186784075875337,0.017980302373514556,0.010850267035791868,1715943872.080299,0.0008337197251464057,0.01793603154953205,0.0022120873493380808,1715943872.0703351,0.010575953794483617,-0.03173513091261171,-0.680100864812915
1715943871.9403424,0.0,0.0,0.0,1715943871.9503264,0.0,0.0,0.0,1715943871.9403424,0.005086501486275041,-0.020377702835283173,-0.4742122453069131,1715943872.1503553,0.0075768524253013655,0.0003751109486862525,0.007208545723449197,1715943872.0918353,0.01370876078306717,0.016579086757678052,0.00041403251396985793,1715943872.080299,0.008859106505060943,-0.032598615142257925,-0.6799090617628414
1715943871.9503264,0.0,0.0,0.0,1715943871.9603279,0.0,0.0,0.0,1715943871.9503264,0.005567329122784903,-0.022503067105174912,-0.47430002376578123,1715943872.1604176,0.014951041115711593,0.01145490816954342,0.007298247471313036,1715943872.100294,0.011639935312196448,0.014144555510464674,0.005105912084333411,1715943872.0918353,0.009933600507573193,-0.03052475211334249,-0.6798217601522101
1715943871.9603279,0.0,0.0,0.0,1715943871.9702892,0.0,0.0,0.0,1715943871.9603279,0.007825281186850608,-0.02202129691873078,-0.47437370955284336,1715943872.18033,0.007109955369552823,0.013680180299341371,0.0024984851546244026,1715943872.1103272,0.011726333421044075,0.00923636266555694,0.010754243129579963,1715943872.100294,0.008000465238644505,-0.02980709643099777,-0.6796231013775813
1715943871.9702892,0.0,0.0,0.0,1715943871.980317,0.0,0.0,0.0,1715943871.9702892,0.006581011511319151,-0.02112201082761045,-0.47435231536867584,1715943872.1903236,0.009465542535691589,0.013811004443088803,0.005959142406285802,1715943872.1202805,0.011987564622450628,0.013367210988877831,0.0037388987337135587,1715943872.1103272,0.0078045709832741395,-0.028016392661235123,-0.6794723879375351
1715943871.980317,0.0,0.0,0.0,1715943871.9914806,0.0,0.0,0.0,1715943871.980317,0.00799651535083451,-0.02003093341945683,-0.47439065326587443,1715943872.2003133,0.008987630782899067,0.015053319481211469,0.006670046432502215,1715943872.130306,0.00926194816790113,0.014996067503072696,0.009366582836142012,1715943872.1202805,0.00992186617152191,-0.027727597431926654,-0.6794514402662255
1715943871.9914806,0.0,0.0,0.0,1715943872.000309,0.0,0.0,0.0,1715943871.9914806,0.010004221886252967,-0.020128073176914674,-0.47439476313466755,1715943872.210322,0.014371562157779908,0.01845143058789822,0.01782558725686661,1715943872.1402807,0.017186784075875337,0.017980302373514556,0.010850267035791868,1715943872.130306,0.009919053177323889,-0.026040813310853173,-0.6792435316431318
1715943872.000309,0.0,0.0,0.0,1715943872.010336,0.0,0.0,0.0,1715943872.000309,0.011975711087533064,-0.020500652603339997,-0.4745162623428971,1715943872.2202923,0.002599583328751167,0.002843620236855582,0.006344292046319633,1715943872.1503553,0.0075768524253013655,0.0003751109486862525,0.007208545723449197,1715943872.1402807,0.00901848243381842,-0.024961166611462637,-0.6791375162304352
1715943872.010336,0.0,0.0,0.0,1715943872.0203352,0.0,0.0,0.0,1715943872.010336,0.010378658210238367,-0.021891773510285262,-0.4745945740619924,1715943872.2303839,0.01655612968258386,0.011675461947744603,0.010441567206832371,1715943872.1604176,0.014951041115711593,0.01145490816954342,0.007298247471313036,1715943872.1503553,0.011207580596490185,-0.02583016167864227,-0.679064330011105
1715943872.0203352,0.0,0.0,0.0,1715943872.030299,0.0,0.0,0.0,1715943872.0203352,0.011880427281002442,-0.022406287620476695,-0.4746668846956361,1715943872.2404735,0.0029768234038407807,0.012385301841560281,0.006842279014957601,1715943872.18033,0.007109955369552823,0.013680180299341371,0.0024984851546244026,1715943872.1604176,0.01296682637697355,-0.02749483170375977,-0.6790421761707712
1715943872.030299,0.0,0.0,0.0,1715943872.0418353,0.0,0.0,0.0,1715943872.030299,0.01209503647295751,-0.024186051705505696,-0.4748075439442262,1715943872.2503142,0.014319550949117837,0.0014613874345843492,0.0030655882147654183,1715943872.1903236,0.009465542535691589,0.013811004443088803,0.005959142406285802,1715943872.18033,0.010891381992621074,-0.031033068649466866,-0.6791576686144936
1715943872.0418353,0.0,0.0,0.0,1715943872.0502942,0.0,0.0,0.0,1715943872.0418353,0.010219171798974719,-0.02233524428738054,-0.4749724456404255,1715943872.2602994,0.007787961971573373,0.0148699451719847,0.017273165226457582,1715943872.2003133,0.008987630782899067,0.015053319481211469,0.006670046432502215,1715943872.1903236,0.010845773890145072,-0.033110422433264786,-0.6792180025719503
1715943872.0502942,0.0,0.0,0.0,1715943872.0603273,0.0,0.0,0.0,1715943872.0502942,0.011294636856641893,-0.021479262929901655,-0.4751174641093492,1715943872.270314,0.001122407659038926,0.01524078601743617,0.007232892794639347,1715943872.210322,0.014371562157779908,0.01845143058789822,0.01782558725686661,1715943872.2003133,0.0106464025651829,-0.03490128797050196,-0.6793364320141588
1715943872.0603273,0.0,0.0,0.0,1715943872.0702806,0.0,0.0,0.0,1715943872.0603273,0.011278959271194933,-0.019433785689142224,-0.4752499020064451,1715943872.2902937,0.001671210299488426,0.01757220430048645,0.0036383835668287886,1715943872.2202923,0.002599583328751167,0.002843620236855582,0.006344292046319633,1715943872.210322,0.008900788513781066,-0.03502661182168776,-0.6792133215410461
1715943872.0702806,0.0,0.0,0.0,1715943872.080306,0.0,0.0,0.0,1715943872.0702806,0.009280202625767425,-0.01912270776216385,-0.47538083909388373,1715943872.3003552,0.014061894876310741,0.005140680596722902,0.0012417646419201449,1715943872.2303839,0.01655612968258386,0.011675461947744603,0.010441567206832371,1715943872.2202923,0.010903763695394808,-0.03306096784702417,-0.6792565951981802
1715943872.080306,0.0,0.0,0.0,1715943872.0902805,0.0,0.0,0.0,1715943872.080306,0.008210151328960608,-0.017426446545101948,-0.47556910212470527,1715943872.310321,0.01665465576551116,0.01041750905580452,0.018819676372052993,1715943872.2404735,0.0029768234038407807,0.012385301841560281,0.006842279014957601,1715943872.2303839,0.01175975356506509,-0.03132630998447361,-0.6792433786194012
1715943872.0902805,0.0,0.0,0.0,1715943872.1003554,0.0,0.0,0.0,1715943872.0902805,0.009515813427264153,-0.01610848704302903,-0.47575978730250096,1715943872.330321,0.005237734384193375,0.0054683409662703575,0.0182825955000973,1715943872.2503142,0.014319550949117837,0.0014613874345843492,0.0030655882147654183,1715943872.2404735,0.010502311940013609,-0.030033479585058087,-0.6791690196386391
1715943872.1003554,0.0,0.0,0.0,1715943872.1104174,0.0,0.0,0.0,1715943872.1003554,0.007739001133554052,-0.016861367920905757,-0.47580279633488565,1715943872.4415355,0.008957855325284779,0.012374677777518439,0.015792291738189766,1715943872.2602994,0.007787961971573373,0.0148699451719847,0.017273165226457582,1715943872.2503142,0.011606985722975693,-0.028761617143259866,-0.6790856123032079
1715943872.1104174,0.0,0.0,0.0,1715943872.1202838,0.0,0.0,0.0,1715943872.1104174,0.0058971408593274655,-0.018331972280108744,-0.4758465601482154,1715943872.4503357,0.015458636150445912,0.010898247477991285,0.0008306408807324337,1715943872.270314,0.001122407659038926,0.01524078601743617,0.007232892794639347,1715943872.2602994,0.01359905062978406,-0.028542572737846328,-0.6790251474092104
1715943872.1202838,0.0,0.0,0.0,1715943872.13033,0.0,0.0,0.0,1715943872.1202838,0.006325459885744511,-0.020589593661641592,-0.47589395359890035,1715943872.4703138,0.001281014714996932,0.0175659604629117,0.018731762891854353,1715943872.2902937,0.001671210299488426,0.01757220430048645,0.0036383835668287886,1715943872.270314,0.01139165722193436,-0.02892326719902849,-0.6789073782617212
1715943872.13033,0.0,0.0,0.0,1715943872.1403234,0.0,0.0,0.0,1715943872.13033,0.007530010631235817,-0.02244134567268863,-0.475889368219202,1715943872.4803345,0.01958745554736617,0.01402737533014009,0.015911610067234593,1715943872.3003552,0.014061894876310741,0.005140680596722902,0.0012417646419201449,1715943872.2902937,0.010735342017957006,-0.03324095740423427,-0.6789800069568503
1715943872.1403234,0.0,0.0,0.0,1715943872.1503134,0.0,0.0,0.0,1715943872.1403234,0.0076817321470485644,-0.024395111956227566,-0.47590839424743736,1715943872.4903116,0.0014568793312127303,0.019782837504154882,0.0028826724670585075,1715943872.310321,0.01665465576551116,0.01041750905580452,0.018819676372052993,1715943872.3003552,0.008437001155780166,-0.03303978258096629,-0.6789612051352707
1715943872.1503134,0.0,0.0,0.0,1715943872.160322,0.0,0.0,0.0,1715943872.1503134,0.007096735496932766,-0.02602279798524476,-0.47587551049790167,1715943872.5003374,0.008470065628461542,0.000551862088802535,0.0023371972490415093,1715943872.330321,0.005237734384193375,0.0054683409662703575,0.0182825955000973,1715943872.310321,0.006922672071901115,-0.03357710998450347,-0.6789958997262975
1715943872.160322,0.0,0.0,0.0,1715943872.1702924,0.0,0.0,0.0,1715943872.160322,0.008959524783482165,-0.026396559313073498,-0.4759930222422441,1715943872.5103607,0.011803402366343406,0.015043398921549489,0.004358656197324099,1715943872.4415355,0.008957855325284779,0.012374677777518439,0.015792291738189766,1715943872.330321,0.00891358283954835,-0.029786779421056897,-0.6788339956486542
1715943872.1702924,0.0,0.0,0.0,1715943872.180384,0.0,0.0,0.0,1715943872.1702924,0.00826162337958622,-0.02466206469864507,-0.47603331907689506,1715943872.5203092,0.0047701614736043235,0.004531220364636601,0.0002645686367230265,1715943872.4503357,0.015458636150445912,0.010898247477991285,0.0008306408807324337,1715943872.4415355,0.007995509823590208,-0.03101928565540013,-0.6759179746092894
1715943872.180384,0.0,0.0,0.0,1715943872.1904736,0.0,0.0,0.0,1715943872.180384,0.007057377827748679,-0.02298880519746338,-0.47603904132892766,1715943872.5303574,0.00956427539990354,0.01812315129871145,0.008783979771595533,1715943872.4703138,0.001281014714996932,0.0175659604629117,0.018731762891854353,1715943872.4503357,0.010130100692689492,-0.0317402214069753,-0.6755338550823087
1715943872.1904736,0.0,0.0,0.0,1715943872.200314,0.0,0.0,0.0,1715943872.1904736,0.008227039113133688,-0.021511677176806243,-0.4761821593489821,1715943872.5408466,0.0035684188592915384,0.010213365117914375,0.008449787147989642,1715943872.4803345,0.01958745554736617,0.01402737533014009,0.015911610067234593,1715943872.4703138,0.0103029837120725,-0.02878404622564923,-0.6739923034053579
1715943872.200314,0.0,0.0,0.0,1715943872.2102995,0.0,0.0,0.0,1715943872.200314,0.008237680991296875,-0.020130510141729063,-0.47633271185385373,1715943872.5603387,0.017231558703540286,0.015178930262311319,0.01026148404444921,1715943872.4903116,0.0014568793312127303,0.019782837504154882,0.0028826724670585075,1715943872.4803345,0.00915990258482724,-0.02793494904791083,-0.6733404612388689
1715943872.2102995,0.0,0.0,0.0,1715943872.220314,0.0,0.0,0.0,1715943872.2102995,0.006548553440480165,-0.019942811555855755,-0.4764385173476181,1715943872.5703862,0.013757692475382137,0.01597836390550489,0.007434544104966514,1715943872.5003374,0.008470065628461542,0.000551862088802535,0.0023371972490415093,1715943872.4903116,0.007494061979533395,-0.028462265926772812,-0.6723744204540978
1715943872.220314,0.0,0.0,0.0,1715943872.2303362,0.0,0.0,0.0,1715943872.220314,0.008168766764725666,-0.020307258290640506,-0.47664520061330967,1715943872.5803556,0.0012077844425032861,0.00272573347872318,0.0016905573393696405,1715943872.5103607,0.011803402366343406,0.015043398921549489,0.004358656197324099,1715943872.5003374,0.006955918323000798,-0.02724172068791697,-0.671456473093885
1715943872.2303362,0.0,0.0,0.0,1715943872.2402937,0.0,0.0,0.0,1715943872.2303362,0.0105859832403839,-0.02191054662761993,-0.47681887264486783,1715943872.5903823,0.009388744119037255,0.011272447820212639,0.003014945229252509,1715943872.5203092,0.0047701614736043235,0.004531220364636601,0.0002645686367230265,1715943872.5103607,0.009072652668821402,-0.028505609951433364,-0.6704813749854246
1715943872.2402937,0.0,0.0,0.0,1715943872.2503552,0.0,0.0,0.0,1715943872.2402937,0.010197577359624371,-0.023935950096438896,-0.4768382692709541,1715943872.6003218,0.0035716659675265167,0.0020391124841447894,0.0025705645046899023,1715943872.5303574,0.00956427539990354,0.01812315129871145,0.008783979771595533,1715943872.5203092,0.007137881727491635,-0.02946333582950711,-0.6693082426443446
1715943872.2503552,0.0,0.0,0.0,1715943872.2603211,0.0,0.0,0.0,1715943872.2503552,0.01171859691154617,-0.023536373294358315,-0.47687106107839417,1715943872.620357,0.004399904672452003,0.004722724692653557,0.005784115430061337,1715943872.5408466,0.0035684188592915384,0.010213365117914375,0.008449787147989642,1715943872.5303574,0.005590963907609492,-0.03056450087946483,-0.6681611084675012
1715943872.2603211,0.0,0.0,0.0,1715943872.2703104,0.0,0.0,0.0,1715943872.2603211,0.013612087774178189,-0.02424205355286424,-0.47694937307862095,1715943872.6303449,0.0009840072960844819,0.013711486653008587,0.012630004802050815,1715943872.5603387,0.017231558703540286,0.015178930262311319,0.01026148404444921,1715943872.5408466,0.003407482398682493,-0.0310918658688355,-0.6669551674333754
1715943872.2703104,0.0,0.0,0.0,1715943872.2803211,0.0,0.0,0.0,1715943872.2703104,0.012034070935153823,-0.02284884693082989,-0.47698357784184886,1715943872.6413956,0.006323230984242814,0.0009635200518680609,0.0024004928427779166,1715943872.5703862,0.013757692475382137,0.01597836390550489,0.007434544104966514,1715943872.5603387,0.00663746020821776,-0.028910886187790696,-0.6652936857228253
1715943872.2803211,0.0,0.0,0.0,1715943872.4105277,0.0,0.0,0.0,1715943872.2803211,0.010141439349229203,-0.02107826551859926,-0.47706907162331236,1715943872.660401,0.009373772649989336,0.007187943449793899,0.01198286622193992,1715943872.5803556,0.0012077844425032861,0.00272573347872318,0.0016905573393696405,1715943872.5703862,0.004347290516889313,-0.0282909259133739,-0.6643414509933478
1715943872.4105277,0.0,0.0,0.0,1715943872.4203138,0.0,0.0,0.0,1715943872.4105277,0.005333031028590979,-0.02164803652718561,-0.4814323786086294,1715943872.670402,0.004407739718215081,0.007734469550051193,0.000902112349490204,1715943872.5903823,0.009388744119037255,0.011272447820212639,0.003014945229252509,1715943872.5803556,0.00229220418284104,-0.027780686133612287,-0.6634711524244228
1715943872.4203138,0.0,0.0,0.0,1715943872.4303346,0.0,0.0,0.0,1715943872.4203138,0.0063559050084933955,-0.019967031367513766,-0.4821650494936254,1715943872.680422,0.0010232352801670347,0.019559208865177258,0.0006567451921553514,1715943872.6003218,0.0035716659675265167,0.0020391124841447894,0.0025705645046899023,1715943872.5903823,0.004888385021346586,-0.027730934030751664,-0.6626233373775454
1715943872.4303346,0.0,0.0,0.0,1715943872.4403117,0.0,0.0,0.0,1715943872.4303346,0.007223675578315908,-0.018389540155381967,-0.4828874145425536,1715943872.6904058,0.0050098653425869775,0.008701254968939365,0.016298737338773257,1715943872.620357,0.004399904672452003,0.004722724692653557,0.005784115430061337,1715943872.6003218,0.0064554991040797205,-0.027682367752408288,-0.6619294789615013
1715943872.4403117,0.0,0.0,0.0,1715943872.4503374,0.0,0.0,0.0,1715943872.4403117,0.009209976583665513,-0.01965159180903364,-0.48381408154814787,1715943872.7103872,0.007321217455771647,0.01876982104120062,0.0035911081655094048,1715943872.6303449,0.0009840072960844819,0.013711486653008587,0.012630004802050815,1715943872.620357,0.010263584794683922,-0.0296694399936257,-0.6601633101971034
1715943872.4503374,0.0,0.0,0.0,1715943872.4603608,0.0,0.0,0.0,1715943872.4503374,0.008689218073516608,-0.018173625833266316,-0.4847093560231741,1715943872.7205226,0.0019681708121494093,0.018606305196633643,0.011798189916703346,1715943872.6413956,0.006323230984242814,0.0009635200518680609,0.0024004928427779166,1715943872.6303449,0.012483146217357799,-0.02934453516847313,-0.6592810611953075
1715943872.4603608,0.0,0.0,0.0,1715943872.470309,0.0,0.0,0.0,1715943872.4603608,0.0070033058712611895,-0.01902525245894604,-0.485741253032348,1715943872.7303584,0.015861791527951894,0.01105501406763576,0.009935735564737112,1715943872.660401,0.009373772649989336,0.007187943449793899,0.01198286622193992,1715943872.6413956,0.009981744959245642,-0.029190377552428037,-0.6583008647433282
1715943872.470309,0.0,0.0,0.0,1715943872.4803574,0.0,0.0,0.0,1715943872.470309,0.008701560106329748,-0.020104713766882165,-0.48684945660442247,1715943872.7503333,0.019979854439909496,0.014505374443124275,0.012400389013563514,1715943872.670402,0.004407739718215081,0.007734469550051193,0.000902112349490204,1715943872.660401,0.014461108552827007,-0.029497246067534455,-0.657037476228429
1715943872.4803574,0.0,0.0,0.0,1715943872.4908466,0.0,0.0,0.0,1715943872.4803574,0.010556650662744055,-0.02121671531002778,-0.48797978166932954,1715943872.7603924,0.0022432646107972123,0.0011155589685618583,0.0001425961237708042,1715943872.680422,0.0010232352801670347,0.019559208865177258,0.0006567451921553514,1715943872.670402,0.012256984503653978,-0.02923020520547559,-0.6564702921959658
1715943872.4908466,0.0,0.0,0.0,1715943872.5003197,0.0,0.0,0.0,1715943872.4908466,0.012310692208101243,-0.021900550169166033,-0.48920460091934803,1715943872.7705328,0.007911665208815128,0.0016846019590617267,0.00902634520490052,1715943872.6904058,0.0050098653425869775,0.008701254968939365,0.016298737338773257,1715943872.680422,0.010753128953994828,-0.029116819963477925,-0.6559139828916241
1715943872.5003197,0.0,0.0,0.0,1715943872.5103388,0.0,0.0,0.0,1715943872.5003197,0.010674850505081379,-0.020623919384660905,-0.4902293709104108,1715943872.7803578,0.01084196136733321,0.012852506056462154,0.0029061479453053136,1715943872.7103872,0.007321217455771647,0.01876982104120062,0.0035911081655094048,1715943872.6904058,0.01326689040036344,-0.028818661718711613,-0.6556599086737513
1715943872.5103388,0.0,0.0,0.0,1715943872.520386,0.0,0.0,0.0,1715943872.5103388,0.008751463127365078,-0.019605027271628606,-0.4911888134957655,1715943872.790402,0.011803871003266388,0.01676163756429161,0.017972236781752332,1715943872.7205226,0.0019681708121494093,0.018606305196633643,0.011798189916703346,1715943872.7103872,0.00964582927047708,-0.0281749074960449,-0.6547459418305541
1715943872.520386,0.0,0.0,0.0,1715943872.5303557,0.0,0.0,0.0,1715943872.520386,0.010189051640500574,-0.01855711914369662,-0.49214267451889204,1715943872.8204145,0.013280030149294152,0.0120595951873117,0.01974912215917348,1715943872.7303584,0.015861791527951894,0.01105501406763576,0.009935735564737112,1715943872.7205226,0.009427055016580255,-0.029917287331522324,-0.6543960795242523
1715943872.5303557,0.0,0.0,0.0,1715943872.5403824,0.0,0.0,0.0,1715943872.5303557,0.011957711762353967,-0.01792980404159228,-0.4929934750663111,1715943872.8303792,0.005672770573521129,0.0018172643341540784,0.0010310570451448546,1715943872.7503333,0.019979854439909496,0.014505374443124275,0.012400389013563514,1715943872.7303584,0.011318557790204409,-0.030130653249642814,-0.6544279618848279
1715943872.5403824,0.0,0.0,0.0,1715943872.5503218,0.0,0.0,0.0,1715943872.5403824,0.010444429102725972,-0.017821153555802827,-0.4938292989290885,1715943872.870385,0.0038791146085901925,0.007184773079213835,0.0037667182322537367,1715943872.7603924,0.0022432646107972123,0.0011155589685618583,0.0001425961237708042,1715943872.7503333,0.0074074999477513614,-0.028581241903352428,-0.6540488956716421
1715943872.5503218,0.0,0.0,0.0,1715943872.5913956,0.0,0.0,0.0,1715943872.5503218,0.008022090093488726,-0.017687718678573106,-0.4946058345472638,1715943872.8803654,0.002115926625982546,0.006263348851399231,0.012497614436124951,1715943872.7705328,0.007911665208815128,0.0016846019590617267,0.00902634520490052,1715943872.7603924,0.009039441979695972,-0.027160001439962,-0.6538321357706831
1715943872.5913956,0.0,0.0,0.0,1715943872.6003497,0.0,0.0,0.0,1715943872.5913956,0.005777501114935579,-0.018406357129816087,-0.4984795711920811,1715943872.8903916,0.005834925728639372,0.015294665555506182,0.0181205761704959,1715943872.7803578,0.01084196136733321,0.012852506056462154,0.0029061479453053136,1715943872.7705328,0.010820062292880461,-0.026837039453774247,-0.6536612492850242
1715943872.6003497,0.0,0.0,0.0,1715943872.6104012,0.0,0.0,0.0,1715943872.6003497,0.008600301890527656,-0.018577335132537343,-0.4992076314578151,1715943872.9103787,0.004269744076145081,0.0004259274706530647,0.0027358329766259443,1715943872.790402,0.011803871003266388,0.01676163756429161,0.017972236781752332,1715943872.7803578,0.011545675615301842,-0.025592296066432763,-0.6534176500249682
1715943872.6104012,0.0,0.0,0.0,1715943872.620402,0.0,0.0,0.0,1715943872.6104012,0.006946045743869617,-0.018637754968920284,-0.49993525895877233,1715943872.920405,0.014233968154348648,0.004746854188254046,0.01363504346551828,1715943872.8204145,0.013280030149294152,0.0120595951873117,0.01974912215917348,1715943872.790402,0.010449326307694129,-0.024850535809717522,-0.6531012171858492
1715943872.620402,0.0,0.0,0.0,1715943872.630422,0.0,0.0,0.0,1715943872.620402,0.00855568391612449,-0.01827811015967251,-0.5005431308396195,1715943872.9405026,0.007783782007261751,0.003388816730832911,0.011217179569343353,1715943872.8303792,0.005672770573521129,0.0018172643341540784,0.0010310570451448546,1715943872.8204145,0.012279225606090627,-0.02713513778349519,-0.6524248587576276
1715943872.630422,0.0,0.0,0.0,1715943872.640406,0.0,0.0,0.0,1715943872.630422,0.010925514661858204,-0.018021352519599576,-0.5011014940955365,1715943872.9503827,0.000261908382804198,0.0030421396197943817,0.009720320001451802,1715943872.870385,0.0038791146085901925,0.007184773079213835,0.0037667182322537367,1715943872.8303792,0.011246563462665282,-0.02657856585784457,-0.6521226791241101
1715943872.640406,0.0,0.0,0.0,1715943872.6503477,0.0,0.0,0.0,1715943872.640406,0.009425350902093371,-0.018308875374868805,-0.5014422247576413,1715943872.9604602,0.006503390073027155,0.00671626945167203,0.0013726617911358052,1715943872.8803654,0.002115926625982546,0.006263348851399231,0.012497614436124951,1715943872.870385,0.007187845974517604,-0.03101514808363337,-0.6519308655629512
1715943872.6503477,0.0,0.0,0.0,1715943872.6603873,0.0,0.0,0.0,1715943872.6503477,0.010878006199599916,-0.018502025315961346,-0.5017972752614515,1715943872.9705343,0.017693788269667048,0.015846011899589563,0.0006103696307919598,1715943872.8903916,0.005834925728639372,0.015294665555506182,0.0181205761704959,1715943872.8803654,0.005123871260948931,-0.03128272967675372,-0.6519066391288915
1715943872.6603873,0.0,0.0,0.0,1715943872.6705227,0.0,0.0,0.0,1715943872.6603873,0.012935523204920918,-0.018053850762006274,-0.5022206998855931,1715943872.990439,0.003054008392461608,0.003243173486770612,0.0010499477643289192,1715943872.9103787,0.004269744076145081,0.0004259274706530647,0.0027358329766259443,1715943872.8903916,0.0033729382071903125,-0.031282367265671907,-0.6518602318339717
1715943872.6705227,0.0,0.0,0.0,1715943872.6803582,0.0,0.0,0.0,1715943872.6705227,0.01257612090871546,-0.019651934113400715,-0.5025759754084838,1715943873.0003936,0.011620254055800677,0.019284999878940834,0.012271682341238127,1715943872.920405,0.014233968154348648,0.004746854188254046,0.01363504346551828,1715943872.9103787,0.0004126003927664712,-0.027327998182127278,-0.6516490544856905
1715943872.6803582,0.0,0.0,0.0,1715943872.6948478,0.0,0.0,0.0,1715943872.6803582,0.010478493380348675,-0.019749887783578224,-0.5026776205594654,1715943873.0103836,0.0025602721575115877,0.0076822754638916635,0.010425531713706448,1715943872.9405026,0.007783782007261751,0.003388816730832911,0.011217179569343353,1715943872.920405,-0.0012097219319575636,-0.025807568217457,-0.6514129238501045
1715943872.6948478,0.0,0.0,0.0,1715943872.7003334,0.0,0.0,0.0,1715943872.6948478,0.012371958497898655,-0.017884861914461814,-0.5030469035225043,1715943873.0205183,0.002844161480901587,0.009788265369369498,0.006254635226897265,1715943872.9503827,0.000261908382804198,0.0030421396197943817,0.009720320001451802,1715943872.9405026,0.0019434029854896728,-0.025492099542223423,-0.6510574291537381
1715943872.7003334,0.0,0.0,0.0,1715943872.7103922,0.0,0.0,0.0,1715943872.7003334,0.013210658142073395,-0.01731284064403149,-0.5031816913430709,1715943873.0304043,0.003716866799902347,0.007033246824620809,0.00214230787430796,1715943872.9604602,0.006503390073027155,0.00671626945167203,0.0013726617911358052,1715943872.9503827,-0.000504964143353881,-0.026311711603499432,-0.6507548855000174
1715943872.7103922,0.0,0.0,0.0,1715943872.720533,0.0,0.0,0.0,1715943872.7103922,0.012250773883289767,-0.015879241513063747,-0.503420782835649,1715943873.0421479,0.004343618205687942,0.006484268760102774,0.006934881336559322,1715943872.9705343,0.017693788269667048,0.015846011899589563,0.0006103696307919598,1715943872.9604602,0.0017569543425799417,-0.025750356014388354,-0.6507370016578804
1715943872.720533,0.0,0.0,0.0,1715943872.730358,0.0,0.0,0.0,1715943872.720533,0.010126981077573372,-0.015507345215176604,-0.5036264951554912,1715943873.0506725,0.016029437413331453,0.009990849617382391,0.006223059540570575,1715943872.990439,0.003054008392461608,0.003243173486770612,0.0010499477643289192,1715943872.9705343,0.00422756512482092,-0.026727029277524794,-0.6507848631810154
1715943872.730358,0.0,0.0,0.0,1715943872.740402,0.0,0.0,0.0,1715943872.730358,0.008301743105797926,-0.014463006705815573,-0.5038783316533733,1715943873.4204624,0.010811632306269834,0.010298980829338555,0.016832377278675488,1715943873.0003936,0.011620254055800677,0.019284999878940834,0.012271682341238127,1715943872.990439,0.0013003677588203644,-0.029039343107019278,-0.6509030238957152
1715943872.740402,0.0,0.0,0.0,1715943872.7503603,0.0,0.0,0.0,1715943872.740402,0.009211182961692405,-0.01289500052460757,-0.5041836704025466,1715943873.4305124,0.011968720919737554,0.007485509982858796,0.012064959577505608,1715943873.0103836,0.0025602721575115877,0.0076822754638916635,0.010425531713706448,1715943873.0003936,0.0031939191046470583,-0.0307001506673803,-0.6509694367965766
1715943872.7503603,0.0,0.0,0.0,1715943872.7920072,0.0,0.0,0.0,1715943872.7503603,0.007958001103735679,-0.013668901683856038,-0.5045744460510974,1715943873.4504726,0.019233061487564963,0.006585983016949681,0.01271502579928954,1715943873.0205183,0.002844161480901587,0.009788265369369498,0.006254635226897265,1715943873.0103836,0.004368721668836617,-0.03200020990385721,-0.6511416112648778
1715943872.7920072,0.0,0.0,0.0,1715943872.8003526,0.0,0.0,0.0,1715943872.7920072,0.01257964592706684,-0.013422117185617255,-0.5058412267857412,1715943873.4604685,0.006991614093338789,0.009334119912534966,0.011580591562604516,1715943873.0304043,0.003716866799902347,0.007033246824620809,0.00214230787430796,1715943873.0205183,0.0031824956094044232,-0.03359319896264701,-0.6512278082380281
1715943872.8003526,0.0,0.0,0.0,1715943872.850375,0.0,0.0,0.0,1715943872.8003526,0.014237234260235987,-0.013802408847122916,-0.505928244632772,1715943873.4704244,0.0024435254037876034,0.010372020577525953,0.01419949840809143,1715943873.0421479,0.004343618205687942,0.006484268760102774,0.006934881336559322,1715943873.0304043,0.0018458403184542505,-0.03382685785770145,-0.6511045864769969
1715943872.850375,0.0,0.0,0.0,1715943872.8603785,0.0,0.0,0.0,1715943872.850375,0.015715522041206048,-0.018400854837709923,-0.5059261572439195,1715943873.4804366,0.014205054884881944,0.014315887690621532,0.00979221262380904,1715943873.0506725,0.016029437413331453,0.009990849617382391,0.006223059540570575,1715943873.0421479,0.002040050001527405,-0.030866444694649164,-0.6509102154697999
1715943872.8603785,0.0,0.0,0.0,1715943872.870405,0.0,0.0,0.0,1715943872.8603785,0.014815820890907189,-0.016070438662709963,-0.5060418083116026,1715943873.490446,0.0008453369895304527,0.007402029432872492,0.018322084895384606,1715943873.4204624,0.010811632306269834,0.010298980829338555,0.016832377278675488,1715943873.0506725,0.0021513362695957383,-0.028875088988896902,-0.6508922993314137
1715943872.870405,0.0,0.0,0.0,1715943872.8803837,0.0,0.0,0.0,1715943872.870405,0.015800894371144902,-0.014349089840404394,-0.5063074251252817,1715943873.5004222,0.009919022613211686,0.013534554695491918,0.00980816818876417,1715943873.4305124,0.011968720919737554,0.007485509982858796,0.012064959577505608,1715943873.4204624,0.0019338632897842878,-0.03337921288548529,-0.6467393065405798
1715943872.8803837,0.0,0.0,0.0,1715943872.8905027,0.0,0.0,0.0,1715943872.8803837,0.014047816295971932,-0.013700027681166072,-0.506510717633085,1715943873.510436,0.018439343838770657,0.003650919841674316,0.009603550721444132,1715943873.4504726,0.019233061487564963,0.006585983016949681,0.01271502579928954,1715943873.4305124,0.004007828621530152,-0.033895973451246286,-0.6466449064770776
1715943872.8905027,0.0,0.0,0.0,1715943872.9003828,0.0,0.0,0.0,1715943872.8905027,0.011535951651890225,-0.013614285579184315,-0.5067435540123165,1715943873.520515,0.0052887689757728455,0.003039654806783698,0.01570609492205942,1715943873.4604685,0.006991614093338789,0.009334119912534966,0.011580591562604516,1715943873.4504726,0.0005501367437608096,-0.03376000841528626,-0.6461558464884662
1715943872.9003828,0.0,0.0,0.0,1715943872.9104602,0.0,0.0,0.0,1715943872.9003828,0.012737005406225521,-0.014463001114188856,-0.5070642004707497,1715943873.540485,0.011705638869846656,0.005073691058115726,0.009662206204597212,1715943873.4704244,0.0024435254037876034,0.010372020577525953,0.01419949840809143,1715943873.4604685,0.0029197041539248403,-0.033612359072089815,-0.6462118321964603
1715943872.9104602,0.0,0.0,0.0,1715943872.9205344,0.0,0.0,0.0,1715943872.9104602,0.011029900890605265,-0.014530297676959458,-0.5072036561304031,1715943873.5504723,0.017201055097759883,0.009961142344212526,0.012762180310030556,1715943873.4804366,0.014205054884881944,0.014315887690621532,0.00979221262380904,1715943873.4704244,0.0023824670687830896,-0.031756014149471046,-0.6461780408002067
1715943872.9205344,0.0,0.0,0.0,1715943872.930396,0.0,0.0,0.0,1715943872.9205344,0.009462165477695433,-0.01537820642968346,-0.5072420542239577,1715943873.5604959,0.006982992407300874,0.006114754355632579,0.002190236929040834,1715943873.490446,0.0008453369895304527,0.007402029432872492,0.018322084895384606,1715943873.4804366,0.00043242980361624106,-0.031288604668573194,-0.6460554368885685
1715943872.930396,0.0,0.0,0.0,1715943872.940439,0.0,0.0,0.0,1715943872.930396,0.007630788591025894,-0.017203099783877907,-0.5072118967231931,1715943873.5704808,0.003677148409380715,0.018739223799972837,0.00012066268232434319,1715943873.5004222,0.009919022613211686,0.013534554695491918,0.00980816818876417,1715943873.490446,-0.00042834180821582635,-0.030000530300636985,-0.6459847611735485
1715943872.940439,0.0,0.0,0.0,1715943872.9503937,0.0,0.0,0.0,1715943872.940439,0.009410192915396132,-0.018412175605234005,-0.5071981230704778,1715943873.6104658,0.0017212466186994,0.008267638880636197,0.018259217818526043,1715943873.510436,0.018439343838770657,0.003650919841674316,0.009603550721444132,1715943873.5004222,-0.001807851193297072,-0.028436184696460476,-0.6460271197224952
1715943872.9503937,0.0,0.0,0.0,1715943872.9603834,0.0,0.0,0.0,1715943872.9503937,0.008931690242902968,-0.019896334929914827,-0.5071788533022499,1715943873.6204667,0.014286999747423215,0.016301156832543073,0.005770816455906312,1715943873.520515,0.0052887689757728455,0.003039654806783698,0.01570609492205942,1715943873.510436,-0.0025809573825386067,-0.026926162519500974,-0.6460277767316693
1715943872.9603834,0.0,0.0,0.0,1715943872.9705184,0.0,0.0,0.0,1715943872.9603834,0.007134656604556727,-0.020984161536640844,-0.5070915727072971,1715943873.6304743,0.01597885526219887,0.010939159524762765,0.00034537694031632274,1715943873.540485,0.011705638869846656,0.005073691058115726,0.009662206204597212,1715943873.520515,-0.0018461264878730788,-0.02526393348236944,-0.6461093812145844
1715943872.9705184,0.0,0.0,0.0,1715943872.9804044,0.0,0.0,0.0,1715943872.9705184,0.007298859286450715,-0.022496153373579908,-0.5070143098761074,1715943873.6704302,5.577263242020382e-05,0.006004461383548598,0.010925266695372885,1715943873.5504723,0.017201055097759883,0.009961142344212526,0.012762180310030556,1715943873.540485,-0.0034814055404490674,-0.022277343089273538,-0.6457395382194102
1715943872.9804044,0.0,0.0,0.0,1715943872.992148,0.0,0.0,0.0,1715943872.9804044,0.00949648681506643,-0.022845697610754057,-0.5071252628325834,1715943873.6804392,0.011264093772426575,0.01470371958573713,0.013504119407034791,1715943873.5604959,0.006982992407300874,0.006114754355632579,0.002190236929040834,1715943873.5504723,-0.0019318397064624904,-0.021509169250903293,-0.6457337463900377
1715943872.992148,0.0,0.0,0.0,1715943873.0006726,0.0,0.0,0.0,1715943872.992148,0.008972073927631607,-0.019837420427496033,-0.5073286525508984,1715943873.690589,0.008815989072313877,0.0047937449574331215,0.011774645093790025,1715943873.5704808,0.003677148409380715,0.018739223799972837,0.00012066268232434319,1715943873.5604959,-0.0014826077866274545,-0.019749979139796814,-0.6455919977453881
1715943873.0006726,0.0,0.0,0.0,1715943873.3805125,0.0,0.0,0.0,1715943873.0006726,0.008695710004315044,-0.017773732358402405,-0.5074130439817909,1715943873.710476,0.010778838554411778,0.004601015730216984,0.014753854332022141,1715943873.6104658,0.0017212466186994,0.008267638880636197,0.018259217818526043,1715943873.5704808,-0.0006429865226533771,-0.018117940480167904,-0.6455003213195525
1715943873.0104356,0.0,0.0,0.0,1715943873.3905492,0.0,0.0,0.0,1715943873.3805125,-0.001142086530311781,-0.0262810281626229,-0.5132805492487976,1715943873.7204401,0.01192772184186083,0.008502192211968795,0.00495802085444421,1715943873.6204667,0.014286999747423215,0.016301156832543073,0.005770816455906312,1715943873.6104658,0.009820985779265268,-0.019748936684964136,-0.6458086819073703
1715943873.3805125,0.0,0.0,0.0,1715943873.4004726,0.0,0.0,0.0,1715943873.3905492,-0.002539456113379468,-0.02819139626235012,-0.5133472952719509,1715943873.7304716,0.017899911198444404,0.01411827180402292,0.005462180653076498,1715943873.6304743,0.01597885526219887,0.010939159524762765,0.00034537694031632274,1715943873.6204667,0.007741195477489082,-0.01918759007307247,-0.6461049206866019
1715943873.3905492,0.0,0.0,0.0,1715943873.4104686,0.0,0.0,0.0,1715943873.4004726,-0.00045955476941761386,-0.02795528593678176,-0.5136043723687455,1715943873.7414763,0.0011277546195249538,0.008774867872069159,0.0025653052179438773,1715943873.6704302,5.577263242020382e-05,0.006004461383548598,0.010925266695372885,1715943873.6304743,0.00742598386972082,-0.01998217295166249,-0.6464297490554305
1715943873.4004726,0.0,0.0,0.0,1715943873.4204245,0.0,0.0,0.0,1715943873.4104686,-0.00210453770143465,-0.027664502450841733,-0.5137036818789333,1715943873.7504454,0.019817400362850488,0.003133076222082032,0.009891622006958787,1715943873.6804392,0.011264093772426575,0.01470371958573713,0.013504119407034791,1715943873.6704302,0.00988926195692974,-0.020428032986918865,-0.6474048767805076
1715943873.4104686,0.0,0.0,0.0,1715943873.4304366,0.0,0.0,0.0,1715943873.4204245,-0.0021230296468370824,-0.02564370468816546,-0.5138051918939669,1715943873.7604918,0.017765311296804132,0.018139019878911533,0.016442004139382214,1715943873.690589,0.008815989072313877,0.0047937449574331215,0.011774645093790025,1715943873.6804392,0.010791849244052631,-0.02233337893375542,-0.6476696929921211
1715943873.4204245,0.0,0.0,0.0,1715943873.4404461,0.0,0.0,0.0,1715943873.4304366,-0.0005418206648653556,-0.024896163007132266,-0.5139559126858504,1715943873.7804675,0.0035629959568880994,0.008625415170278705,0.015498539886885824,1715943873.710476,0.010778838554411778,0.004601015730216984,0.014753854332022141,1715943873.690589,0.008822077134497786,-0.02308017197405743,-0.6476924055581375
1715943873.4304366,0.0,0.0,0.0,1715943873.450422,0.0,0.0,0.0,1715943873.4404461,0.0008066181768736636,-0.023430129019500257,-0.5140710749958445,1715943873.7906399,0.01745431834660326,0.004207480317879986,0.008550528146924977,1715943873.7204401,0.01192772184186083,0.008502192211968795,0.00495802085444421,1715943873.710476,0.006328509716351238,-0.025810725405609247,-0.6475628003262148
1715943873.4404461,0.0,0.0,0.0,1715943873.4604359,0.0,0.0,0.0,1715943873.450422,0.00129725173719486,-0.02176045945397953,-0.5140836693770124,1715943873.8105006,0.018213889348144895,0.006291505689316024,0.01554957896651018,1715943873.7304716,0.017899911198444404,0.01411827180402292,0.005462180653076498,1715943873.7204401,0.007495722083286083,-0.02745679502249665,-0.6474813806215813
1715943873.450422,0.0,0.0,0.0,1715943873.4705148,0.0,0.0,0.0,1715943873.4604359,0.0019514387479616646,-0.020068257017948454,-0.5141229669814708,1715943873.8204837,0.006690098924414691,0.01626927918613741,0.010230651433692938,1715943873.7414763,0.0011277546195249538,0.008774867872069159,0.0025653052179438773,1715943873.7304716,0.008040341322192557,-0.028924650542911712,-0.6476341093589806
1715943873.4604359,0.0,0.0,0.0,1715943873.5204806,0.0,0.0,0.0,1715943873.4705148,0.0009088224613613138,-0.01837007626756626,-0.51404077676657,1715943873.830562,0.015952591240926316,0.004626231674328185,0.007296491704237759,1715943873.7504454,0.019817400362850488,0.003133076222082032,0.009891622006958787,1715943873.7414763,0.006949648128577568,-0.030171077789213907,-0.6474939746651458
1715943873.4705148,0.0,0.0,0.0,1715943873.5305254,0.0,0.0,0.0,1715943873.5204806,-0.002461116175760336,-0.010495146841622116,-0.5148861335718007,1715943873.841205,0.010923883055046749,0.008763009952629686,0.014696883256398932,1715943873.7604918,0.017765311296804132,0.018139019878911533,0.016442004139382214,1715943873.7504454,0.008242804638452839,-0.03124660579825078,-0.6475492497617736
1715943873.5204806,0.0,0.0,0.0,1715943873.5405455,0.0,0.0,0.0,1715943873.5305254,-0.003964736957421389,-0.008923003782868255,-0.5150852111242604,1715943873.8504808,0.008570959759603095,0.015614772823802081,0.015344836079218369,1715943873.7804675,0.0035629959568880994,0.008625415170278705,0.015498539886885824,1715943873.7604918,0.010350143424258995,-0.03068674562838969,-0.6475790055058006
1715943873.5305254,0.0,0.0,0.0,1715943873.5505273,0.0,0.0,0.0,1715943873.5405455,-0.0038908899074828196,-0.007056343973123491,-0.5152214444197989,1715943873.8605242,0.016573439492431466,0.01567866594346623,0.002214759883702235,1715943873.7906399,0.01745431834660326,0.004207480317879986,0.008550528146924977,1715943873.7804675,0.012201403746965322,-0.026450071458541835,-0.647632066337577
1715943873.5405455,0.0,0.0,0.0,1715943873.5604658,0.0,0.0,0.0,1715943873.5505273,-0.005036907959984571,-0.0071269386633916465,-0.5153580434745558,1715943873.8704555,0.017446399648643262,0.007018417302890878,0.013397931220287342,1715943873.8105006,0.018213889348144895,0.006291505689316024,0.01554957896651018,1715943873.7906399,0.013529358954603499,-0.024569785573991254,-0.6477120894808159
1715943873.5505273,0.0,0.0,0.0,1715943873.5704668,0.0,0.0,0.0,1715943873.5604658,-0.006501181986999505,-0.007437707468346932,-0.5153176732653904,1715943873.8804781,0.013633083711942065,0.018260477558989407,0.005302655204904235,1715943873.8204837,0.006690098924414691,0.01626927918613741,0.010230651433692938,1715943873.8105006,0.015113813731095771,-0.020843732215133137,-0.6477848117971803
1715943873.5604658,0.0,0.0,0.0,1715943873.5804744,0.0,0.0,0.0,1715943873.5704668,-0.0050546580046313405,-0.00678525406413133,-0.515102564683658,1715943873.890598,0.0022744379106855468,0.0056471472989925164,0.014306936901419492,1715943873.830562,0.015952591240926316,0.004626231674328185,0.007296491704237759,1715943873.8204837,0.01321471765770088,-0.02120806054887847,-0.6478867217865654
1715943873.5704668,0.0,0.0,0.0,1715943873.640589,0.0,0.0,0.0,1715943873.5804744,-0.0017822911718243795,-0.007511902589602215,-0.5148380171101506,1715943873.9004676,0.015383605728919824,0.019679036088092516,0.012201323191792618,1715943873.841205,0.010923883055046749,0.008763009952629686,0.014696883256398932,1715943873.830562,0.011456672681470437,-0.02168579697830353,-0.647979688245381
1715943873.5804744,0.0,0.0,0.0,1715943873.6504383,0.0,0.0,0.0,1715943873.640589,0.0012549048377678007,-0.01081653594539067,-0.514121269084587,1715943873.910495,0.014913092458449234,0.017624084877208013,0.0008649596530803608,1715943873.8504808,0.008570959759603095,0.015614772823802081,0.015344836079218369,1715943873.841205,0.010517701956513914,-0.02343686881400231,-0.6481690102943798
1715943873.640589,0.0,0.0,0.0,1715943873.660476,0.0,0.0,0.0,1715943873.6504383,0.0028297604074640215,-0.011865879645860389,-0.5141443423463212,1715943873.9205163,0.016424099064002932,0.0038779869286353907,0.009354420327234188,1715943873.8605242,0.016573439492431466,0.01567866594346623,0.002214759883702235,1715943873.8504808,0.01181904988492688,-0.024634384777803664,-0.6482302402305073
1715943873.6504383,0.0,0.0,0.0,1715943873.6704402,0.0,0.0,0.0,1715943873.660476,0.0044839454939240575,-0.013183151083842715,-0.5142067920079294,1715943874.0905373,0.015247840720078981,0.00798500991848261,0.007090110484680259,1715943873.8704555,0.017446399648643262,0.007018417302890878,0.013397931220287342,1715943873.8605242,0.009506182956078302,-0.024189717465185945,-0.6483602195523339
1715943873.660476,0.0,0.0,0.0,1715943873.6804717,0.0,0.0,0.0,1715943873.6704402,0.0037087661185670195,-0.014595085911480066,-0.5142832300169213,1715943874.100573,0.005649295954591624,0.006067673225908177,0.008951996974653927,1715943873.8804781,0.013633083711942065,0.018260477558989407,0.005302655204904235,1715943873.8704555,0.007598581408320371,-0.0235762798514223,-0.6485539954664281
1715943873.6704402,0.0,0.0,0.0,1715943873.6914763,0.0,0.0,0.0,1715943873.6804717,0.0018887651526949822,-0.01582122071327796,-0.5142234139986922,1715943874.110524,0.007183941486481996,0.014802335031452785,0.01562947403635186,1715943873.890598,0.0022744379106855468,0.0056471472989925164,0.014306936901419492,1715943873.8804781,0.009110293766275035,-0.02168131467894585,-0.6485893635963382
1715943873.6804717,0.0,0.0,0.0,1715943873.7004454,0.0,0.0,0.0,1715943873.6914763,0.002813242776720848,-0.017119577290973353,-0.5143350488768372,1715943874.1305563,0.01354167937328165,0.009720907492413167,0.0028073175875319182,1715943873.9004676,0.015383605728919824,0.019679036088092516,0.012201323191792618,1715943873.890598,0.010157031183361198,-0.0205019983040311,-0.6485695899912995
1715943873.6914763,0.0,0.0,0.0,1715943873.710492,0.0,0.0,0.0,1715943873.7004454,0.0020803872022548964,-0.01796242263247616,-0.5143958608548548,1715943874.1405191,0.013982161564883789,0.010170028133913878,0.012524708364805629,1715943873.910495,0.014913092458449234,0.017624084877208013,0.0008649596530803608,1715943873.9004676,0.00947667253996487,-0.01868992079019116,-0.6485727947096755
1715943873.7004454,0.0,0.0,0.0,1715943873.720488,0.0,0.0,0.0,1715943873.710492,0.00014442590889868212,-0.017434254591707665,-0.5144298801726221,1715943874.1705043,0.005438304664858514,0.015630623792744158,0.01782935435486709,1715943873.9205163,0.016424099064002932,0.0038779869286353907,0.009354420327234188,1715943873.910495,0.010214538239196269,-0.016847648143513805,-0.6484749554639357
1715943873.710492,0.0,0.0,0.0,1715943873.7304676,0.0,0.0,0.0,1715943873.720488,-0.0008626085064236677,-0.014896928616450422,-0.5144289311657002,1715943874.180554,0.00548950248385531,0.0008015124476605795,0.008454071474186106,1715943874.0905373,0.015247840720078981,0.00798500991848261,0.007090110484680259,1715943873.9205163,0.012129011628541964,-0.016337013576430248,-0.6483819951180063
1715943873.720488,0.0,0.0,0.0,1715943873.7406397,0.0,0.0,0.0,1715943873.7304676,-0.0011881107917504075,-0.012663251209995341,-0.5144151145821516,1715943874.1905878,0.011706890789908532,0.011412337881534063,0.009696839583961163,1715943874.100573,0.005649295954591624,0.006067673225908177,0.008951996974653927,1715943874.0905373,0.007932049746536496,-0.018882846766620665,-0.6505286560061361
1715943873.7304676,0.0,0.0,0.0,1715943873.75049,0.0,0.0,0.0,1715943873.7406397,-0.00237138204514703,-0.010802301967013594,-0.5144040292737604,1715943874.200546,0.01875612340023259,0.016120885963455178,0.002545538796846764,1715943874.110524,0.007183941486481996,0.014802335031452785,0.01562947403635186,1715943874.100573,0.0104273701961759,-0.01890629656562548,-0.6507888206223074
1715943873.7406397,0.0,0.0,0.0,1715943873.7605004,0.0,0.0,0.0,1715943873.75049,-0.0029806164834529913,-0.009020509538227861,-0.5144308593370013,1715943874.2106388,0.012122623184575309,0.014850497385755057,0.014355332488194861,1715943874.1305563,0.01354167937328165,0.009720907492413167,0.0028073175875319182,1715943874.110524,0.012446426479661543,-0.019625271385774523,-0.6511146566495594
1715943873.75049,0.0,0.0,0.0,1715943873.7704837,0.0,0.0,0.0,1715943873.7605004,-0.003939077017293902,-0.0074397047872794,-0.5143830838425897,1715943874.2206075,0.006651002464549834,0.0100457337786799,0.001562772149777647,1715943874.1405191,0.013982161564883789,0.010170028133913878,0.012524708364805629,1715943874.1305563,0.01697383095070437,-0.022574846649317415,-0.6517613265854862
1715943873.7605004,0.0,0.0,0.0,1715943873.780562,0.0,0.0,0.0,1715943873.7704837,-0.002026238661487545,-0.008002747444300962,-0.5142953325882513,1715943874.2305384,0.0075532089734080075,0.004632396111410753,0.005225767767846078,1715943874.1705043,0.005438304664858514,0.015630623792744158,0.01782935435486709,1715943874.1405191,0.019546978166089968,-0.022570366323966695,-0.6519185249434098
1715943873.7704837,0.0,0.0,0.0,1715943873.791205,0.0,0.0,0.0,1715943873.780562,-5.284130891736183e-07,-0.008510243274747697,-0.5142403115601348,1715943874.2413635,0.010757186492789375,0.006163303630237316,0.011436715303921251,1715943874.180554,0.00548950248385531,0.0008015124476605795,0.008454071474186106,1715943874.1705043,0.017465349252173912,-0.01899538918225896,-0.6523085542218592
1715943873.780562,0.0,0.0,0.0,1715943873.8004808,0.0,0.0,0.0,1715943873.791205,0.0014920482392808965,-0.01036884216622802,-0.5141447743613536,1715943874.2505107,0.0018595013071429824,0.019428482518242474,0.018543462194393234,1715943874.1905878,0.011706890789908532,0.011412337881534063,0.009696839583961163,1715943874.180554,0.015802854286681267,-0.019180438899528696,-0.6525151983186559
1715943873.791205,0.0,0.0,0.0,1715943873.8105242,0.0,0.0,0.0,1715943873.8004808,-0.0001943213294672841,-0.011191722722745157,-0.5140426595631356,1715943874.260569,0.01808997988722351,0.004582946721336301,0.0011124819055138777,1715943874.200546,0.01875612340023259,0.016120885963455178,0.002545538796846764,1715943874.1905878,0.01392064795641934,-0.0199957189790807,-0.6528457557247744
1715943873.8004808,0.0,0.0,0.0,1715943873.8204556,0.0,0.0,0.0,1715943873.8105242,0.0013565618654665101,-0.010728973450317536,-0.5139190178134296,1715943874.2705195,0.00944582605836282,0.013912419007432897,0.00543013336470359,1715943874.2106388,0.012122623184575309,0.014850497385755057,0.014355332488194861,1715943874.200546,0.012244207027465315,-0.021678794040972837,-0.6532382474724443
1715943873.8105242,0.0,0.0,0.0,1715943873.8304782,0.0,0.0,0.0,1715943873.8204556,0.003281602754669488,-0.010072647867829687,-0.5137882056407344,1715943874.280516,0.018506289129075818,0.010572462935283689,0.006223623701173583,1715943874.2206075,0.006651002464549834,0.0100457337786799,0.001562772149777647,1715943874.2106388,0.01158109193420831,-0.023993843363766088,-0.6535328305407013
1715943873.8204556,0.0,0.0,0.0,1715943873.840598,0.0,0.0,0.0,1715943873.8304782,0.0020295663102567474,-0.008484375435996006,-0.5137988253755897,1715943874.2906303,0.007765713391623832,0.017873867101068308,0.0015399388647672303,1715943874.2305384,0.0075532089734080075,0.004632396111410753,0.005225767767846078,1715943874.2206075,0.010087050931625097,-0.025677395841366968,-0.6538194745363768
1715943873.8304782,0.0,0.0,0.0,1715943873.8504677,0.0,0.0,0.0,1715943873.840598,-0.00041872595073377816,-0.007283796658540398,-0.5138412569589873,1715943874.3004982,0.013350744131086454,0.01827513545122539,0.018152952186197484,1715943874.2413635,0.010757186492789375,0.006163303630237316,0.011436715303921251,1715943874.2305384,0.011991197776100915,-0.026544596581764335,-0.6541531916261523
1715943873.840598,0.0,0.0,0.0,1715943873.8604949,0.0,0.0,0.0,1715943873.8504677,-0.0004886985303254043,-0.005242919639203425,-0.513923267802857,1715943874.3105195,0.011892331509982285,0.005174298201033878,0.006499794498811375,1715943874.2505107,0.0018595013071429824,0.019428482518242474,0.018543462194393234,1715943874.2413635,0.012934516927406214,-0.024414161020521963,-0.6544892286695569
1715943873.8504677,0.0,0.0,0.0,1715943873.8705163,0.0,0.0,0.0,1715943873.8604949,-0.0013373720209396422,-0.003468835653322566,-0.514124046406679,1715943874.5705392,0.0021974855887031764,0.005684798262639346,0.001022028702294801,1715943874.260569,0.01808997988722351,0.004582946721336301,0.0011124819055138777,1715943874.2505107,0.014287689199541376,-0.023047749107889537,-0.6546232940408538
1715943873.8604949,0.0,0.0,0.0,1715943874.050573,0.0,0.0,0.0,1715943873.8705163,-0.0033257818687823515,-0.0030002984512442765,-0.5142845175177164,1715943874.5806165,0.012119197665826323,0.01653126706914443,0.0025146889240936837,1715943874.2705195,0.00944582605836282,0.013912419007432897,0.00543013336470359,1715943874.260569,0.015396000042048108,-0.021366773820228557,-0.6548118625720747
1715943873.8705163,0.0,0.0,0.0,1715943874.060524,0.0,0.0,0.0,1715943874.050573,-0.004216712472278283,-0.006452339579749777,-0.5124299458134812,1715943874.5911384,0.01858924308612444,0.003632922218003598,0.017415412275028193,1715943874.280516,0.018506289129075818,0.010572462935283689,0.006223623701173583,1715943874.2705195,0.017426530588930067,-0.020409116590854648,-0.6549450622384008
1715943874.050573,0.0,0.0,0.0,1715943874.0705094,0.0,0.0,0.0,1715943874.060524,-0.0059648543643496255,-0.007058789745469252,-0.5121838313339697,1715943874.6105614,0.007089863893922815,0.01444346928384288,0.007528915383753714,1715943874.2906303,0.007765713391623832,0.017873867101068308,0.0015399388647672303,1715943874.280516,0.019600655749091977,-0.019818283996257957,-0.6551230313972374
1715943874.060524,0.0,0.0,0.0,1715943874.0805564,0.0,0.0,0.0,1715943874.0705094,-0.005408144104472601,-0.00872989924830403,-0.5119283472119855,1715943874.6205668,0.016185643286732297,0.006200604980819202,0.005013292013937093,1715943874.3004982,0.013350744131086454,0.01827513545122539,0.018152952186197484,1715943874.2906303,0.019421703430105186,-0.018392467078996555,-0.65519713240983
1715943874.0705094,0.0,0.0,0.0,1715943874.0905192,0.0,0.0,0.0,1715943874.0805564,-0.00579031079291914,-0.010088111707508007,-0.5117645450124312,1715943874.6405804,0.007968685221148512,0.012840921744050826,0.018176697091306898,1715943874.3105195,0.011892331509982285,0.005174298201033878,0.006499794498811375,1715943874.3004982,0.01853184782572237,-0.01744845361391012,-0.6554141501451998
1715943874.0805564,0.0,0.0,0.0,1715943874.1205044,0.0,0.0,0.0,1715943874.0905192,-0.007365011046203185,-0.010070681531255676,-0.5116476556491016,1715943874.6605754,0.0016159432063807076,0.012726433885230426,0.019316035747563527,1715943874.5705392,0.0021974855887031764,0.005684798262639346,0.001022028702294801,1715943874.3105195,0.02147763664550295,-0.018104624855797002,-0.6557349193776663
1715943874.0905192,0.0,0.0,0.0,1715943874.1305537,0.0,0.0,0.0,1715943874.1205044,-0.002005518263595074,-0.005958379705452099,-0.5113744177477172,1715943874.6706686,0.0011654750949542845,0.017448373117714855,0.007544341506159794,1715943874.5806165,0.012119197665826323,0.01653126706914443,0.0025146889240936837,1715943874.5705392,0.013258410932054154,-0.02648692189258428,-0.6635238112797692
1715943874.1205044,0.0,0.0,0.0,1715943874.1405876,0.0,0.0,0.0,1715943874.1305537,0.00015282051301473976,-0.006107631559460813,-0.5111764984788201,1715943874.6805556,0.019916514127053617,0.01530962381414458,0.015670495618923804,1715943874.5911384,0.01858924308612444,0.003632922218003598,0.017415412275028193,1715943874.5806165,0.011615979074018679,-0.02697259408497299,-0.6635605195995655
1715943874.1305537,0.0,0.0,0.0,1715943874.150546,0.0,0.0,0.0,1715943874.1405876,0.0020543703210944564,-0.006815489393605878,-0.5109436088701454,1715943874.6905751,0.01982852920341288,0.015169274411064082,0.013769961905714447,1715943874.6105614,0.007089863893922815,0.01444346928384288,0.007528915383753714,1715943874.5911384,0.010713462733710877,-0.028995218129881595,-0.6637430613410844
1715943874.1405876,0.0,0.0,0.0,1715943874.1606388,0.0,0.0,0.0,1715943874.150546,0.0035792585264346477,-0.008553334370974941,-0.5107150812537444,1715943874.7005491,0.003900985446707474,0.0022388005838882563,0.01612109514893969,1715943874.6205668,0.016185643286732297,0.006200604980819202,0.005013292013937093,1715943874.6105614,0.011297071000379244,-0.032993377639182864,-0.6642401871724211
1715943874.150546,0.0,0.0,0.0,1715943874.1706076,0.0,0.0,0.0,1715943874.1606388,0.0037465849163086373,-0.010831627016222756,-0.5104327174374217,1715943874.7205203,0.010604653113342369,0.0188371004307073,0.002256733275561601,1715943874.6405804,0.007968685221148512,0.012840921744050826,0.018176697091306898,1715943874.6205668,0.012546412310339594,-0.031283520049480096,-0.6646373050606478
1715943874.1606388,0.0,0.0,0.0,1715943874.1805384,0.0,0.0,0.0,1715943874.1706076,0.004550766231482706,-0.012563838509347613,-0.5101732478036338,1715943874.7305503,0.004587843204112642,0.010165793384027788,0.009970348021700128,1715943874.6605754,0.0016159432063807076,0.012726433885230426,0.019316035747563527,1715943874.6405804,0.010347098837479418,-0.02838257526108956,-0.6650211088013389
1715943874.1706076,0.0,0.0,0.0,1715943874.1913636,0.0,0.0,0.0,1715943874.1805384,0.0027725109870156417,-0.013337551925135305,-0.5098878712982098,1715943874.7405808,0.009105831636958883,0.014231622746922579,0.014500569406183592,1715943874.6706686,0.0011654750949542845,0.017448373117714855,0.007544341506159794,1715943874.6605754,0.01409940100187157,-0.027129157137790072,-0.6655391791317458
1715943874.1805384,0.0,0.0,0.0,1715943874.2005107,0.0,0.0,0.0,1715943874.1913636,0.0011834637017628102,-0.011422917244800823,-0.5096246026019677,1715943874.7505553,0.0016861092656419233,0.009912555585398053,0.012650184018465748,1715943874.6805556,0.019916514127053617,0.01530962381414458,0.015670495618923804,1715943874.6706686,0.01690364022468005,-0.026318709056643463,-0.6658614589729783
1715943874.1913636,0.0,0.0,0.0,1715943874.2105691,0.0,0.0,0.0,1715943874.2005107,-0.0003687169395737433,-0.010133118586721057,-0.5094524023813599,1715943874.760584,0.0024802140039697027,0.003401885883342004,0.005041632297804627,1715943874.6905751,0.01982852920341288,0.015169274411064082,0.013769961905714447,1715943874.6805556,0.02011352080435236,-0.026426378243226578,-0.6662668091098478
1715943874.2005107,0.0,0.0,0.0,1715943874.2205195,0.0,0.0,0.0,1715943874.2105691,-0.0017471708457932889,-0.008528064961956128,-0.5093101786257734,1715943874.7705567,0.013704291320088373,0.0012047836972279846,0.004727161553545372,1715943874.7005491,0.003900985446707474,0.0022388005838882563,0.01612109514893969,1715943874.6905751,0.019063538351038467,-0.02585495968201479,-0.6666562948775443
1715943874.2105691,0.0,0.0,0.0,1715943874.230516,0.0,0.0,0.0,1715943874.2205195,-0.00327478391973296,-0.007671590845473419,-0.5092146953073231,1715943874.7805717,0.008988303974867357,0.0059097076500596035,0.016119552609198187,1715943874.7205203,0.010604653113342369,0.0188371004307073,0.002256733275561601,1715943874.7005491,0.01864053452102521,-0.02697693937504475,-0.667078277801262
1715943874.2205195,0.0,0.0,0.0,1715943874.2406304,0.0,0.0,0.0,1715943874.230516,-0.004896879261747977,-0.007210517060978416,-0.5091240747963957,1715943874.7906244,0.018632718068236652,0.011566522781416788,0.017012385163329376,1715943874.7305503,0.004587843204112642,0.010165793384027788,0.009970348021700128,1715943874.7205203,0.014683749137068602,-0.028107486297607176,-0.6678026796551579
1715943874.230516,0.0,0.0,0.0,1715943874.2504983,0.0,0.0,0.0,1715943874.2406304,-0.005077847074927033,-0.005569712705057794,-0.5090465888615487,1715943874.800568,0.011847610724585698,0.013203685962977385,0.01812570489644588,1715943874.7405808,0.009105831636958883,0.014231622746922579,0.014500569406183592,1715943874.7305503,0.013678814084207236,-0.027740574989640443,-0.6681261087124017
1715943874.2406304,0.0,0.0,0.0,1715943874.2605195,0.0,0.0,0.0,1715943874.2504983,-0.003380607271747438,-0.004360148726614943,-0.5088840811243183,1715943874.8106503,0.012119171807734825,0.017630110127867082,0.0007045220537623713,1715943874.7505553,0.0016861092656419233,0.009912555585398053,0.012650184018465748,1715943874.7405808,0.016231241352575587,-0.02614912757599641,-0.668389586011175
1715943874.2504983,0.0,0.0,0.0,1715943874.550546,0.0,0.0,0.0,1715943874.2605195,-0.004458293552049186,-0.005112994115563874,-0.5086711387587242,1715943874.820569,0.015925117005847894,0.014985784622029819,0.013152699597034766,1715943874.760584,0.0024802140039697027,0.003401885883342004,0.005041632297804627,1715943874.7505553,0.014375917264038751,-0.024329916862363854,-0.6685288061175552
1715943874.2605195,0.0,0.0,0.0,1715943874.5605614,0.0,0.0,0.0,1715943874.550546,0.013638551806996108,-0.022706583329136665,-0.5017461657666838,1715943874.830593,0.013439219790772878,0.019081124694513285,0.0167730297793378,1715943874.7705567,0.013704291320088373,0.0012047836972279846,0.004727161553545372,1715943874.760584,0.012297592636448584,-0.023910711996639078,-0.6686524630005426
1715943874.550546,0.0,0.0,0.0,1715943874.570567,0.0,0.0,0.0,1715943874.5605614,0.012979778583353502,-0.024464478453633642,-0.5015848815449766,1715943874.910584,0.00908237514243863,0.017464092998913383,0.011829497521749846,1715943874.7805717,0.008988303974867357,0.0059097076500596035,0.016119552609198187,1715943874.7705567,0.011676511037165938,-0.022780560506354686,-0.6686699317374805
1715943874.5605614,0.0,0.0,0.0,1715943874.580581,0.0,0.0,0.0,1715943874.570567,0.01143686715874559,-0.023247321307181545,-0.5013116582651583,1715943874.9205706,0.0007991456785793288,0.010803277347917417,0.005170463812756907,1715943874.7906244,0.018632718068236652,0.011566522781416788,0.017012385163329376,1715943874.7805717,0.012991084619998983,-0.02186589495057789,-0.6686798261728786
1715943874.570567,0.0,0.0,0.0,1715943874.5905802,0.0,0.0,0.0,1715943874.580581,0.012772500487714444,-0.021831406162484468,-0.5011303995554608,1715943874.9407368,0.0024403277161984403,0.014029647396187617,0.002020708970338373,1715943874.800568,0.011847610724585698,0.013203685962977385,0.01812570489644588,1715943874.7906244,0.011132348538312353,-0.02075274881254696,-0.6686987094627401
1715943874.580581,0.0,0.0,0.0,1715943874.6005247,0.0,0.0,0.0,1715943874.5905802,0.013879201135528763,-0.020035945800099597,-0.5010159633492557,1715943874.9607131,0.010991257235202903,0.006272416967491479,0.015190549807716357,1715943874.8106503,0.012119171807734825,0.017630110127867082,0.0007045220537623713,1715943874.800568,0.00950770708206905,-0.02035470910153081,-0.6687340812942217
1715943874.5905802,0.0,0.0,0.0,1715943874.6105754,0.0,0.0,0.0,1715943874.6005247,0.012422049142882086,-0.019569641765760704,-0.5008811939884297,1715943874.970573,0.003498619056154126,0.0021199922974497465,0.014855633764997983,1715943874.820569,0.015925117005847894,0.014985784622029819,0.013152699597034766,1715943874.8106503,0.011183762454504809,-0.019905645246051096,-0.6689170379760974
1715943874.6005247,0.0,0.0,0.0,1715943874.6206686,0.0,0.0,0.0,1715943874.6105754,0.010492683004085956,-0.018939803069470962,-0.5007239145992444,1715943874.9805813,0.010323285396460715,0.01816896283993752,0.003628292304346964,1715943874.830593,0.013439219790772878,0.019081124694513285,0.0167730297793378,1715943874.820569,0.012463517559857529,-0.01959135866910322,-0.6691105825741843
1715943874.6105754,0.0,0.0,0.0,1715943874.6305556,0.0,0.0,0.0,1715943874.6206686,0.009823238458650102,-0.018197076038063642,-0.5004501669802758,1715943875.0006137,0.0007098087758625159,0.01786908766592843,0.0191105534132507,1715943874.910584,0.00908237514243863,0.017464092998913383,0.011829497521749846,1715943874.830593,0.014389940919706135,-0.019721209460957567,-0.6692255452172446
1715943874.6206686,0.0,0.0,0.0,1715943874.6405752,0.0,0.0,0.0,1715943874.6305556,0.009156586486142537,-0.01822151184939158,-0.5001277012178105,1715943875.0109067,0.014156101761282382,0.010288913998269367,0.007082914814581075,1715943874.9205706,0.0007991456785793288,0.010803277347917417,0.005170463812756907,1715943874.910584,0.012275516789062912,-0.03649234342356733,-0.6719171994729995
1715943874.6305556,0.0,0.0,0.0,1715943874.650549,0.0,0.0,0.0,1715943874.6405752,0.009569121874325515,-0.01681219473625606,-0.4998024255707891,1715943875.0206378,0.00782931040630275,0.012869138614026054,0.0027392877970506702,1715943874.9407368,0.0024403277161984403,0.014029647396187617,0.002020708970338373,1715943874.9205706,0.013032020039235093,-0.03479567402081596,-0.672259710906463
1715943874.6405752,0.0,0.0,0.0,1715943874.660559,0.0,0.0,0.0,1715943874.650549,0.01272736561359561,-0.018114202271019897,-0.4994734677611095,1715943875.030651,0.018902561234200796,0.0072776539538284,0.008558919893005047,1715943874.9607131,0.010991257235202903,0.006272416967491479,0.015190549807716357,1715943874.9407368,0.009079635284861443,-0.03484758864021953,-0.672600444476263
1715943874.650549,0.0,0.0,0.0,1715943874.6705203,0.0,0.0,0.0,1715943874.660559,0.012349355915701271,-0.019671549656104403,-0.49904969714751723,1715943875.041351,0.004576443625263072,0.012261847983541019,0.0037919924791236805,1715943874.970573,0.003498619056154126,0.0021199922974497465,0.014855633764997983,1715943874.9607131,0.013346844916235945,-0.035875706919002104,-0.6729950287512523
1715943874.660559,0.0,0.0,0.0,1715943874.68055,0.0,0.0,0.0,1715943874.6705203,0.013938531703182294,-0.02028529908828758,-0.49869726403340087,1715943875.120582,0.01098462435495649,0.007818671668075261,0.003235573564599611,1715943874.9805813,0.010323285396460715,0.01816896283993752,0.003628292304346964,1715943874.970573,0.011140459339430642,-0.035802470094368655,-0.6731121561764271
1715943874.6705203,0.0,0.0,0.0,1715943874.6905808,0.0,0.0,0.0,1715943874.68055,0.016734271734807488,-0.019766646115179753,-0.4984675766268496,1715943875.1306243,0.009243552373461384,0.008326899622199457,0.016935289824753733,1715943875.0006137,0.0007098087758625159,0.01786908766592843,0.0191105534132507,1715943874.9805813,0.00923249392225145,-0.035720728419806,-0.6732693939377015
1715943874.68055,0.0,0.0,0.0,1715943874.7005553,0.0,0.0,0.0,1715943874.6905808,0.015795949444188467,-0.01841989374330555,-0.49831606810244167,1715943875.1427402,0.0078062978687875005,0.00041709125437017214,0.009497333399878884,1715943875.0109067,0.014156101761282382,0.010288913998269367,0.007082914814581075,1715943875.0006137,0.012670911692295839,-0.03436728491163765,-0.67401359668429
1715943874.6905808,0.0,0.0,0.0,1715943874.7105842,0.0,0.0,0.0,1715943874.7005553,0.01581915628196437,-0.016238068334949007,-0.49816705344923407,1715943875.160812,0.01902900521584872,0.0016322705128459791,0.00011569088171911601,1715943875.0206378,0.00782931040630275,0.012869138614026054,0.0027392877970506702,1715943875.0109067,0.009743091897150169,-0.034196814884141835,-0.6743414173318723
1715943874.7005553,0.0,0.0,0.0,1715943874.7205567,0.0,0.0,0.0,1715943874.7105842,0.01747769313617112,-0.01564122119044775,-0.4981294556258786,1715943875.1706126,0.017107842534578286,0.013367219464783142,0.003951683713284836,1715943875.030651,0.018902561234200796,0.0072776539538284,0.008558919893005047,1715943875.0206378,0.007365176409583896,-0.034449919116686045,-0.6744175002942718
1715943874.7105842,0.0,0.0,0.0,1715943874.7305717,0.0,0.0,0.0,1715943874.7205567,0.019558595204939855,-0.014318362911585947,-0.4981743165136938,1715943875.1806538,0.01784713976752214,0.01596261070503857,0.019367860844700033,1715943875.041351,0.004576443625263072,0.012261847983541019,0.0037919924791236805,1715943875.030651,0.007643460659027657,-0.03280701675903641,-0.6744199158692012
1715943874.7205567,0.0,0.0,0.0,1715943874.7406244,0.0,0.0,0.0,1715943874.7305717,0.01766793669757377,-0.013449069342493125,-0.49821740729895564,1715943875.1906197,0.0055675106087714555,0.012881206124719213,0.017874147930492544,1715943875.120582,0.01098462435495649,0.007818671668075261,0.003235573564599611,1715943875.041351,0.008601687721466522,-0.03334218999565319,-0.6746309016201089
1715943874.7305717,0.0,0.0,0.0,1715943874.7505682,0.0,0.0,0.0,1715943874.7406244,0.01729829014776657,-0.011999507945702037,-0.498244416783068,1715943875.2112124,0.010235611757149807,0.0018756721044679292,0.0026843202989399284,1715943875.1306243,0.009243552373461384,0.008326899622199457,0.016935289824753733,1715943875.120582,0.017759534462431947,-0.028375263004253304,-0.6760595985206272
1715943874.7406244,0.0,0.0,0.0,1715943874.7606502,0.0,0.0,0.0,1715943874.7505682,0.018625759852290952,-0.011204185011255419,-0.49829616992345993,1715943875.2206492,0.0007807906924132526,0.005188591417589095,0.010478062648397263,1715943875.1427402,0.0078062978687875005,0.00041709125437017214,0.009497333399878884,1715943875.1306243,0.020180136043708163,-0.02827314748836529,-0.6764185285520306
1715943874.7505682,0.0,0.0,0.0,1715943874.770569,0.0,0.0,0.0,1715943874.7606502,0.01669580434836304,-0.011018326108616971,-0.4982646961912004,1715943875.23065,0.011405211541220636,0.016641315227972298,0.012923569297199133,1715943875.160812,0.01902900521584872,0.0016322705128459791,0.00011569088171911601,1715943875.1427402,0.021223769467574538,-0.02665196014850979,-0.6767882145240041
1715943874.7606502,0.0,0.0,0.0,1715943874.7805932,0.0,0.0,0.0,1715943874.770569,0.01452691114411686,-0.010973100778402856,-0.49818969684374736,1715943875.3006172,0.008259627737058616,0.015978298677492342,0.01699737352260157,1715943875.1706126,0.017107842534578286,0.013367219464783142,0.003951683713284836,1715943875.160812,0.02402857814038173,-0.030478058227494387,-0.6770328034071866
1715943874.770569,0.0,0.0,0.0,1715943874.8907366,0.0,0.0,0.0,1715943874.7805932,0.012569644369574168,-0.011308467841508962,-0.49810618629707315,1715943875.310761,0.00441579639210581,0.008556291300135133,0.01862066778824021,1715943875.1806538,0.01784713976752214,0.01596261070503857,0.019367860844700033,1715943875.1706126,0.02492881534659741,-0.03243591396463352,-0.6771827150688781
1715943874.7805932,0.0,0.0,0.0,1715943874.9007366,0.0,0.0,0.0,1715943874.8907366,0.012252123772245882,-0.023389594020370774,-0.495427546870208,1715943875.3205986,0.019195759749485855,0.018491044365851472,0.0014609377924176218,1715943875.1906197,0.0055675106087714555,0.012881206124719213,0.017874147930492544,1715943875.1806538,0.02384837204390644,-0.03364354673785375,-0.6772243882449498
1715943874.8907366,0.0,0.0,0.0,1715943874.9107132,0.0,0.0,0.0,1715943874.9007366,0.011061671148938301,-0.025000936731650603,-0.4953512765327127,1715943875.330688,0.004680779712801509,0.015296042999004777,0.01900041836195199,1715943875.2112124,0.010235611757149807,0.0018756721044679292,0.0026843202989399284,1715943875.1906197,0.02227155879864373,-0.03424664341831374,-0.6772536563480163
1715943874.9007366,0.0,0.0,0.0,1715943874.920573,0.0,0.0,0.0,1715943874.9107132,0.009081383930059472,-0.02552512030415488,-0.4952481783891533,1715943875.3412445,0.01375456063653723,0.010768366447401423,0.01261795542181098,1715943875.2206492,0.0007807906924132526,0.005188591417589095,0.010478062648397263,1715943875.2112124,0.02489524246449326,-0.030610861688862734,-0.6769842551718952
1715943874.9107132,0.0,0.0,0.0,1715943874.9305813,0.0,0.0,0.0,1715943874.920573,0.010665384001251776,-0.025905914836360733,-0.4952302890784139,1715943875.3506258,0.01099429839637051,0.012685813210616903,0.013878649647691673,1715943875.23065,0.011405211541220636,0.016641315227972298,0.012923569297199133,1715943875.2206492,0.025785394377687343,-0.029056656197208097,-0.6767706110850717
1715943874.920573,0.0,0.0,0.0,1715943874.9407287,0.0,0.0,0.0,1715943874.9305813,0.012656067236810786,-0.025732307134469945,-0.49517740255828424,1715943875.3608034,0.0195693081471387,0.011965015283380342,0.013534531714193426,1715943875.3006172,0.008259627737058616,0.015978298677492342,0.01699737352260157,1715943875.23065,0.023472559735109755,-0.029008504380637845,-0.6764025527713216
1715943874.9305813,0.0,0.0,0.0,1715943874.9506135,0.0,0.0,0.0,1715943874.9407287,0.011694152259979329,-0.024377709921185042,-0.49508021847941047,1715943875.3706152,0.00435718910171479,0.01599296189019106,0.009545937275812202,1715943875.310761,0.00441579639210581,0.008556291300135133,0.01862066778824021,1715943875.3006172,0.027632462189684404,-0.0318769809708388,-0.6731351689942819
1715943874.9407287,0.0,0.0,0.0,1715943874.9609067,0.0,0.0,0.0,1715943874.9506135,0.00983708193969135,-0.02378804732926887,-0.49477503070521445,1715943875.3807125,0.006823157682498283,0.002397472340974538,0.013796193624360638,1715943875.3205986,0.019195759749485855,0.018491044365851472,0.0014609377924176218,1715943875.310761,0.027194499503229608,-0.02994542810222489,-0.6723594787959852
1715943874.9506135,0.0,0.0,0.0,1715943874.9706378,0.0,0.0,0.0,1715943874.9609067,0.010718506503911485,-0.023477689045294126,-0.4945871803515439,1715943875.3906593,0.0008536991259608948,0.016812273063284477,0.014587597042839122,1715943875.330688,0.004680779712801509,0.015296042999004777,0.01900041836195199,1715943875.3205986,0.02630325618220386,-0.028599687236768423,-0.6715630877356942
1715943874.9609067,0.0,0.0,0.0,1715943874.980651,0.0,0.0,0.0,1715943874.9706378,0.012171006692309694,-0.02371984743982991,-0.49461484565358665,1715943875.580668,0.005007423796911605,0.004026433881163083,0.003978340873040182,1715943875.3412445,0.01375456063653723,0.010768366447401423,0.01261795542181098,1715943875.330688,0.0288220046229255,-0.0282457036700956,-0.6705874827371421
1715943874.9706378,0.0,0.0,0.0,1715943874.9913511,0.0,0.0,0.0,1715943874.980651,0.011767608008346614,-0.022086084707724662,-0.4945793705224103,1715943875.5907433,0.00778663043777511,0.009639938327838493,0.008575431156602836,1715943875.3506258,0.01099429839637051,0.012685813210616903,0.013878649647691673,1715943875.3412445,0.030821462202875072,-0.02907030118524845,-0.6693892357804039
1715943874.980651,0.0,0.0,0.0,1715943875.09274,0.0,0.0,0.0,1715943874.9913511,0.008378839898514429,-0.022495525687183937,-0.4944356747596289,1715943875.6006699,0.016634045311698042,0.013354015231640481,0.014311482696607746,1715943875.3608034,0.0195693081471387,0.011965015283380342,0.013534531714193426,1715943875.3506258,0.02914529605505578,-0.030393908087995358,-0.6681111209048813
1715943874.9913511,0.0,0.0,0.0,1715943875.1006382,0.0,0.0,0.0,1715943875.09274,-0.004606531663215424,-0.019836039600148236,-0.49269495921037143,1715943875.6107423,0.002523638279541107,0.012566633646834413,0.019227294044306315,1715943875.3706152,0.00435718910171479,0.01599296189019106,0.009545937275812202,1715943875.3608034,0.027643142422100198,-0.031610961016089956,-0.6666240825108627
1715943875.09274,0.0,0.0,0.0,1715943875.110812,0.0,0.0,0.0,1715943875.1006382,-0.002764496625419277,-0.02024973176379663,-0.49262877732416177,1715943875.6206403,0.01092501588828942,0.0005002377083835885,0.018560956730980325,1715943875.3807125,0.006823157682498283,0.002397472340974538,0.013796193624360638,1715943875.3706152,0.027874754322038786,-0.034019302048850175,-0.6650707138637468
1715943875.1006382,0.0,0.0,0.0,1715943875.1206126,0.0,0.0,0.0,1715943875.110812,-0.0033843112580075607,-0.021982162520627124,-0.49255066278006665,1715943875.6306472,0.005747222304523927,0.0019292412001161718,0.018673527371474142,1715943875.3906593,0.0008536991259608948,0.016812273063284477,0.014587597042839122,1715943875.3807125,0.02805341067877798,-0.036068717220369306,-0.6636371604309925
1715943875.110812,0.0,0.0,0.0,1715943875.1306539,0.0,0.0,0.0,1715943875.1206126,-0.0039988809535105585,-0.023575736303403927,-0.4924426313020718,1715943875.6409988,0.018518162484143837,0.004581207328816506,0.016467009642022568,1715943875.580668,0.005007423796911605,0.004026433881163083,0.003978340873040182,1715943875.3906593,0.028331641366064364,-0.03778642817325539,-0.6620797332587038
1715943875.1206126,0.0,0.0,0.0,1715943875.1406198,0.0,0.0,0.0,1715943875.1306539,-0.00258071336658916,-0.02493259473728382,-0.4924403770741967,1715943875.6506739,0.015689771500067687,0.008575276502826634,0.0011231855987451113,1715943875.5907433,0.00778663043777511,0.009639938327838493,0.008575431156602836,1715943875.580668,0.028778113787388815,-0.017549099604446283,-0.6306525121698776
1715943875.1306539,0.0,0.0,0.0,1715943875.1506882,0.0,0.0,0.0,1715943875.1406198,-0.0007193734975256549,-0.025487957386800986,-0.4924984667441299,1715943875.6606984,0.012933004194101025,0.007489955453282349,0.008689074037375347,1715943875.6006699,0.016634045311698042,0.013354015231640481,0.014311482696607746,1715943875.5907433,0.026738190904014303,-0.017292601948970754,-0.6293528329076459
1715943875.1406198,0.0,0.0,0.0,1715943875.1612124,0.0,0.0,0.0,1715943875.1506882,0.001741500625579151,-0.0247754303742469,-0.49266019978520126,1715943875.7106833,0.014989574832115922,0.0167344134713876,0.019693826848953273,1715943875.6107423,0.002523638279541107,0.012566633646834413,0.019227294044306315,1715943875.6006699,0.025724107127152784,-0.01673402449104966,-0.6283014213470013
1715943875.1506882,0.0,0.0,0.0,1715943875.1706493,0.0,0.0,0.0,1715943875.1612124,-0.00014580799821056756,-0.024178922463626407,-0.492794208034342,1715943875.7306917,0.01379508109795906,0.01349023125196469,0.0185680720493909,1715943875.6206403,0.01092501588828942,0.0005002377083835885,0.018560956730980325,1715943875.6107423,0.025667162793505227,-0.01912841910143248,-0.627387192518893
1715943875.1612124,0.0,0.0,0.0,1715943875.18065,0.0,0.0,0.0,1715943875.1706493,-0.0015418687141114662,-0.022876058895619167,-0.49305774785444556,1715943875.7415748,0.013260523381557403,0.008048195868807007,0.019838076829551143,1715943875.6306472,0.005747222304523927,0.0019292412001161718,0.018673527371474142,1715943875.6206403,0.02370880142946241,-0.02005307924205435,-0.6265174281791959
1715943875.1706493,0.0,0.0,0.0,1715943875.2506173,0.0,0.0,0.0,1715943875.18065,-0.0001280583178577821,-0.022453437854301317,-0.49343846317491497,1715943875.7507482,0.015841229547002116,0.01522852594920554,0.009876231104109345,1715943875.6409988,0.018518162484143837,0.004581207328816506,0.016467009642022568,1715943875.6306472,0.022176392783024745,-0.020553852019042917,-0.6256194084526934
1715943875.18065,0.0,0.0,0.0,1715943875.260761,0.0,0.0,0.0,1715943875.2506173,-0.00310962028992795,-0.025317367594326123,-0.49694155886070007,1715943875.780711,0.011418461156488645,0.017360076382543,0.007193005135507061,1715943875.6506739,0.015689771500067687,0.008575276502826634,0.0011231855987451113,1715943875.6409988,0.024478465985170672,-0.02012477589441497,-0.6251152067839021
1715943875.2506173,0.0,0.0,0.0,1715943875.2705986,0.0,0.0,0.0,1715943875.260761,-0.002946694531877375,-0.023145860986766076,-0.4977166653097068,1715943875.7907035,0.00591126062925727,0.009401140156771515,0.0033295026192263774,1715943875.6606984,0.012933004194101025,0.007489955453282349,0.008689074037375347,1715943875.6506739,0.023611010110581088,-0.018203903818226452,-0.6247123799734613
1715943875.260761,0.0,0.0,0.0,1715943875.2806878,0.0,0.0,0.0,1715943875.2705986,-0.0018407548894692483,-0.021326516068507884,-0.4985305917526752,1715943875.8007038,0.019038355446818485,0.006122048830891513,0.005449824810673751,1715943875.7106833,0.014989574832115922,0.0167344134713876,0.019693826848953273,1715943875.6606984,0.022875060860462426,-0.016479663198832206,-0.6243900075457898
1715943875.2705986,0.0,0.0,0.0,1715943875.2912445,0.0,0.0,0.0,1715943875.2806878,-0.0031422378753823976,-0.02116177526536811,-0.499525573454607,1715943875.8107002,0.007517005576556465,0.006871584542599729,0.007043767282758565,1715943875.7306917,0.01379508109795906,0.01349023125196469,0.0185680720493909,1715943875.7106833,0.01672172708239028,-0.016782266466676354,-0.6241987772761544
1715943875.2806878,0.0,0.0,0.0,1715943875.3006258,0.0,0.0,0.0,1715943875.2912445,-0.005409236340665202,-0.021802922227549537,-0.5007319498365093,1715943875.8206935,0.014277180898224936,0.010928273337408534,0.008630629671575667,1715943875.7415748,0.013260523381557403,0.008048195868807007,0.019838076829551143,1715943875.7306917,0.012248049576964792,-0.017508526742052277,-0.6243567290071592
1715943875.2912445,0.0,0.0,0.0,1715943875.3108032,0.0,0.0,0.0,1715943875.3006258,-0.004065201936512941,-0.0234898897485587,-0.501955165130696,1715943875.8306925,0.0003407374652105895,0.00827040773680432,0.015078686049753785,1715943875.7507482,0.015841229547002116,0.01522852594920554,0.009876231104109345,1715943875.7415748,0.011812734851588402,-0.015617479393777556,-0.6242179051028218
1715943875.3006258,0.0,0.0,0.0,1715943875.3206153,0.0,0.0,0.0,1715943875.3108032,-0.0030734790241898624,-0.025664144506976516,-0.5034099040131969,1715943875.8406672,0.008585842829779306,0.003423004910408034,0.015904577550348617,1715943875.780711,0.011418461156488645,0.017360076382543,0.007193005135507061,1715943875.7507482,0.013065412618665562,-0.015883638746028383,-0.6243612402754932
1715943875.3108032,0.0,0.0,0.0,1715943875.3307126,0.0,0.0,0.0,1715943875.3206153,-0.003357611242253089,-0.027774079862750156,-0.5049390994953845,1715943875.85098,0.01144741326327502,0.01637598536344642,0.00903376832423956,1715943875.7907035,0.00591126062925727,0.009401140156771515,0.0033295026192263774,1715943875.780711,0.01887339757602602,-0.017693529648665107,-0.6250675327085826
1715943875.3206153,0.0,0.0,0.0,1715943875.3406594,0.0,0.0,0.0,1715943875.3307126,-0.0039043340035885277,-0.029517881607724616,-0.5064474585115866,1715943875.8706458,0.011946007997043958,0.007770334772185583,0.010271950858988787,1715943875.8007038,0.019038355446818485,0.006122048830891513,0.005449824810673751,1715943875.7907035,0.017464077648876586,-0.01963938460756287,-0.6252239906761545
1715943875.3307126,0.0,0.0,0.0,1715943875.530668,0.0,0.0,0.0,1715943875.3406594,-0.004139930902816058,-0.030955352405179992,-0.5080439915861062,1715943875.8906434,0.0009031400409707869,0.01651505043566326,0.010469002708464303,1715943875.8107002,0.007517005576556465,0.006871584542599729,0.007043767282758565,1715943875.8007038,0.019067541677159294,-0.021730039982907012,-0.62538469472495
1715943875.3406594,0.0,0.0,0.0,1715943875.5407434,0.0,0.0,0.0,1715943875.530668,-0.00354662503083758,-0.010418156341277074,-0.5392194459069366,1715943875.9007373,0.01706405323019824,0.0030940006758235494,0.0196274653332742,1715943875.8206935,0.014277180898224936,0.010928273337408534,0.008630629671575667,1715943875.8107002,0.021182857960649226,-0.02296373291364806,-0.6256376924394438
1715943875.530668,0.0,0.0,0.0,1715943875.55067,0.0,0.0,0.0,1715943875.5407434,-0.001973092469283566,-0.00986096989444496,-0.5403461714658008,1715943875.9108288,0.010764479537439479,0.004005046440132443,0.0169479927875205,1715943875.8306925,0.0003407374652105895,0.00827040773680432,0.015078686049753785,1715943875.8206935,0.023703658429121255,-0.023241958567248977,-0.6258093234351731
1715943875.5407434,0.0,0.0,0.0,1715943875.5607424,0.0,0.0,0.0,1715943875.55067,-0.0028880361226538698,-0.008905161730010658,-0.5413572246669495,1715943875.9206707,0.01863088640428681,0.009188772246993215,0.01530060867789422,1715943875.8406672,0.008585842829779306,0.003423004910408034,0.015904577550348617,1715943875.8306925,0.025193796530078583,-0.0216633086078053,-0.6260041920366284
1715943875.55067,0.0,0.0,0.0,1715943875.57064,0.0,0.0,0.0,1715943875.5607424,-0.004047107662492555,-0.010916102189079346,-0.5423261867166984,1715943875.9307196,0.001821418665289387,0.011280946497114197,0.012093955546059194,1715943875.85098,0.01144741326327502,0.01637598536344642,0.00903376832423956,1715943875.8406672,0.025135311330947374,-0.020121927741328705,-0.6262462793548975
1715943875.5607424,0.0,0.0,0.0,1715943875.5806472,0.0,0.0,0.0,1715943875.57064,-0.002595659709374254,-0.011980386249508479,-0.5431952626652111,1715943875.9421234,0.014221451176375959,0.014959645404467148,0.018196831870320528,1715943875.8706458,0.011946007997043958,0.007770334772185583,0.010271950858988787,1715943875.85098,0.02342444536958377,-0.0201530385263633,-0.6264559588315812
1715943875.57064,0.0,0.0,0.0,1715943875.590999,0.0,0.0,0.0,1715943875.5806472,-0.0004453040370842043,-0.012650569507583143,-0.5440216240307004,1715943875.9608562,0.016662828512741347,0.015515350438142894,0.016579197344203392,1715943875.8906434,0.0009031400409707869,0.01651505043566326,0.010469002708464303,1715943875.8706458,0.024004541202481633,-0.01743439164719285,-0.6268148619275129
1715943875.5806472,0.0,0.0,0.0,1715943875.600674,0.0,0.0,0.0,1715943875.590999,-0.00239227453184776,-0.01225195888282693,-0.5445984123334366,1715943875.9707074,0.0017283724228610593,0.014972976890682999,0.0176435426638488,1715943875.9007373,0.01706405323019824,0.0030940006758235494,0.0196274653332742,1715943875.8906434,0.020030817026910785,-0.018648106452791247,-0.627020842656032
1715943875.590999,0.0,0.0,0.0,1715943875.6106985,0.0,0.0,0.0,1715943875.600674,-0.0024789139246045866,-0.010070652744661457,-0.5450392711608782,1715943876.6108785,0.016639095915266664,0.018727100272649233,0.0037456056630513707,1715943875.9108288,0.010764479537439479,0.004005046440132443,0.0169479927875205,1715943875.9007373,0.01839419693083233,-0.019513932759318342,-0.6269594105373031
1715943875.600674,0.0,0.0,0.0,1715943875.6915748,0.0,0.0,0.0,1715943875.6106985,-0.001540244345963615,-0.008023047932351313,-0.5453976795597539,1715943876.620746,0.003346384601300944,0.00994189080876362,0.01847824762847584,1715943875.9206707,0.01863088640428681,0.009188772246993215,0.01530060867789422,1715943875.9108288,0.016540467780479684,-0.020959420029009745,-0.6270715466864107
1715943875.6106985,0.0,0.0,0.0,1715943875.7007482,0.0,0.0,0.0,1715943875.6915748,0.006398022605580589,-0.007655883333434366,-0.5458322286465738,1715943876.63082,0.01496384343988764,0.0024720791260774977,0.016687223620694237,1715943875.9307196,0.001821418665289387,0.011280946497114197,0.012093955546059194,1715943875.9206707,0.01467390011600811,-0.020822343688923217,-0.6271790961932684
1715943875.6915748,0.0,0.0,0.0,1715943875.710689,0.0,0.0,0.0,1715943875.7007482,0.003998338683146863,-0.007828731034548175,-0.5457791406932746,1715943876.670765,0.0030503981749273033,0.01005411183182181,0.00891695160817481,1715943875.9421234,0.014221451176375959,0.014959645404467148,0.018196831870320528,1715943875.9307196,0.015795135674228966,-0.022730074472143258,-0.6273167056218742
1715943875.7007482,0.0,0.0,0.0,1715943875.7206707,0.0,0.0,0.0,1715943875.710689,0.005256423521196152,-0.009149544383953767,-0.5458417520221377,1715943876.6807437,0.014180236506730275,0.003757632149919754,0.0034477529841725986,1715943875.9608562,0.016662828512741347,0.015515350438142894,0.016579197344203392,1715943875.9421234,0.013329230540144898,-0.02310973737873301,-0.6275257860382117
1715943875.710689,0.0,0.0,0.0,1715943875.730711,0.0,0.0,0.0,1715943875.7206707,0.0037365264293577893,-0.009738063546466558,-0.5458032209535462,1715943876.6907182,0.006718182632194391,0.0015496004414832232,0.012280191382805068,1715943875.9707074,0.0017283724228610593,0.014972976890682999,0.0176435426638488,1715943875.9608562,0.01731258355453491,-0.022089385725879485,-0.6278553226631924
1715943875.7206707,0.0,0.0,0.0,1715943875.7407036,0.0,0.0,0.0,1715943875.730711,0.0015938998443369434,-0.010131003021364826,-0.5456677494844666,1715943876.7007375,0.002416809132406171,0.017880318878886747,0.004032281692133215,1715943876.6108785,0.016639095915266664,0.018727100272649233,0.0037456056630513707,1715943875.9707074,0.019063262243491863,-0.021221769280136416,-0.6281574345235921
1715943875.730711,0.0,0.0,0.0,1715943875.7507038,0.0,0.0,0.0,1715943875.7407036,0.0008702214125778651,-0.012275875002400127,-0.5455785199441001,1715943876.7107553,0.018571434564863223,0.011538000741670773,0.004050510205861457,1715943876.620746,0.003346384601300944,0.00994189080876362,0.01847824762847584,1715943876.6108785,0.006635124432710082,-0.02262028849823139,-0.6376830190164142
1715943875.7407036,0.0,0.0,0.0,1715943875.7607002,0.0,0.0,0.0,1715943875.7507038,2.3119545837224642e-05,-0.013922680167200108,-0.5454828196921253,1715943876.7307763,0.01713773440258521,0.015130726445874654,0.005956163460600825,1715943876.63082,0.01496384343988764,0.0024720791260774977,0.016687223620694237,1715943876.620746,0.008663780395897991,-0.02281857928053599,-0.6377916899118503
1715943875.7507038,0.0,0.0,0.0,1715943875.7706935,0.0,0.0,0.0,1715943875.7607002,-0.0013029254130771384,-0.015028818433104218,-0.5453425507928851,1715943876.7407541,0.00806861012080446,0.0043450981806141264,0.013562704091548354,1715943876.670765,0.0030503981749273033,0.01005411183182181,0.00891695160817481,1715943876.63082,0.008822381209502517,-0.024676685346127325,-0.6377979445052047
1715943875.7607002,0.0,0.0,0.0,1715943875.7806926,0.0,0.0,0.0,1715943875.7706935,-0.0029480497225330415,-0.015180314709765774,-0.5452099391972612,1715943876.7610219,0.010475203204903869,0.019662331084818296,0.0028163489031830997,1715943876.6807437,0.014180236506730275,0.003757632149919754,0.0034477529841725986,1715943876.670765,0.015457797004418516,-0.019505837952165317,-0.6385377770750535
1715943875.7706935,0.0,0.0,0.0,1715943875.7906673,0.0,0.0,0.0,1715943875.7806926,-0.003582106626206616,-0.013663782598001939,-0.5449777316623269,1715943876.7708082,0.0080732754290224,0.006750935636818056,0.01755009155789014,1715943876.6907182,0.006718182632194391,0.0015496004414832232,0.012280191382805068,1715943876.6807437,0.016850065333468223,-0.017772807706459837,-0.6386612411214241
1715943875.7806926,0.0,0.0,0.0,1715943875.80098,0.0,0.0,0.0,1715943875.7906673,-0.0029669791022995384,-0.011851781577991938,-0.5447828897287206,1715943876.790757,0.007307548351128679,0.00545341566146984,0.005050504054171696,1715943876.7007375,0.002416809132406171,0.017880318878886747,0.004032281692133215,1715943876.6907182,0.01567262138641512,-0.016443554112637093,-0.6387682840097337
1715943875.7906673,0.0,0.0,0.0,1715943875.8106973,0.0,0.0,0.0,1715943875.80098,-0.0006638686925027337,-0.011834095958868529,-0.5445758356695569,1715943877.0308013,0.017582989761524493,0.008114493936893785,0.01703839119520376,1715943876.7107553,0.018571434564863223,0.011538000741670773,0.004050510205861457,1715943876.7007375,0.014671733714366475,-0.015600531922931316,-0.6389405776975279
1715943875.80098,0.0,0.0,0.0,1715943875.8206458,0.0,0.0,0.0,1715943875.8106973,0.001649759966430353,-0.011468628677291148,-0.5444291625478527,1715943877.0508115,0.0014118002367985811,6.179737112743666e-05,0.013794286120486651,1715943876.7307763,0.01713773440258521,0.015130726445874654,0.005956163460600825,1715943876.7107553,0.01720095785266862,-0.015287302443065087,-0.6392159005208562
1715943875.8106973,0.0,0.0,0.0,1715943875.8306782,0.0,0.0,0.0,1715943875.8206458,0.0019356415851811137,-0.009880290451128815,-0.544317306949394,1715943877.060908,0.004767983074055135,0.011620251981793617,0.0010468338485214988,1715943876.7407541,0.00806861012080446,0.0043450981806141264,0.013562704091548354,1715943876.7307763,0.014067287006981122,-0.01751887304020272,-0.6394871795311232
1715943875.8206458,0.0,0.0,0.0,1715943875.8406432,0.0,0.0,0.0,1715943875.8306782,0.0014621772254063137,-0.008424387344571294,-0.5441921604318997,1715943877.0707858,0.010419261027796455,0.007751803422515913,0.00083948296055602,1715943876.7610219,0.010475203204903869,0.019662331084818296,0.0028163489031830997,1715943876.7407541,0.012605193506094459,-0.018404179084584138,-0.6396636602683277
1715943875.8306782,0.0,0.0,0.0,1715943875.8507373,0.0,0.0,0.0,1715943875.8406432,0.0033559949470555184,-0.008963730641345036,-0.5441678580832329,1715943877.080785,0.014520039540497593,0.010529603379346941,0.011979899193788963,1715943876.7708082,0.0080732754290224,0.006750935636818056,0.01755009155789014,1715943876.7610219,0.008662336041219465,-0.01841255138979725,-0.6399711247008888
1715943875.8406432,0.0,0.0,0.0,1715943875.8608289,0.0,0.0,0.0,1715943875.8507373,0.0055448835269617525,-0.009927886531229557,-0.5442417975683811,1715943877.0907605,0.013278324187322953,0.007863079537900441,0.002644342825230541,1715943876.790757,0.007307548351128679,0.00545341566146984,0.005050504054171696,1715943876.7708082,0.006801453797401269,-0.018794633563252283,-0.6399750974265483
1715943875.8507373,0.0,0.0,0.0,1715943875.8706708,0.0,0.0,0.0,1715943875.8608289,0.007056868170569053,-0.011555274819916805,-0.5442403348701311,1715943877.1109033,0.003986413755283266,0.0004012567977977888,0.013626233801978636,1715943877.0308013,0.017582989761524493,0.008114493936893785,0.01703839119520376,1715943876.790757,0.002405244841047871,-0.020052763989151012,-0.6401535008592099
1715943875.8608289,0.0,0.0,0.0,1715943875.8807194,0.0,0.0,0.0,1715943875.8706708,0.008870603442009739,-0.011378904089269781,-0.5442086095782929,1715943877.4908292,0.005437132858644134,0.005639423349505179,0.014251261681151222,1715943877.0508115,0.0014118002367985811,6.179737112743666e-05,0.013794286120486651,1715943877.0308013,0.015699915455388957,-0.024549178979230035,-0.6444456652053905
1715943875.8706708,0.0,0.0,0.0,1715943875.8921235,0.0,0.0,0.0,1715943875.8807194,0.0070189473543813,-0.01240549319741846,-0.5441641705429296,1715943877.5008352,0.007393308075384182,0.015581616397427833,0.0005434881880811019,1715943877.060908,0.004767983074055135,0.011620251981793617,0.0010468338485214988,1715943877.0508115,0.01737789105327492,-0.028836430786568723,-0.6451949353636834
1715943875.8807194,0.0,0.0,0.0,1715943875.900695,0.0,0.0,0.0,1715943875.8921235,0.008780440661293465,-0.013354485320719256,-0.5440393568058857,1715943877.5108802,0.019328605738320154,0.0008000752998040817,0.010825621583348453,1715943877.0707858,0.010419261027796455,0.007751803422515913,0.00083948296055602,1715943877.060908,0.015627045975254106,-0.030245592601665816,-0.6455410525918879
1715943875.8921235,0.0,0.0,0.0,1715943875.9108562,0.0,0.0,0.0,1715943875.900695,0.007239024241022407,-0.012750512991961171,-0.5438971791582073,1715943877.5208335,0.0004820450520865577,0.011403550189750034,0.019684620224632913,1715943877.080785,0.014520039540497593,0.010529603379346941,0.011979899193788963,1715943877.0707858,0.017435678443660674,-0.029010615933661388,-0.6458623124320848
1715943875.900695,0.0,0.0,0.0,1715943876.58082,0.0,0.0,0.0,1715943875.9108562,0.005329736018094444,-0.012147359908467159,-0.5436753986317413,1715943877.8408751,0.015750354998323925,0.005530731323538207,0.004394987920391125,1715943877.0907605,0.013278324187322953,0.007863079537900441,0.002644342825230541,1715943877.080785,0.019613805902269466,-0.028783787173040754,-0.6461835314607889
1715943875.9108562,0.0,0.0,0.0,1715943876.5917435,0.0,0.0,0.0,1715943876.58082,0.011026535915439895,-0.01656802895253162,-0.5366133891894541,1715943877.8508976,0.016318087390752908,0.014326544894041948,0.01617595698000852,1715943877.1109033,0.003986413755283266,0.0004012567977977888,0.013626233801978636,1715943877.0907605,0.019647648229809356,-0.026907082750881717,-0.6463567826872945
1715943876.58082,0.0,0.0,0.0,1715943876.6007917,0.0,0.0,0.0,1715943876.5917435,0.008865958458912637,-0.01642596810615271,-0.5365054680063073,1715943877.8609471,0.005403456898423413,0.016035261275347823,0.0056925702729584745,1715943877.4908292,0.005437132858644134,0.005639423349505179,0.014251261681151222,1715943877.1109033,0.017838141239708616,-0.023976833319353297,-0.6463175464268964
1715943876.5917435,0.0,0.0,0.0,1715943876.6507373,0.0,0.0,0.0,1715943876.6007917,0.007274513868170351,-0.01591272873066063,-0.5364287820952391,1715943877.870872,0.005516198594244194,0.002093079584426727,0.011975343154089243,1715943877.5008352,0.007393308075384182,0.015581616397427833,0.0005434881880811019,1715943877.4908292,0.011344228032335923,-0.02300049713685981,-0.6513159856286066
1715943876.6007917,0.0,0.0,0.0,1715943876.6607554,0.0,0.0,0.0,1715943876.6507373,0.007353951261437286,-0.007242184430087839,-0.5359993761144211,1715943878.2609067,0.01898672443089846,0.012676428023731479,0.0160556135704474,1715943877.5108802,0.019328605738320154,0.0008000752998040817,0.010825621583348453,1715943877.5008352,0.009188566413035115,-0.022673908526944286,-0.6514099072029147
1715943876.6507373,0.0,0.0,0.0,1715943876.6707337,0.0,0.0,0.0,1715943876.6607554,0.005954858922852135,-0.0073038442996486985,-0.5358601204271709,1715943878.2708967,0.018008706518995724,0.0020820779904324738,0.017354744920715277,1715943877.5208335,0.0004820450520865577,0.011403550189750034,0.019684620224632913,1715943877.5108802,0.007048959332340843,-0.023454472724013575,-0.6514942309531762
1715943876.6607554,0.0,0.0,0.0,1715943876.6807764,0.0,0.0,0.0,1715943876.6707337,0.004870090071271316,-0.009273868837217147,-0.5357119784047841,1715943878.280909,0.006343158402152364,0.00828464280502561,0.0018459269576000447,1715943877.8408751,0.015750354998323925,0.005530731323538207,0.004394987920391125,1715943877.5208335,0.009151555798364797,-0.022934917946455968,-0.6515808155015277
1715943876.6707337,0.0,0.0,0.0,1715943876.6907542,0.0,0.0,0.0,1715943876.6807764,0.0069437684107752085,-0.010336985078599925,-0.5355988329527617,1715943878.290894,0.0041166743537078,0.019583576161570804,0.0043060834599924405,1715943877.8508976,0.016318087390752908,0.014326544894041948,0.01617595698000852,1715943877.8408751,0.009755219087832945,-0.02193641844690397,-0.6547723528125466
1715943876.6807764,0.0,0.0,0.0,1715943876.7007692,0.0,0.0,0.0,1715943876.6907542,0.009145920717327283,-0.011276429328695103,-0.5354788398762389,1715943878.5009372,0.0013439833910313375,0.013302830750507422,0.010674470088307452,1715943877.8609471,0.005403456898423413,0.016035261275347823,0.0056925702729584745,1715943877.8508976,0.008087173324324848,-0.02383126130332891,-0.6548385094751676
1715943876.6907542,0.0,0.0,0.0,1715943876.711022,0.0,0.0,0.0,1715943876.7007692,0.010662988542873564,-0.009969787159562982,-0.5354109249884262,1715943878.5109227,0.01521362534112133,0.0011586540017527458,0.0032190672563751086,1715943877.870872,0.005516198594244194,0.002093079584426727,0.011975343154089243,1715943877.8609471,0.007843537687617808,-0.026210023272295935,-0.6549217410589474
1715943876.7007692,0.0,0.0,0.0,1715943876.7208083,0.0,0.0,0.0,1715943876.711022,0.012606770751016128,-0.010225224300839386,-0.5353002110331483,1715943878.520926,0.008321475679006778,0.009324009694888558,0.015205564847224599,1715943878.2609067,0.01898672443089846,0.012676428023731479,0.0160556135704474,1715943877.870872,0.007718891309516085,-0.028507729094431777,-0.6549454135187229
1715943876.711022,0.0,0.0,0.0,1715943876.7308633,0.0,0.0,0.0,1715943876.7208083,0.014392588277048646,-0.011138147189236669,-0.5354041794678304,1715943878.5414176,0.009765192621166952,0.015970581415722718,0.01853488130905806,1715943878.2708967,0.018008706518995724,0.0020820779904324738,0.017354744920715277,1715943878.2609067,0.006865208484806651,-0.023524670938015912,-0.6605790675592367
1715943876.7208083,0.0,0.0,0.0,1715943876.740757,0.0,0.0,0.0,1715943876.7308633,0.014974596309011434,-0.013047035008106223,-0.5353756165307396,1715943878.5609555,0.004024397990197492,0.011158297337032774,0.012377603297076798,1715943878.280909,0.006343158402152364,0.00828464280502561,0.0018459269576000447,1715943878.2708967,0.008051982031923366,-0.02151037037395942,-0.6608067188966187
1715943876.7308633,0.0,0.0,0.0,1715943877.0109081,0.0,0.0,0.0,1715943876.740757,0.01657691378459447,-0.01366486219384444,-0.5354023049957763,1715943878.5709548,0.018300123345098975,0.019564483459597604,0.014642676934273196,1715943878.290894,0.0041166743537078,0.019583576161570804,0.0043060834599924405,1715943878.280909,0.009806639491872104,-0.02037966300091476,-0.6610351337984621
1715943876.740757,0.0,0.0,0.0,1715943877.0207858,0.0,0.0,0.0,1715943877.0109081,0.00851661043131502,-0.016968887531028765,-0.5322677514616794,1715943878.5810018,0.009195240421111125,0.004281198037589196,0.016599883442639105,1715943878.5009372,0.0013439833910313375,0.013302830750507422,0.010674470088307452,1715943878.290894,0.01063273520924568,-0.01855372540024547,-0.6610613192384562
1715943877.0109081,0.0,0.0,0.0,1715943877.0307848,0.0,0.0,0.0,1715943877.0207858,0.006996299134665096,-0.016434685526673487,-0.5319572834505895,1715943878.590977,0.0002748344552521596,0.017097007329133884,0.012610348353206655,1715943878.5109227,0.01521362534112133,0.0011586540017527458,0.0032190672563751086,1715943878.5009372,0.014267292827291111,-0.0035586428351177535,-0.6636090135381991
1715943877.0207858,0.0,0.0,0.0,1715943877.0407603,0.0,0.0,0.0,1715943877.0307848,0.005124617934770703,-0.016169134045964206,-0.5317968920306352,1715943878.600967,0.005722429557398996,0.0016646721511315299,0.0038128430758808535,1715943878.520926,0.008321475679006778,0.009324009694888558,0.015205564847224599,1715943878.5109227,0.015611898153594428,-0.0021645260237861397,-0.6637545745614393
1715943877.0307848,0.0,0.0,0.0,1715943877.0507858,0.0,0.0,0.0,1715943877.0407603,0.004628887611688781,-0.014184803962917991,-0.5316764181618274,1715943878.6110003,0.0033578530190522984,0.00846125356176941,0.0023045151963669327,1715943878.5414176,0.009765192621166952,0.015970581415722718,0.01853488130905806,1715943878.520926,0.017477080995778937,-0.0010954483074694377,-0.663833880859027
1715943877.0407603,0.0,0.0,0.0,1715943877.0609033,0.0,0.0,0.0,1715943877.0507858,0.004895337652929099,-0.012240856459902583,-0.5316510894683057,1715943878.9510365,0.017911347258946598,0.01499424388817272,0.013187075157107497,1715943878.5609555,0.004024397990197492,0.011158297337032774,0.012377603297076798,1715943878.5414176,0.016294894921772052,0.00029024057815418836,-0.6639751996924197
1715943877.0507858,0.0,0.0,0.0,1715943877.0707862,0.0,0.0,0.0,1715943877.0609033,0.005314393328528844,-0.01042317405700377,-0.531685507705647,1715943879.3910189,0.0013816627489614403,0.012659742084126124,0.010964577560156457,1715943878.5709548,0.018300123345098975,0.019564483459597604,0.014642676934273196,1715943878.5609555,0.01601018076643923,-0.0054804647429720355,-0.6643897873133913
1715943877.0609033,0.0,0.0,0.0,1715943877.450835,0.0,0.0,0.0,1715943877.0707862,0.0065673729840941,-0.009134577884226669,-0.531677883846362,1715943879.401126,0.0007095778894582469,0.0003873883296519054,0.015659820407402998,1715943878.5810018,0.009195240421111125,0.004281198037589196,0.016599883442639105,1715943878.5709548,0.01606787357807482,-0.008221312700507966,-0.6645615781018464
1715943877.0707862,0.0,0.0,0.0,1715943877.4608803,0.0,0.0,0.0,1715943877.450835,0.008331963221759553,-0.013452742605791768,-0.5286668077440464,1715943879.4109926,0.006092650962094556,0.01575293717284909,0.0018811621048413435,1715943878.590977,0.0002748344552521596,0.017097007329133884,0.012610348353206655,1715943878.5810018,0.015395595169509946,-0.010456803127843362,-0.6647123038630891
1715943877.450835,0.0,0.0,0.0,1715943877.4708335,0.0,0.0,0.0,1715943877.4608803,0.009964771969299402,-0.014363826426268433,-0.5286317715000588,1715943879.6811478,0.004959909944146333,0.013817409198212838,0.016641229046328525,1715943878.600967,0.005722429557398996,0.0016646721511315299,0.0038128430758808535,1715943878.590977,0.0151691047306719,-0.012930345233762797,-0.664901348991318
1715943877.4608803,0.0,0.0,0.0,1715943877.4808886,0.0,0.0,0.0,1715943877.4708335,0.008373772103626775,-0.014273196317927006,-0.5286196924409766,1715943879.6910362,0.011527517979033734,0.002100187785457397,0.012683924655985366,1715943878.6110003,0.0033578530190522984,0.00846125356176941,0.0023045151963669327,1715943878.600967,0.014565536637921372,-0.01487496751448747,-0.6650883554696634
1715943877.4708335,0.0,0.0,0.0,1715943877.7908752,0.0,0.0,0.0,1715943877.4808886,0.006187003586311746,-0.014373878305936616,-0.5286570260386195,1715943879.701063,0.013660830928678156,0.016991692285661664,0.011962041802730519,1715943878.9510365,0.017911347258946598,0.01499424388817272,0.013187075157107497,1715943878.6110003,0.012993363915601464,-0.01617201662220813,-0.665165620477465
1715943877.4808886,0.0,0.0,0.0,1715943877.8008976,0.0,0.0,0.0,1715943877.7908752,0.005754681192670752,-0.008760426599490945,-0.527260682884248,1715943879.7110362,0.0046684485529601355,0.0062175933698587205,0.01741434732412963,1715943879.3910189,0.0013816627489614403,0.012659742084126124,0.010964577560156457,1715943878.9510365,0.028144217827364315,-0.03618598279083063,-0.6715133722762943
1715943877.7908752,0.0,0.0,0.0,1715943877.8109472,0.0,0.0,0.0,1715943877.8008976,0.006661410983223204,-0.010781332433130286,-0.5272331726589765,1715943879.7210488,0.003876362371892181,0.008217142641883335,0.010361969857166625,1715943879.401126,0.0007095778894582469,0.0003873883296519054,0.015659820407402998,1715943879.3910189,0.01426643147137785,-0.030108086241207976,-0.6775689954994712
1715943877.8008976,0.0,0.0,0.0,1715943877.820872,0.0,0.0,0.0,1715943877.8109472,0.006126462328551352,-0.012964077384591377,-0.5271676521859601,1715943879.7311845,0.0025820291115010423,0.008581955795423868,0.014837759044493986,1715943879.4109926,0.006092650962094556,0.01575293717284909,0.0018811621048413435,1715943879.401126,0.01618737582766805,-0.030518268084476663,-0.6777864606068738
1715943877.8109472,0.0,0.0,0.0,1715943878.2208967,0.0,0.0,0.0,1715943877.820872,0.00504739328212378,-0.014939835850465988,-0.527088086519475,1715943879.7410834,0.003245680358871175,0.016566268939836926,0.01182433975036334,1715943879.6811478,0.004959909944146333,0.013817409198212838,0.016641229046328525,1715943879.4109926,0.01797201011697913,-0.03112454878339843,-0.6780036798855757
1715943877.820872,0.0,0.0,0.0,1715943878.230909,0.0,0.0,0.0,1715943878.2208967,-0.00019415455785803948,-0.01018429151586231,-0.5231557586133382,1715943879.7611225,0.0022259276964258132,0.016799361862332995,0.0015527358678866232,1715943879.6910362,0.011527517979033734,0.002100187785457397,0.012683924655985366,1715943879.6811478,0.018687183896450854,-0.016507173574821232,-0.6823868479019435
1715943878.2208967,0.0,0.0,0.0,1715943878.2408938,0.0,0.0,0.0,1715943878.230909,-0.0019759718275429994,-0.009065560244974069,-0.5230306618361369,1715943879.7710574,0.007580321375242569,0.006936915496282614,0.0031381889046211225,1715943879.701063,0.013660830928678156,0.016991692285661664,0.011962041802730519,1715943879.6910362,0.01707077176062466,-0.015676551103739333,-0.6824414722430037
1715943878.230909,0.0,0.0,0.0,1715943878.2509,0.0,0.0,0.0,1715943878.2408938,-0.0031499572227319805,-0.007284582792600247,-0.523024778940939,1715943879.781238,0.0021765483449786844,0.005599083278859718,0.006407706044009304,1715943879.7110362,0.0046684485529601355,0.0062175933698587205,0.01741434732412963,1715943879.701063,0.017433017883022206,-0.013864504349200946,-0.6826059022443385
1715943878.2408938,0.0,0.0,0.0,1715943878.470926,0.0,0.0,0.0,1715943878.2509,-0.003525389374971266,-0.00538458531180952,-0.5230940557822334,1715943879.7910702,0.01439874941908367,0.013778313288180577,0.005388387351104885,1715943879.7210488,0.003876362371892181,0.008217142641883335,0.010361969857166625,1715943879.7110362,0.019992343779889232,-0.013674265016497378,-0.6827179683961928
1715943878.2509,0.0,0.0,0.0,1715943878.480956,0.0,0.0,0.0,1715943878.470926,-0.0028323936570094355,0.009270704843657107,-0.5213544324348842,1715943879.8011878,0.017621933324930207,0.019109034391537216,0.013886534647761283,1715943879.7311845,0.0025820291115010423,0.008581955795423868,0.014837759044493986,1715943879.7210488,0.021378122215960804,-0.012455226455270862,-0.6826660749163871
1715943878.470926,0.0,0.0,0.0,1715943878.4914174,0.0,0.0,0.0,1715943878.480956,-0.0022706796929924944,0.01065329078695032,-0.5213021964430868,1715943879.8111207,0.002102600654061486,0.01859456416183569,0.012294288267655065,1715943879.7410834,0.003245680358871175,0.016566268939836926,0.01182433975036334,1715943879.7311845,0.0199689578827984,-0.011876994353836823,-0.6826410969133079
1715943878.480956,0.0,0.0,0.0,1715943878.500953,0.0,0.0,0.0,1715943878.4914174,-0.0019943359888848766,0.011788092224770619,-0.5212446046734718,1715943879.8211052,0.01808739214578353,0.00878264095746717,0.006484780594028637,1715943879.7611225,0.0022259276964258132,0.016799361862332995,0.0015527358678866232,1715943879.7410834,0.020325870023659043,-0.010458825119350923,-0.6827388942993613
1715943878.4914174,0.0,0.0,0.0,1715943878.5109553,0.0,0.0,0.0,1715943878.500953,-0.0005860169566516138,0.009344654115633455,-0.5211521925333112,1715943879.8315449,0.01003651038130854,0.002964879847300761,0.005596206852560641,1715943879.7710574,0.007580321375242569,0.006936915496282614,0.0031381889046211225,1715943879.7611225,0.017173539606937016,-0.010054836803011113,-0.6829825827889859
1715943878.500953,0.0,0.0,0.0,1715943878.5209548,0.0,0.0,0.0,1715943878.5109553,-0.00041381985572258584,0.006442543428929026,-0.5210526806162443,1715943880.05114,0.013892567795063444,0.01673792388658346,0.00270322989317517,1715943879.781238,0.0021765483449786844,0.005599083278859718,0.006407706044009304,1715943879.7710574,0.01533209549593062,-0.01038869070256876,-0.6831997878588414
1715943878.5109553,0.0,0.0,0.0,1715943878.5310018,0.0,0.0,0.0,1715943878.5209548,0.00029798849322137944,0.003830550624094764,-0.520882078389932,1715943880.1210966,0.018109504135318654,0.007312406294535112,0.0025920716518488133,1715943879.7910702,0.01439874941908367,0.013778313288180577,0.005388387351104885,1715943879.781238,0.013651612644802302,-0.011570968491828593,-0.6834093130894807
1715943878.5209548,0.0,0.0,0.0,1715943878.540977,0.0,0.0,0.0,1715943878.5310018,0.0013004239124593808,0.001593469172518569,-0.5207411663217782,1715943880.131233,0.0063819162533049,0.017979712870636266,0.018100679046918065,1715943879.8011878,0.017621933324930207,0.019109034391537216,0.013886534647761283,1715943879.7910702,0.012242301844783476,-0.01322830444853551,-0.6836420673587522
1715943878.5310018,0.0,0.0,0.0,1715943878.550967,0.0,0.0,0.0,1715943878.540977,0.0010672903324296934,-0.0006407839603612686,-0.520660397137113,1715943880.1410952,0.01552721455868046,0.0004973700235779699,0.014843016793622526,1715943879.8111207,0.002102600654061486,0.01859456416183569,0.012294288267655065,1715943879.8011878,0.01118974225980729,-0.015054912493260408,-0.6837882557884631
1715943878.540977,0.0,0.0,0.0,1715943878.5610003,0.0,0.0,0.0,1715943878.550967,0.0017177693399169636,-0.00263295724310475,-0.5205576272673085,1715943880.1611216,0.019060760583975496,0.016436970063331557,0.017375174192825006,1715943879.8211052,0.01808739214578353,0.00878264095746717,0.006484780594028637,1715943879.8111207,0.012916290861085589,-0.013976621344767182,-0.6838974842936008
1715943878.550967,0.0,0.0,0.0,1715943878.9010365,0.0,0.0,0.0,1715943878.5610003,0.0023271996198618305,-0.004333432043219565,-0.5205293211042318,1715943880.1711137,0.014547861303130828,0.016836184459807946,0.002708589599889879,1715943879.8315449,0.01003651038130854,0.002964879847300761,0.005596206852560641,1715943879.8211052,0.011620525337947551,-0.012563150104693221,-0.6840588973194102
1715943878.5610003,0.0,0.0,0.0,1715943879.3609927,0.0,0.0,0.0,1715943878.9010365,0.001487506237365599,-0.017515852637608686,-0.5168828912109458,1715943880.2011359,0.018270572370060474,0.0075524672823754635,0.004633309001607675,1715943880.05114,0.013892567795063444,0.01673792388658346,0.00270322989317517,1715943879.8315449,0.010678685328167514,-0.010860030979263469,-0.6841504327678862
1715943878.9010365,0.0,0.0,0.0,1715943879.3710616,0.0,0.0,0.0,1715943879.3609927,0.0010598590289996879,-0.017891323959174477,-0.5124816418345455,1715943880.3511155,0.0027620759227881845,0.018191815823615398,0.009445175666676787,1715943880.1210966,0.018109504135318654,0.007312406294535112,0.0025920716518488133,1715943880.05114,0.006805288623719097,-0.029580331103412405,-0.6881639573757532
1715943879.3609927,0.0,0.0,0.0,1715943879.3812149,0.0,0.0,0.0,1715943879.3710616,-0.0005523556446838662,-0.017705646810965092,-0.5123677458749458,1715943880.3611743,0.0066500057966856355,0.0022365071055621133,0.0077382213433405045,1715943880.131233,0.0063819162533049,0.017979712870636266,0.018100679046918065,1715943880.1210966,0.007421706471740563,-0.02064175574704774,-0.6889106488426275
1715943879.3710616,0.0,0.0,0.0,1715943879.6410363,0.0,0.0,0.0,1715943879.3812149,-0.0026651662825090683,-0.017677967052562416,-0.5121808870335502,1715943880.3711145,0.005188278267214465,0.019107451924948782,0.011980783706748125,1715943880.1410952,0.01552721455868046,0.0004973700235779699,0.014843016793622526,1715943880.131233,0.007336699910147626,-0.01892187108411103,-0.6890679885430586
1715943879.3812149,0.0,0.0,0.0,1715943879.6510627,0.0,0.0,0.0,1715943879.6410363,0.0018110825973506328,-0.007589694995383756,-0.50938000824399,1715943880.3812153,0.010002859764270303,0.006535845995986778,0.01804666585387399,1715943880.1611216,0.019060760583975496,0.016436970063331557,0.017375174192825006,1715943880.1410952,0.005975572907944482,-0.020376791104487202,-0.6891646832857266
1715943879.6410363,0.0,0.0,0.0,1715943879.6610363,0.0,0.0,0.0,1715943879.6510627,0.00040625965724550017,-0.006255023481858579,-0.5092371942293092,1715943880.391104,0.012332572075986072,0.007647878663650021,0.01065204792497643,1715943880.1711137,0.014547861303130828,0.016836184459807946,0.002708589599889879,1715943880.1611216,0.010379556934181355,-0.021505501326047227,-0.6897159936713386
1715943879.6510627,0.0,0.0,0.0,1715943879.6710489,0.0,0.0,0.0,1715943879.6610363,-0.0010662545073625296,-0.00599912157655158,-0.5091864426672584,1715943880.401168,0.005121139383616173,0.011109136537993392,0.0009921784218291235,1715943880.2011359,0.018270572370060474,0.0075524672823754635,0.004633309001607675,1715943880.1711137,0.00831143647330812,-0.021944768700937756,-0.6899455927573594
1715943879.6610363,0.0,0.0,0.0,1715943879.6811845,0.0,0.0,0.0,1715943879.6710489,-0.003060236125586091,-0.00518203020967456,-0.5091789689560824,1715943880.4111292,0.0065950965780578125,0.00475945467984662,0.01775771065809471,1715943880.3511155,0.0027620759227881845,0.018191815823615398,0.009445175666676787,1715943880.2011359,0.005848030689701744,-0.01655340619331991,-0.6899414911357553
1715943879.6710489,0.0,0.0,0.0,1715943879.6910834,0.0,0.0,0.0,1715943879.6811845,-0.0010929543862872593,-0.0042696040713854355,-0.5091606253795355,1715943880.4211283,0.01565801897066637,0.007438911453661712,0.004739351604392877,1715943880.3611743,0.0066500057966856355,0.0022365071055621133,0.0077382213433405045,1715943880.3511155,0.003985675933191324,-0.016220824762996022,-0.6910395540674195
1715943879.6811845,0.0,0.0,0.0,1715943879.7011156,0.0,0.0,0.0,1715943879.6910834,-0.0007312719708966187,-0.002671313222052163,-0.5090984550087203,1715943880.4311533,0.013692241928081054,0.004406906379896158,0.017913064304134373,1715943880.3711145,0.005188278267214465,0.019107451924948782,0.011980783706748125,1715943880.3611743,0.0029628746002106077,-0.018428728808095762,-0.6912310557396282
1715943879.6910834,0.0,0.0,0.0,1715943879.7111225,0.0,0.0,0.0,1715943879.7011156,-0.001905813111181931,-0.0015031211747345008,-0.5090047581518962,1715943880.441323,0.002654945100337352,0.008442099888408272,0.015235519319528532,1715943880.3812153,0.010002859764270303,0.006535845995986778,0.01804666585387399,1715943880.3711145,0.0024153817613679074,-0.020565090141199782,-0.6913108001952875
1715943879.7011156,0.0,0.0,0.0,1715943879.7210574,0.0,0.0,0.0,1715943879.7111225,-0.00022634694287382295,-0.0008377353816237942,-0.5089242700090053,1715943880.4611242,0.003161861117885358,0.003463582018458089,0.015053787938447827,1715943880.391104,0.012332572075986072,0.007647878663650021,0.01065204792497643,1715943880.3812153,0.0037003126984034296,-0.022451131082995124,-0.6914942062896348
1715943879.7111225,0.0,0.0,0.0,1715943879.7312381,0.0,0.0,0.0,1715943879.7210574,0.0018724630327296432,-0.0011183263581739933,-0.5088864293927713,1715943880.7419648,0.016603554889796538,0.016282495157584842,0.0197181484666558,1715943880.401168,0.005121139383616173,0.011109136537993392,0.0009921784218291235,1715943880.391104,0.0033420551615792604,-0.024719464425926763,-0.6916685014949664
1715943879.7210574,0.0,0.0,0.0,1715943879.7410703,0.0,0.0,0.0,1715943879.7312381,0.0037347625835478238,-0.002473550815747627,-0.5087452355460778,1715943880.7611876,0.011273272492353006,0.013997206839239995,0.006229086257251171,1715943880.4111292,0.0065950965780578125,0.00475945467984662,0.01775771065809471,1715943880.401168,0.0031261814455652015,-0.02693894955619669,-0.6918554058536914
1715943879.7312381,0.0,0.0,0.0,1715943879.7511878,0.0,0.0,0.0,1715943879.7410703,0.004914040827854738,-0.004261067789967488,-0.5085798695458942,1715943880.7711837,0.009089191741471811,0.012345821520744815,0.00024141528814133895,1715943880.4211283,0.01565801897066637,0.007438911453661712,0.004739351604392877,1715943880.4111292,0.005368630795957063,-0.027926845889748586,-0.6920705677425829
1715943879.7410703,0.0,0.0,0.0,1715943879.7611208,0.0,0.0,0.0,1715943879.7511878,0.004462301256752177,-0.006277645211442806,-0.5084835460224998,1715943880.78122,0.007518264053899092,0.011011021143670474,0.015658290280202367,1715943880.4311533,0.013692241928081054,0.004406906379896158,0.017913064304134373,1715943880.4211283,0.007070091795826627,-0.02857353128155049,-0.6923557585512441
1715943879.7511878,0.0,0.0,0.0,1715943879.771105,0.0,0.0,0.0,1715943879.7611208,0.002608047385840695,-0.005949985150938364,-0.5083894928391446,1715943880.7911494,0.0035288053602204736,0.004482095749982928,0.009829650361973582,1715943880.441323,0.002654945100337352,0.008442099888408272,0.015235519319528532,1715943880.4311533,0.006041751477837032,-0.03016160954500724,-0.6925348915231124
1715943879.7611208,0.0,0.0,0.0,1715943879.7815447,0.0,0.0,0.0,1715943879.771105,0.003209471502461314,-0.0041032808165464285,-0.5082644263578027,1715943880.8011684,0.0016458115126750175,0.004048311585777675,0.012954832102857708,1715943880.4611242,0.003161861117885358,0.003463582018458089,0.015053787938447827,1715943880.441323,0.00722835172490921,-0.03185766706489623,-0.6926231894869783
1715943879.771105,0.0,0.0,0.0,1715943880.00114,0.0,0.0,0.0,1715943879.7815447,0.0040459846075636685,-0.0021945655334982828,-0.5081892083147082,1715943880.8111496,0.0007745161462399865,0.014587624894405238,0.01920470918766068,1715943880.7419648,0.016603554889796538,0.016282495157584842,0.0197181484666558,1715943880.4611242,0.011678472990398259,-0.032330921050074846,-0.6930916718411577
1715943879.7815447,0.0,0.0,0.0,1715943880.1011226,0.0,0.0,0.0,1715943880.00114,0.005936044059527967,-0.020673777377519853,-0.5058270682777695,1715943880.8211756,3.7793857794300376e-05,0.00630575006199785,0.010506119400475522,1715943880.7611876,0.011273272492353006,0.013997206839239995,0.006229086257251171,1715943880.7419648,0.013751687845279914,-0.02130556632385483,-0.6968894295508488
1715943879.79113,0.0,0.0,0.0,1715943880.1111214,0.0,0.0,0.0,1715943880.1011226,-0.00017505560553249255,-0.013446981742861075,-0.5052990667670445,1715943880.831184,0.0026035318439797364,0.004091030784753036,0.009937173630547127,1715943880.7711837,0.009089191741471811,0.012345821520744815,0.00024141528814133895,1715943880.7611876,0.010382655327186185,-0.020558040227820706,-0.6969834622879638
1715943880.00114,0.0,0.0,0.0,1715943880.1211138,0.0,0.0,0.0,1715943880.1111214,-0.0019218526428352867,-0.013919125025158907,-0.5051654670273602,1715943880.8416853,0.01516829254545975,0.003978532113942723,0.000639210546612542,1715943880.78122,0.007518264053899092,0.011011021143670474,0.015658290280202367,1715943880.7711837,0.011263281956620741,-0.018933974468514192,-0.6971126706778001
1715943880.1011226,0.0,0.0,0.0,1715943880.131238,0.0,0.0,0.0,1715943880.1211138,-0.00043459013125363155,-0.014794445281557822,-0.5050370406850644,1715943881.1712346,0.01588402736920014,0.017333961087253158,0.009125694966839296,1715943880.7911494,0.0035288053602204736,0.004482095749982928,0.009829650361973582,1715943880.78122,0.012837737729432419,-0.017905234487478605,-0.6972476209673868
1715943880.1111214,0.0,0.0,0.0,1715943880.141132,0.0,0.0,0.0,1715943880.131238,0.001738465682145307,-0.01444685685969116,-0.5050221433499268,1715943881.1812806,0.01929807728285793,0.011142777359801848,0.019457300295038664,1715943880.8011684,0.0016458115126750175,0.004048311585777675,0.012954832102857708,1715943880.7911494,0.015524761494801531,-0.017625098130642503,-0.69765672370362
1715943880.1211138,0.0,0.0,0.0,1715943880.151136,0.0,0.0,0.0,1715943880.141132,0.0031470566718811988,-0.01287709458321773,-0.5049702350434794,1715943881.211231,0.012836222957353958,0.0032793987208268316,0.013961985992650194,1715943880.8111496,0.0007745161462399865,0.014587624894405238,0.01920470918766068,1715943880.8011684,0.017758795896864576,-0.017371667866474372,-0.697967300689478
1715943880.131238,0.0,0.0,0.0,1715943880.3011153,0.0,0.0,0.0,1715943880.151136,0.003435107369346324,-0.010856525893137903,-0.5049853458349296,1715943881.2212427,0.009905019609108523,0.00916454577093373,0.0070316093144268555,1715943880.8211756,3.7793857794300376e-05,0.00630575006199785,0.010506119400475522,1715943880.8111496,0.016185938462708105,-0.016640514829671993,-0.698204845029819
1715943880.141132,0.0,0.0,0.0,1715943880.3111744,0.0,0.0,0.0,1715943880.3011153,0.0028179946972565206,-0.009243008930500896,-0.5044485356787604,1715943881.2311842,0.019714707958829424,0.002835392369187284,0.01072788182364823,1715943880.831184,0.0026035318439797364,0.004091030784753036,0.009937173630547127,1715943880.8211756,0.01607982420129117,-0.01517192350330654,-0.6984093748246938
1715943880.151136,0.0,0.0,0.0,1715943880.3312154,0.0,0.0,0.0,1715943880.3111744,0.0035647644619100083,-0.01142985670426544,-0.5043129233400743,1715943881.2412117,0.004209968797968886,0.0012742878150340253,0.017122757160774923,1715943880.8416853,0.01516829254545975,0.003978532113942723,0.000639210546612542,1715943880.831184,0.018665742282593545,-0.015158824494237777,-0.6986049426323309
1715943880.3011153,0.0,0.0,0.0,1715943880.341104,0.0,0.0,0.0,1715943880.3312154,0.002728073773931694,-0.01535895290835998,-0.5041160669123511,1715943881.2513592,0.004174544251708252,0.015436732357366534,0.0048508913502764706,1715943881.1712346,0.01588402736920014,0.017333961087253158,0.009125694966839296,1715943880.8416853,0.02086369373313568,-0.01449397493318516,-0.698838013856232
1715943880.3111744,0.0,0.0,0.0,1715943880.351168,0.0,0.0,0.0,1715943880.341104,0.0021010946907253913,-0.017433296755426486,-0.5040077221050394,1715943881.261212,0.003255620175770505,0.0015309911649579178,0.014763540425612435,1715943881.1812806,0.01929807728285793,0.011142777359801848,0.019457300295038664,1715943881.1712346,0.012781372444750527,-0.01176459155571985,-0.7038318674835633
1715943880.3312154,0.0,0.0,0.0,1715943880.3611293,0.0,0.0,0.0,1715943880.351168,0.0025898373210825887,-0.01946533291939323,-0.5039582121230344,1715943881.2712324,0.004461583329051623,0.00831475953363503,0.0021750691676605655,1715943881.211231,0.012836222957353958,0.0032793987208268316,0.013961985992650194,1715943881.1812806,0.01303389389844245,-0.010127889823594138,-0.704227807443857
1715943880.341104,0.0,0.0,0.0,1715943880.3711283,0.0,0.0,0.0,1715943880.3611293,0.001259636051563151,-0.020273361894346253,-0.5038265058772375,1715943881.2811828,0.011702151397844161,0.00013787493161165898,0.008329186049138137,1715943881.2212427,0.009905019609108523,0.00916454577093373,0.0070316093144268555,1715943881.211231,0.01565531262892783,-0.010144919948559261,-0.7044960751290237
1715943880.351168,0.0,0.0,0.0,1715943880.3811533,0.0,0.0,0.0,1715943880.3711283,-0.0007455351777156394,-0.020752612249028246,-0.503635758592573,1715943881.3012147,0.0004138511704859819,0.004367413328293379,0.013650352999134394,1715943881.2311842,0.019714707958829424,0.002835392369187284,0.01072788182364823,1715943881.2212427,0.013392975587990463,-0.01058174505283338,-0.7043920064432339
1715943880.3611293,0.0,0.0,0.0,1715943880.3913229,0.0,0.0,0.0,1715943880.3811533,-0.0001397721774116234,-0.022263746251338645,-0.5035534091695844,1715943881.3111846,0.0022369866039421097,0.006729951364419895,0.019941182459582478,1715943881.2412117,0.004209968797968886,0.0012742878150340253,0.017122757160774923,1715943881.2311842,0.012131529216421022,-0.009597793859736914,-0.7043556718022845
1715943880.3711283,0.0,0.0,0.0,1715943880.4011698,0.0,0.0,0.0,1715943880.3913229,-0.0003878330491536297,-0.023745186077260838,-0.503462571418956,1715943882.1013205,0.008799585685923208,0.011469806092002433,0.015635848264876732,1715943881.2513592,0.004174544251708252,0.015436732357366534,0.0048508913502764706,1715943881.2412117,0.014016082842673416,-0.008376896532070521,-0.7044664682683379
1715943880.3811533,0.0,0.0,0.0,1715943880.4111242,0.0,0.0,0.0,1715943880.4011698,-0.001840162701070347,-0.02404974103544477,-0.5032745231950564,1715943882.1112642,0.005506493009137517,0.010770646224565583,0.011467400619143376,1715943881.261212,0.003255620175770505,0.0015309911649579178,0.014763540425612435,1715943881.2513592,0.012149059710061305,-0.009124224398545433,-0.7045159639826899
1715943880.3913229,0.0,0.0,0.0,1715943880.7011194,0.0,0.0,0.0,1715943880.4111242,-0.0035824805158022888,-0.024278694689398916,-0.5031078108775628,1715943882.121284,0.015877538091926015,0.01839938850494449,0.008777102704225182,1715943881.2712324,0.004461583329051623,0.00831475953363503,0.0021750691676605655,1715943881.261212,0.014231984397137243,-0.008342924847448474,-0.7046667912319151
1715943880.4011698,0.0,0.0,0.0,1715943880.7111876,0.0,0.0,0.0,1715943880.7011194,-0.004086293467986918,-0.014842215164432071,-0.5006955730059149,1715943882.1313047,0.008503166142830495,0.013219110357127972,0.008570622876817991,1715943881.2811828,0.011702151397844161,0.00013787493161165898,0.008329186049138137,1715943881.2712324,0.016605010955717425,-0.007871158635004871,-0.7048766365953831
1715943880.4111242,0.0,0.0,0.0,1715943880.7211838,0.0,0.0,0.0,1715943880.7111876,-0.001962129576402072,-0.014463659223392211,-0.500724781155557,1715943882.1413085,0.01743420706824399,0.0007122418187499591,0.013877575164345858,1715943881.3012147,0.0004138511704859819,0.004367413328293379,0.013650352999134394,1715943881.2811828,0.015684375082222424,-0.006723952306805225,-0.7051568257809198
1715943880.7011194,0.0,0.0,0.0,1715943880.73122,0.0,0.0,0.0,1715943880.7211838,-0.0032193402868335164,-0.01297555337998424,-0.5006514505676944,1715943882.1514084,0.013613631483376902,0.01684095819551068,0.007572983428791681,1715943881.3111846,0.0022369866039421097,0.006729951364419895,0.019941182459582478,1715943881.3012147,0.012792683570174379,-0.008681915437730003,-0.7053019826871587
1715943880.7111876,0.0,0.0,0.0,1715943880.7411494,0.0,0.0,0.0,1715943880.73122,-0.0051397314515543024,-0.012093141432008014,-0.5005352307265561,1715943882.1613667,0.005743388659924794,0.0015412445056695034,0.00010716059707198801,1715943882.1013205,0.008799585685923208,0.011469806092002433,0.015635848264876732,1715943881.3111846,0.014354699448906327,-0.010522430174656705,-0.7055019232338307
1715943880.7211838,0.0,0.0,0.0,1715943880.7511685,0.0,0.0,0.0,1715943880.7411494,-0.006444705682191548,-0.011706153518220797,-0.5003004774597565,1715943882.1713333,0.01702664758601626,0.016908766577581558,0.0033636995761109406,1715943882.1112642,0.005506493009137517,0.010770646224565583,0.011467400619143376,1715943882.1013205,0.016635496489179946,-0.023119835369618036,-0.7187332668622428
1715943880.73122,0.0,0.0,0.0,1715943880.7611496,0.0,0.0,0.0,1715943880.7511685,-0.00820890075876815,-0.011343162167287257,-0.5000480470260121,1715943882.1813006,0.009162042516272256,0.006169690501020231,0.0032381248672135867,1715943882.121284,0.015877538091926015,0.01839938850494449,0.008777102704225182,1715943882.1112642,0.0158090025309221,-0.021643467735848132,-0.7188595568430189
1715943880.7411494,0.0,0.0,0.0,1715943880.7711756,0.0,0.0,0.0,1715943880.7611496,-0.006374248407495536,-0.010438274744154041,-0.49984829300563005,1715943882.1912744,0.0068152263971401564,0.008487201228483121,0.014299316425982428,1715943882.1313047,0.008503166142830495,0.013219110357127972,0.008570622876817991,1715943882.121284,0.017652682100614214,-0.020699572128242805,-0.7192424447764276
1715943880.7511685,0.0,0.0,0.0,1715943880.781184,0.0,0.0,0.0,1715943880.7711756,-0.004722977018633168,-0.008622206182564485,-0.4996935634502028,1715943882.2014072,0.0030244906140946943,0.008836579091985097,0.006952325454826401,1715943882.1413085,0.01743420706824399,0.0007122418187499591,0.013877575164345858,1715943882.1313047,0.01754297920534098,-0.018908335161909262,-0.7195079747584323
1715943880.7611496,0.0,0.0,0.0,1715943880.7916853,0.0,0.0,0.0,1715943880.781184,-0.006206885910132881,-0.008530461321037963,-0.49957339643742604,1715943882.2112756,0.008981702298342598,0.0021976808767845135,0.0008560714294497474,1715943882.1514084,0.013613631483376902,0.01684095819551068,0.007572983428791681,1715943882.1413085,0.01688371750190587,-0.01743527144804058,-0.7196686611305019
1715943880.7711756,0.0,0.0,0.0,1715943881.1212347,0.0,0.0,0.0,1715943880.7916853,-0.007933610924248852,-0.008051574153830288,-0.49944116282875506,1715943882.2213867,0.00019191275901349857,0.002936363023946287,0.017297093044048577,1715943882.1613667,0.005743388659924794,0.0015412445056695034,0.00010716059707198801,1715943882.1514084,0.015523898153630089,-0.019067750186591903,-0.7197198391668547
1715943880.781184,0.0,0.0,0.0,1715943881.1312804,0.0,0.0,0.0,1715943881.1212347,0.002106184278127532,-0.004842742571803171,-0.49608383449646654,1715943882.2312906,0.011982915848111727,0.0001803260271779905,0.0010538465478925445,1715943882.1713333,0.01702664758601626,0.016908766577581558,0.0033636995761109406,1715943882.1613667,0.014240570327674895,-0.02061869457886023,-0.7197777343334577
1715943880.7916853,0.0,0.0,0.0,1715943881.1712425,0.0,0.0,0.0,1715943881.1312804,-0.0003123353411382812,-0.00353389652721825,-0.4958505125113762,1715943882.2413256,0.014551776680220684,0.013503621975259561,0.015328084331493779,1715943882.1813006,0.009162042516272256,0.006169690501020231,0.0032381248672135867,1715943882.1713333,0.014967998505410751,-0.018929715630699784,-0.7198034318166826
1715943881.1212347,0.0,0.0,0.0,1715943881.1811843,0.0,0.0,0.0,1715943881.1712425,-0.0004607184435020395,-0.004073834178895286,-0.49590518670939127,1715943882.261311,0.002923872455904752,0.007920015170561179,0.008386436429679395,1715943882.1912744,0.0068152263971401564,0.008487201228483121,0.014299316425982428,1715943882.1813006,0.017063327202317957,-0.01943658000831805,-0.7198668704558013
1715943881.1312804,0.0,0.0,0.0,1715943881.1912117,0.0,0.0,0.0,1715943881.1811843,0.0013883814911948011,-0.002751469268717166,-0.4959299565859809,1715943882.2812817,0.006610054767125747,0.016458041748649288,0.005460907322726518,1715943882.2014072,0.0030244906140946943,0.008836579091985097,0.006952325454826401,1715943882.1912744,0.015073097735535335,-0.019851127896937326,-0.7198846069965752
1715943881.1712425,0.0,0.0,0.0,1715943881.2013593,0.0,0.0,0.0,1715943881.1912117,-0.00012037878999887619,-0.0019027021152928647,-0.49586301286356965,1715943882.3014092,0.015595764407586393,0.005105584006835029,0.003245503834506974,1715943882.2112756,0.008981702298342598,0.0021976808767845135,0.0008560714294497474,1715943882.2014072,0.013093622061763899,-0.020327237216489324,-0.7198475720267865
1715943881.1811843,0.0,0.0,0.0,1715943881.2112122,0.0,0.0,0.0,1715943881.2013593,-0.0004337461162015055,-0.0040900621460084885,-0.4958311008606903,1715943882.31132,0.010878158488722827,0.01389956423753369,0.015019137599241188,1715943882.2213867,0.00019191275901349857,0.002936363023946287,0.017297093044048577,1715943882.2112756,0.012242761683488812,-0.022191270053949275,-0.7199188957872451
1715943881.1912117,0.0,0.0,0.0,1715943881.2212324,0.0,0.0,0.0,1715943881.2112122,-0.00198146210106942,-0.003489814319660667,-0.49572817213853726,1715943882.321305,0.00635142377128789,0.011838295948961797,0.003685658295447404,1715943882.2312906,0.011982915848111727,0.0001803260271779905,0.0010538465478925445,1715943882.2213867,0.010127368042701868,-0.023024023155229667,-0.7199590570804819
1715943881.2013593,0.0,0.0,0.0,1715943881.2311828,0.0,0.0,0.0,1715943881.2212324,-0.0034297983255021647,-0.0030343401373364998,-0.49560009128793875,1715943882.3313072,0.011808363245752013,0.01605658416946132,0.003445760111608359,1715943882.2413256,0.014551776680220684,0.013503621975259561,0.015328084331493779,1715943882.2312906,0.008100444799342021,-0.023599598186083703,-0.7199807902761739
1715943881.2112122,0.0,0.0,0.0,1715943881.2412367,0.0,0.0,0.0,1715943881.2311828,-0.0044034912338449805,-0.0016352603777156638,-0.4954764392910163,1715943882.3435872,0.006515060565570821,0.0060181736468571945,0.014637613153032107,1715943882.261311,0.002923872455904752,0.007920015170561179,0.008386436429679395,1715943882.2413256,0.005991076762920766,-0.024204062722785302,-0.7200153843408721
1715943881.2212324,0.0,0.0,0.0,1715943881.2512145,0.0,0.0,0.0,1715943881.2412367,-0.002318698369266625,-0.0021022513459800773,-0.4953572650909361,1715943882.3613808,0.01579723184550158,0.0007817859884993172,0.0036654599014836146,1715943882.3014092,0.015595764407586393,0.005105584006835029,0.003245503834506974,1715943882.261311,0.00933473817113084,-0.022137354041204427,-0.7203741150954777
1715943881.2311828,0.0,0.0,0.0,1715943881.2611847,0.0,0.0,0.0,1715943881.2512145,0.0001349131523034064,-0.0031281389583786012,-0.4952736495224793,1715943882.3713996,0.01575224909364383,0.00413016605744887,0.004629304964943603,1715943882.31132,0.010878158488722827,0.01389956423753369,0.015019137599241188,1715943882.2812817,0.004808770561648856,-0.023837482262871745,-0.7207362222591218
1715943881.2412367,0.0,0.0,0.0,1715943882.0513206,0.0,0.0,0.0,1715943881.2611847,-0.001474118861291257,-0.0047540691908061206,-0.49505367935268874,1715943882.3813014,0.006110843334399512,0.0006164457129165246,0.011927986131933535,1715943882.321305,0.00635142377128789,0.011838295948961797,0.003685658295447404,1715943882.3014092,0.0038906244140877178,-0.0274460565032284,-0.7208211813811287
1715943881.2512145,0.0,0.0,0.0,1715943882.061264,0.0,0.0,0.0,1715943882.0513206,-0.0002672590116093998,-0.01227226736570075,-0.4863601239366638,1715943882.3913527,0.013322993817568678,0.009516391047155182,0.014294831215849381,1715943882.3313072,0.011808363245752013,0.01605658416946132,0.003445760111608359,1715943882.31132,0.00588092698684628,-0.027877238070412647,-0.7210378370537605
1715943881.2611847,0.0,0.0,0.0,1715943882.071284,0.0,0.0,0.0,1715943882.061264,0.001390478333050671,-0.010428803270364106,-0.48628781084925365,1715943882.5413566,0.010047556968671689,0.013710902641379752,0.018655703912560814,1715943882.3435872,0.006515060565570821,0.0060181736468571945,0.014637613153032107,1715943882.321305,0.007830473252274484,-0.027749880249082537,-0.72119691503989
1715943882.0513206,0.0,0.0,0.0,1715943882.0813048,0.0,0.0,0.0,1715943882.071284,-0.0004068703647585048,-0.009598772476174133,-0.4860539850722183,1715943882.5613368,0.006447579156721265,0.015821442245439465,0.0023822880684031406,1715943882.3613808,0.01579723184550158,0.0007817859884993172,0.0036654599014836146,1715943882.3313072,0.008532771365934888,-0.02955665793589679,-0.7214027065044313
1715943882.061264,0.0,0.0,0.0,1715943882.0913086,0.0,0.0,0.0,1715943882.0813048,-0.00237041634544205,-0.008568483365197554,-0.48593454931542385,1715943882.5813494,0.013087237924535932,0.014432270338839537,0.01708299852277931,1715943882.3713996,0.01575224909364383,0.00413016605744887,0.004629304964943603,1715943882.3435872,0.005928698375233132,-0.029366057966278447,-0.7214311808392706
1715943882.071284,0.0,0.0,0.0,1715943882.1014085,0.0,0.0,0.0,1715943882.0913086,-0.0010556784065895441,-0.0068385539486752744,-0.4858982769782514,1715943882.5913625,0.009430696294327655,0.018259682166472224,0.01700937906723796,1715943882.3813014,0.006110843334399512,0.0006164457129165246,0.011927986131933535,1715943882.3613808,0.010510968464737314,-0.02877051822045318,-0.7217707754699845
1715943882.0813048,0.0,0.0,0.0,1715943882.1113667,0.0,0.0,0.0,1715943882.1014085,-0.0003916298281336217,-0.008964638167841876,-0.4859325572223236,1715943882.6014838,0.008088058808507412,0.012115113853611081,0.01207484807576582,1715943882.3913527,0.013322993817568678,0.009516391047155182,0.014294831215849381,1715943882.3713996,0.010832259772191932,-0.02695739125358787,-0.7219909760075804
1715943882.0913086,0.0,0.0,0.0,1715943882.1213331,0.0,0.0,0.0,1715943882.1113667,0.0007957395872029427,-0.010893383386354705,-0.48590831127817713,1715943882.6113477,0.008611689118797557,0.015022914183901781,0.0006672609878164018,1715943882.5413566,0.010047556968671689,0.013710902641379752,0.018655703912560814,1715943882.3813014,0.009567871476709566,-0.026238457957927563,-0.722163954036839
1715943882.1014085,0.0,0.0,0.0,1715943882.1313004,0.0,0.0,0.0,1715943882.1213331,-0.0007438305300955794,-0.010194064721250617,-0.4859005163527416,1715943882.6213589,0.002034351835243522,0.007114880916104349,0.005781083595027183,1715943882.5613368,0.006447579156721265,0.015821442245439465,0.0023822880684031406,1715943882.3913527,0.01216122168490763,-0.027410527285763653,-0.7225269272642114
1715943882.1113667,0.0,0.0,0.0,1715943882.1412745,0.0,0.0,0.0,1715943882.1313004,-0.0026947501930965623,-0.010735627480409793,-0.4859420914733813,1715943882.6418161,0.0008518343141122424,0.0119239629853376,0.018508159988149808,1715943882.5813494,0.013087237924535932,0.014432270338839537,0.01708299852277931,1715943882.5413566,0.00945470202434473,-0.0372867223673623,-0.7242850781217172
1715943882.1213331,0.0,0.0,0.0,1715943882.1514072,0.0,0.0,0.0,1715943882.1412745,-0.000851483956270993,-0.01115620092287406,-0.48603487349719066,1715943882.6514597,0.0030035989242106383,0.0027644121528822563,0.013333599381531107,1715943882.5913625,0.009430696294327655,0.018259682166472224,0.01700937906723796,1715943882.5613368,0.013797441202135552,-0.037914554566887526,-0.7247706510276126
1715943882.1313004,0.0,0.0,0.0,1715943882.1612754,0.0,0.0,0.0,1715943882.1514072,0.0011585404219750794,-0.0116506670955141,-0.48609670985605813,1715943882.6613214,0.0034790222465613963,0.013837426770499928,0.01681038996662091,1715943882.6014838,0.008088058808507412,0.012115113853611081,0.01207484807576582,1715943882.5813494,0.012388898109975344,-0.034016597425051254,-0.7247550718260936
1715943882.1412745,0.0,0.0,0.0,1715943882.1713867,0.0,0.0,0.0,1715943882.1612754,0.0005796548716668626,-0.01361298577455372,-0.486019021550848,1715943882.6713767,0.003908728604916081,0.016243670294140866,0.007589959684310026,1715943882.6113477,0.008611689118797557,0.015022914183901781,0.0006672609878164018,1715943882.5913625,0.01182796501597938,-0.03226206121316433,-0.7248052842572132
1715943882.1514072,0.0,0.0,0.0,1715943882.1812906,0.0,0.0,0.0,1715943882.1713867,-0.0014485096790196883,-0.01457014906652443,-0.48590521953262655,1715943882.6813388,0.01141041384966246,0.014384599955152844,0.018112088971794917,1715943882.6213589,0.002034351835243522,0.007114880916104349,0.005781083595027183,1715943882.6014838,0.01335186375364028,-0.03057076943871806,-0.7248542226034846
1715943882.1612754,0.0,0.0,0.0,1715943882.1913257,0.0,0.0,0.0,1715943882.1812906,-0.0002368749779299295,-0.016249819197185156,-0.485907077859114,1715943882.701451,0.006752642462258955,0.0071910874662475255,0.011122905977771757,1715943882.6418161,0.0008518343141122424,0.0119239629853376,0.018508159988149808,1715943882.6113477,0.012409579324192066,-0.0291467094657043,-0.7248725793620281
1715943882.1713867,0.0,0.0,0.0,1715943882.2014117,0.0,0.0,0.0,1715943882.1913257,0.001522053870266632,-0.016881138695054254,-0.485918026933744,1715943882.7113373,0.018154440633008147,0.0015656727750434918,0.013332251973251344,1715943882.6514597,0.0030035989242106383,0.0027644121528822563,0.013333599381531107,1715943882.6213589,0.01072955666566422,-0.028729401331052618,-0.7250485415537327
1715943882.1812906,0.0,0.0,0.0,1715943882.211311,0.0,0.0,0.0,1715943882.2014117,0.0033356740437987253,-0.01715703140611935,-0.48598761535586965,1715943882.7213578,0.0014094017639292977,0.00891002862566026,0.012630856645292935,1715943882.6613214,0.0034790222465613963,0.013837426770499928,0.01681038996662091,1715943882.6418161,0.01368826712049076,-0.02679249491931812,-0.7256192620297277
1715943882.1913257,0.0,0.0,0.0,1715943882.26132,0.0,0.0,0.0,1715943882.211311,0.0018230378460140917,-0.016299130151333996,-0.4858982750201254,1715943882.7313588,0.0015283346942181163,0.011923822268390838,0.018827530366341386,1715943882.6713767,0.003908728604916081,0.016243670294140866,0.007589959684310026,1715943882.6514597,0.014617386352060002,-0.025615934176061117,-0.7258324601700687
1715943882.2014117,0.0,0.0,0.0,1715943882.271305,0.0,0.0,0.0,1715943882.26132,-0.00028889337976359397,-0.01982727799080486,-0.48539404928955854,1715943882.7413702,0.0015954969352697068,0.009883363445553295,0.007707015483086031,1715943882.701451,0.006752642462258955,0.0071910874662475255,0.011122905977771757,1715943882.6613214,0.012761507278773898,-0.026430237818385383,-0.7259593275812177
1715943882.211311,0.0,0.0,0.0,1715943882.2813072,0.0,0.0,0.0,1715943882.271305,-0.0024860803852189417,-0.019716622998158906,-0.4852442483694218,1715943882.7514184,0.019164412450163034,0.007619795648009298,0.019295219523905543,1715943882.7113373,0.018154440633008147,0.0015656727750434918,0.013332251973251344,1715943882.6713767,0.010820859392991267,-0.027012041701515388,-0.7260249169706432
1715943882.26132,0.0,0.0,0.0,1715943882.2935872,0.0,0.0,0.0,1715943882.2813072,-0.003842408219182275,-0.02113866028181488,-0.4851589927835036,1715943882.7614262,0.006316867970056242,0.0005250071725182437,0.002883568080444638,1715943882.7213578,0.0014094017639292977,0.00891002862566026,0.012630856645292935,1715943882.701451,0.013078636074095318,-0.02704167181495687,-0.726602594690382
1715943882.271305,0.0,0.0,0.0,1715943882.3013928,0.0,0.0,0.0,1715943882.2935872,-0.0016247167626187164,-0.021065907430074082,-0.48516916747084177,1715943882.7813606,0.0012548604132188836,0.011635484060463552,0.013466546522249448,1715943882.7313588,0.0015283346942181163,0.011923822268390838,0.018827530366341386,1715943882.7113373,0.012445426037771323,-0.02553442740385692,-0.7267316423540287
1715943882.2813072,0.0,0.0,0.0,1715943882.3113809,0.0,0.0,0.0,1715943882.3013928,-0.0026601947822484373,-0.020583210332993485,-0.4850939699257095,1715943882.7914102,0.010169672167119372,0.01785319720201972,0.007279203320634856,1715943882.7413702,0.0015954969352697068,0.009883363445553295,0.007707015483086031,1715943882.7213578,0.011894049836308707,-0.02401664579483609,-0.7268411684472849
1715943882.2935872,0.0,0.0,0.0,1715943882.3213997,0.0,0.0,0.0,1715943882.3113809,-0.004199718936195834,-0.020206597886883726,-0.4849726576977107,1715943882.8114061,0.004917691772952052,0.002790989585460313,0.007109579061963263,1715943882.7514184,0.019164412450163034,0.007619795648009298,0.019295219523905543,1715943882.7313588,0.013570280081253827,-0.022986476387561794,-0.7270353869471107
1715943882.3013928,0.0,0.0,0.0,1715943882.3313015,0.0,0.0,0.0,1715943882.3213997,-0.00511666730414051,-0.01830413906439965,-0.48480128347897267,1715943882.8214135,0.019711078711399325,0.005213580299372467,0.007098411556737215,1715943882.7614262,0.006316867970056242,0.0005250071725182437,0.002883568080444638,1715943882.7413702,0.015498539802801137,-0.022258584273818993,-0.7271787356844257
1715943882.3113809,0.0,0.0,0.0,1715943882.3413527,0.0,0.0,0.0,1715943882.3313015,-0.0028720548188470585,-0.017488633196330428,-0.48472398790355087,1715943882.831357,0.0059333374727259785,0.005261841275205015,3.649257589446965e-05,1715943882.7813606,0.0012548604132188836,0.011635484060463552,0.013466546522249448,1715943882.7514184,0.018045696812463596,-0.02240951926459811,-0.727484791657897
1715943882.3213997,0.0,0.0,0.0,1715943882.5213516,0.0,0.0,0.0,1715943882.3413527,-0.003918603047507546,-0.018514507027075355,-0.48449579251355024,1715943883.271608,0.008522308420605463,0.017721995519789147,0.018537016144867507,1715943882.7914102,0.010169672167119372,0.01785319720201972,0.007279203320634856,1715943882.7614262,0.01982750430467295,-0.021500254789339923,-0.7275933704351099
1715943882.3313015,0.0,0.0,0.0,1715943882.5313494,0.0,0.0,0.0,1715943882.5213516,-0.009919544468081076,-0.02510214542264655,-0.4827482011939438,1715943883.2813926,0.018760483164948393,0.013908922361308917,0.009047724288360929,1715943882.8114061,0.004917691772952052,0.002790989585460313,0.007109579061963263,1715943882.7813606,0.018832287203896847,-0.021990062385164766,-0.7280129009690839
1715943882.3413527,0.0,0.0,0.0,1715943882.5413625,0.0,0.0,0.0,1715943882.5313494,-0.008616978529152192,-0.023001945668780444,-0.48277676167077144,1715943883.2914078,0.0035776518121018296,0.01690821269718157,0.0188041338488315,1715943882.8214135,0.019711078711399325,0.005213580299372467,0.007098411556737215,1715943882.7914102,0.02157986621488117,-0.022296712108336614,-0.7283248519273213
1715943882.5213516,0.0,0.0,0.0,1715943882.5514839,0.0,0.0,0.0,1715943882.5413625,-0.007154784491713029,-0.02104607850646656,-0.4827607840534366,1715943883.3215508,0.008375510942774557,0.016532583936121448,0.01179170802546057,1715943882.831357,0.0059333374727259785,0.005261841275205015,3.649257589446965e-05,1715943882.8114061,0.01928094228623145,-0.022255085061622548,-0.7288914666159112
1715943882.5313494,0.0,0.0,0.0,1715943882.5613477,0.0,0.0,0.0,1715943882.5514839,-0.007302196309660114,-0.01922392511893145,-0.4826961496685394,1715943883.3419917,0.000890984551784311,0.005994386653455086,0.015070411197130956,1715943883.271608,0.008522308420605463,0.017721995519789147,0.018537016144867507,1715943882.8214135,0.017820484652938617,-0.022411594293699544,-0.7290574527603901
1715943882.5413625,0.0,0.0,0.0,1715943882.5713587,0.0,0.0,0.0,1715943882.5613477,-0.006638823075871519,-0.01762146019948818,-0.4826267719237688,1715943883.3514097,0.0007858918922017946,0.008078413685399521,0.01376787971756245,1715943883.2813926,0.018760483164948393,0.013908922361308917,0.009047724288360929,1715943882.831357,0.01647461316895127,-0.023108875799915607,-0.7291661798137135
1715943882.5514839,0.0,0.0,0.0,1715943882.5816054,0.0,0.0,0.0,1715943882.5713587,-0.004842956776544088,-0.017109587429607886,-0.4825552055222947,1715943883.3614862,0.00040038665572547823,0.018230478625134827,0.016242233694811356,1715943883.2914078,0.0035776518121018296,0.01690821269718157,0.0188041338488315,1715943883.271608,0.020966913433864143,-0.034090933762521036,-0.73487066197813
1715943882.5613477,0.0,0.0,0.0,1715943882.5918162,0.0,0.0,0.0,1715943882.5816054,-0.0026536743409671104,-0.01654300015696264,-0.4824964750334447,1715943883.3715937,0.0029732448205379474,0.015664234747304828,0.014606891766581035,1715943883.3215508,0.008375510942774557,0.016532583936121448,0.01179170802546057,1715943883.2813926,0.01902397647014098,-0.032769109695567566,-0.7349138743056898
1715943882.5713587,0.0,0.0,0.0,1715943882.6014595,0.0,0.0,0.0,1715943882.5918162,-0.004205016035581544,-0.015932999178189577,-0.48233582783663037,1715943883.3814986,0.004407216605936246,0.011205508214229054,0.015951656989773445,1715943883.3419917,0.000890984551784311,0.005994386653455086,0.015070411197130956,1715943883.2914078,0.018948066267627794,-0.030649844450418184,-0.7350551707854596
1715943882.5816054,0.0,0.0,0.0,1715943882.6113214,0.0,0.0,0.0,1715943882.6014595,-0.006252594257831534,-0.016441276800953197,-0.48212692833455656,1715943883.391462,0.008064085929735468,0.00648803528027031,0.018948407997728293,1715943883.3514097,0.0007858918922017946,0.008078413685399521,0.01376787971756245,1715943883.3215508,0.016011828650803306,-0.026822582994280975,-0.735266486971982
1715943882.5918162,0.0,0.0,0.0,1715943882.6213768,0.0,0.0,0.0,1715943882.6113214,-0.004504397050088038,-0.01754070405762298,-0.4820164784460828,1715943883.4013987,0.010426339190188441,0.018474134258044117,0.016684183869537045,1715943883.3614862,0.00040038665572547823,0.018230478625134827,0.016242233694811356,1715943883.3419917,0.02055422364648596,-0.025368867689447905,-0.735717077892601
1715943882.6014595,0.0,0.0,0.0,1715943882.6313388,0.0,0.0,0.0,1715943882.6213768,-0.002581079821539045,-0.01817942132833905,-0.4819366443395916,1715943883.4513876,0.007757545077726789,0.0014399782617176005,0.0009650776454581166,1715943883.3715937,0.0029732448205379474,0.015664234747304828,0.014606891766581035,1715943883.3514097,0.02313817060878831,-0.025572630655427808,-0.7357815242900401
1715943882.6113214,0.0,0.0,0.0,1715943882.651451,0.0,0.0,0.0,1715943882.6313388,-0.0016626107912286192,-0.02002672435520192,-0.48188366612012146,1715943883.4914176,0.019431530779125808,0.002560082850868728,0.0027573214724171107,1715943883.3814986,0.004407216605936246,0.011205508214229054,0.015951656989773445,1715943883.3614862,0.021580051717942528,-0.02568300161959125,-0.7358906417916469
1715943882.6213768,0.0,0.0,0.0,1715943882.6613374,0.0,0.0,0.0,1715943882.651451,-0.005258754568703478,-0.018407240035092753,-0.48154711687172735,1715943883.5013967,0.016029170026501473,0.007251221730711688,0.014010302367173677,1715943883.391462,0.008064085929735468,0.00648803528027031,0.018948407997728293,1715943883.3715937,0.019789571386558347,-0.025755198052827222,-0.7360480264380094
1715943882.6313388,0.0,0.0,0.0,1715943882.6713579,0.0,0.0,0.0,1715943882.6613374,-0.004722759910733065,-0.016642600117337425,-0.4814045760722061,1715943883.511421,0.010375022038624344,0.0016798035375589215,0.01902819614718873,1715943883.4013987,0.010426339190188441,0.018474134258044117,0.016684183869537045,1715943883.3814986,0.01852690801163792,-0.025467643506584592,-0.7362101412705391
1715943882.651451,0.0,0.0,0.0,1715943882.6813588,0.0,0.0,0.0,1715943882.6713579,-0.003934907710530372,-0.014891755836329068,-0.4813833444381914,1715943883.5215726,0.014401448649287413,0.0051381572592903435,0.0025838086377298437,1715943883.4513876,0.007757545077726789,0.0014399782617176005,0.0009650776454581166,1715943883.391462,0.01727616836859225,-0.024502634907532794,-0.7364134083997307
1715943882.6613374,0.0,0.0,0.0,1715943882.6913702,0.0,0.0,0.0,1715943882.6813588,-0.005470996871118461,-0.0140829759716945,-0.48129786275506387,1715943883.5314353,0.015882011521340948,0.01339741429402208,0.01781493388271271,1715943883.4914176,0.019431530779125808,0.002560082850868728,0.0027573214724171107,1715943883.4013987,0.017984096919613446,-0.02287240512884048,-0.7365417682652229
1715943882.6713579,0.0,0.0,0.0,1715943882.7014184,0.0,0.0,0.0,1715943882.6913702,-0.007004496092761464,-0.01344298404945965,-0.48118919182861386,1715943883.541494,0.003616846351023814,0.005538169196212195,0.0004744050093887307,1715943883.5013967,0.016029170026501473,0.007251221730711688,0.014010302367173677,1715943883.4513876,0.015496418998229178,-0.027227365176867524,-0.7373023187013317
1715943882.6813588,0.0,0.0,0.0,1715943882.7114263,0.0,0.0,0.0,1715943882.7014184,-0.008632800482618747,-0.01360722783169166,-0.4810003631566153,1715943883.5514276,0.008192085193656686,0.0014642780784777099,0.017810512135869865,1715943883.511421,0.010375022038624344,0.0016798035375589215,0.01902819614718873,1715943883.4914176,0.017358175234111872,-0.03564740861867244,-0.7381796746912972
1715943882.6913702,0.0,0.0,0.0,1715943882.7514687,0.0,0.0,0.0,1715943882.7114263,-0.010166413184388629,-0.01292644584012459,-0.4808586708907786,1715943883.5615287,0.014360742927206151,0.014173418518008019,0.015174160054360206,1715943883.5215726,0.014401448649287413,0.0051381572592903435,0.0025838086377298437,1715943883.5013967,0.020092452465810595,-0.03657787583320826,-0.738571290267064
1715943882.7014184,0.0,0.0,0.0,1715943882.761406,0.0,0.0,0.0,1715943882.7514687,-0.012049725880378365,-0.012103931324607187,-0.48002040728080886,1715943883.5715795,0.017963347421204784,0.013642493640633413,0.0091015961545884,1715943883.5314353,0.015882011521340948,0.01339741429402208,0.01781493388271271,1715943883.511421,0.021617250208788352,-0.03817007458006749,-0.7389445784278319
1715943882.7114263,0.0,0.0,0.0,1715943882.7714136,0.0,0.0,0.0,1715943882.761406,-0.009508004665086861,-0.011921353207753338,-0.47980473582408856,1715943883.581509,0.005415267473054367,0.006267258773415607,0.003527500352477884,1715943883.541494,0.003616846351023814,0.005538169196212195,0.0004744050093887307,1715943883.5215726,0.019958840121814703,-0.03816855613873593,-0.7392057689781772
1715943882.7514687,0.0,0.0,0.0,1715943882.781357,0.0,0.0,0.0,1715943882.7714136,-0.007085091141584232,-0.012020376825414791,-0.47965371719430644,1715943883.6514592,0.006146495069833292,0.016094837717662847,0.0117770212331912,1715943883.5514276,0.008192085193656686,0.0014642780784777099,0.017810512135869865,1715943883.5314353,0.018726002220347482,-0.038374879151827024,-0.739375556481451
1715943882.761406,0.0,0.0,0.0,1715943882.7913792,0.0,0.0,0.0,1715943882.781357,-0.004798879230390851,-0.012762129692919677,-0.47954110571890046,1715943883.6614509,0.012962704501388818,0.0020365808447473377,0.001620114698144843,1715943883.5615287,0.014360742927206151,0.014173418518008019,0.015174160054360206,1715943883.541494,0.020792203925839026,-0.03720162837106655,-0.7396629255228797
1715943882.7714136,0.0,0.0,0.0,1715943883.2513862,0.0,0.0,0.0,1715943882.7913792,-0.002448997544590159,-0.013468627965418811,-0.4795056269699489,1715943883.6814406,0.01951207618494079,0.01081412617721278,0.015382826377704693,1715943883.5715795,0.017963347421204784,0.013642493640633413,0.0091015961545884,1715943883.5514276,0.01792801651997289,-0.03752185150427034,-0.739645159048818
1715943882.781357,0.0,0.0,0.0,1715943883.261395,0.0,0.0,0.0,1715943883.2513862,-0.005683963291562899,-0.02341370062896231,-0.4756713247197781,1715943883.6914563,0.016871085441232024,0.016157151198549657,0.01299503463636488,1715943883.581509,0.005415267473054367,0.006267258773415607,0.003527500352477884,1715943883.5615287,0.01606650477442928,-0.03760847019082014,-0.7396229650413222
1715943882.7913792,0.0,0.0,0.0,1715943883.271551,0.0,0.0,0.0,1715943883.261395,-0.007487713740967128,-0.022441265462041393,-0.47554846772761916,1715943883.7014194,0.004825871605845435,0.01610212189118454,0.018678786740331542,1715943883.6514592,0.006146495069833292,0.016094837717662847,0.0117770212331912,1715943883.5715795,0.01852528862669134,-0.03688408396963094,-0.7396301521766997
1715943883.2513862,0.0,0.0,0.0,1715943883.2813916,0.0,0.0,0.0,1715943883.271551,-0.006307206316746583,-0.020904975145971783,-0.4754626801113014,1715943883.7114325,0.007847789408023699,0.018644860219982906,0.014519244674413512,1715943883.6614509,0.012962704501388818,0.0020365808447473377,0.001620114698144843,1715943883.581509,0.019525610123324988,-0.03750216472053913,-0.7397687625501446
1715943883.261395,0.0,0.0,0.0,1715943883.2919915,0.0,0.0,0.0,1715943883.2813916,-0.005680622368515936,-0.019303687458260832,-0.4753730995683768,1715943883.7215629,0.014910392950891,0.009946179110997155,0.0031838931576250703,1715943883.6814406,0.01951207618494079,0.01081412617721278,0.015382826377704693,1715943883.6514592,0.020621311749323468,-0.030872719157345685,-0.7411147967405451
1715943883.271551,0.0,0.0,0.0,1715943883.3014095,0.0,0.0,0.0,1715943883.2919915,-0.0071301456045250455,-0.01887833555721352,-0.47514572806648114,1715943883.7314444,0.015260523264618575,0.0019468996062750321,0.0049766510180823615,1715943883.6914563,0.016871085441232024,0.016157151198549657,0.01299503463636488,1715943883.6614509,0.02043297397054733,-0.029455436194893547,-0.7412736227899392
1715943883.2813916,0.0,0.0,0.0,1715943883.3114862,0.0,0.0,0.0,1715943883.3014095,-0.008457817946584928,-0.019063407515218955,-0.47500191325944696,1715943883.741496,0.015100991629043896,0.004866709513048129,0.004318925564811655,1715943883.7014194,0.004825871605845435,0.01610212189118454,0.018678786740331542,1715943883.6814406,0.02391277306613082,-0.03282364325995757,-0.7418946354955622
1715943883.2919915,0.0,0.0,0.0,1715943883.3215938,0.0,0.0,0.0,1715943883.3114862,-0.006148166657264392,-0.019124758257037966,-0.47493480077059735,1715943883.751467,0.006211639810859122,0.01292906162861751,0.019142303475134858,1715943883.7114325,0.007847789408023699,0.018644860219982906,0.014519244674413512,1715943883.6914563,0.022531391923602317,-0.033396789496528134,-0.7422858519661144
1715943883.3014095,0.0,0.0,0.0,1715943883.3314986,0.0,0.0,0.0,1715943883.3215938,-0.003952178403353296,-0.018975295840929274,-0.4748005149117652,1715943883.7615519,0.0096439287010297,0.007998227165841643,0.014839164762044403,1715943883.7215629,0.014910392950891,0.009946179110997155,0.0031838931576250703,1715943883.7014194,0.021359962783431108,-0.03368321301371702,-0.7424450349045584
1715943883.3114862,0.0,0.0,0.0,1715943883.341462,0.0,0.0,0.0,1715943883.3314986,-0.001624843686574673,-0.01843586439221534,-0.47472563736304063,1715943883.8215234,0.016391317651996806,0.014738938317590433,0.017648501865682086,1715943883.7314444,0.015260523264618575,0.0019468996062750321,0.0049766510180823615,1715943883.7114325,0.019789408644288464,-0.03331249400838221,-0.7426205011619658
1715943883.3215938,0.0,0.0,0.0,1715943883.3513987,0.0,0.0,0.0,1715943883.341462,-0.0003127492682742927,-0.017043679484936014,-0.47460689921210464,1715943883.8315198,0.009682040388830682,0.0196950285105697,0.002019943736808312,1715943883.741496,0.015100991629043896,0.004866709513048129,0.004318925564811655,1715943883.7215629,0.01813648445024718,-0.03332199164169558,-0.7427733513441375
1715943883.3314986,0.0,0.0,0.0,1715943883.4114597,0.0,0.0,0.0,1715943883.3513987,-0.0011097408743923898,-0.015448571141475798,-0.4744833837451725,1715943883.8414454,0.007088591908858497,0.015171968728357577,0.018701047337827553,1715943883.751467,0.006211639810859122,0.01292906162861751,0.019142303475134858,1715943883.7314444,0.017393149923506712,-0.03201911713544803,-0.7430299676962164
1715943883.341462,0.0,0.0,0.0,1715943883.4414175,0.0,0.0,0.0,1715943883.4114597,-0.0006778396437755463,-0.021392568872016016,-0.4740048634252599,1715943883.8514142,0.014402842885650823,0.007179638494106966,0.01471365907809312,1715943883.7615519,0.0096439287010297,0.007998227165841643,0.014839164762044403,1715943883.741496,0.018603371477610153,-0.030483251297789282,-0.7431877473392801
1715943883.3513987,0.0,0.0,0.0,1715943883.4513967,0.0,0.0,0.0,1715943883.4414175,-0.0026740344031773444,-0.02656457089505815,-0.47344157891574046,1715943883.861462,0.0031608151032449334,0.01760361810865141,0.012231453914519918,1715943883.8215234,0.016391317651996806,0.014738938317590433,0.017648501865682086,1715943883.751467,0.016473436067892422,-0.030250353554913456,-0.743213164311161
1715943883.4114597,0.0,0.0,0.0,1715943883.461421,0.0,0.0,0.0,1715943883.4513967,-0.0037819331711581305,-0.02730118221636113,-0.47312916805230465,1715943883.8715835,0.007921038666532782,0.013190281600317766,0.008491996081214294,1715943883.8315198,0.009682040388830682,0.0196950285105697,0.002019943736808312,1715943883.7615519,0.015039065550233932,-0.030189868121240027,-0.7432922472360648
1715943883.4414175,0.0,0.0,0.0,1715943883.4715726,0.0,0.0,0.0,1715943883.461421,-0.0052192996010681225,-0.028690410029606372,-0.4727633046292191,1715943883.8814409,0.008083551348139859,0.018879552320148374,0.0033362546643135077,1715943883.8414454,0.007088591908858497,0.015171968728357577,0.018701047337827553,1715943883.8215234,0.020116027395179703,-0.033765198868750845,-0.7445909149928074
1715943883.4513967,0.0,0.0,0.0,1715943883.4814353,0.0,0.0,0.0,1715943883.4715726,-0.002916534267151244,-0.028596077334180015,-0.47254454798247525,1715943883.891479,0.011339354978907472,0.0039693625958263645,0.01594438659095794,1715943883.8514142,0.014402842885650823,0.007179638494106966,0.01471365907809312,1715943883.8315198,0.019226304135704364,-0.031641380579466416,-0.7447328340708985
1715943883.461421,0.0,0.0,0.0,1715943883.491494,0.0,0.0,0.0,1715943883.4814353,-0.000333607008377812,-0.028909525425814486,-0.4724154699114572,1715943883.9014552,0.010630335056451942,0.011715591275343495,0.017225167157969724,1715943883.861462,0.0031608151032449334,0.01760361810865141,0.012231453914519918,1715943883.8414454,0.018394633542034633,-0.02958731396875569,-0.7449029072709985
1715943883.4715726,0.0,0.0,0.0,1715943883.5014274,0.0,0.0,0.0,1715943883.491494,-0.0016800887278426713,-0.028455443785965873,-0.4722118801637881,1715943883.9114547,0.007727286392616986,0.015516503656987979,0.006035957660325386,1715943883.8715835,0.007921038666532782,0.013190281600317766,0.008491996081214294,1715943883.8514142,0.018030218144085897,-0.02753637593268432,-0.7450809302302268
1715943883.4814353,0.0,0.0,0.0,1715943883.5115285,0.0,0.0,0.0,1715943883.5014274,-0.0006540875605069718,-0.028828338995159575,-0.4722058873847077,1715943884.091473,0.005749089992887308,0.007378670883552374,0.005873806195182317,1715943883.8814409,0.008083551348139859,0.018879552320148374,0.0033362546643135077,1715943883.861462,0.02007261048920217,-0.026053070091364594,-0.7453686749817647
1715943883.491494,0.0,0.0,0.0,1715943883.5215795,0.0,0.0,0.0,1715943883.5115285,0.0013923735906930246,-0.028774903464789503,-0.4723110133090861,1715943884.1015875,0.007560606680815683,0.009964460365997851,0.011747544678103943,1715943883.891479,0.011339354978907472,0.0039693625958263645,0.01594438659095794,1715943883.8715835,0.0201516123880765,-0.023972506484857936,-0.7456316278917194
1715943883.5014274,0.0,0.0,0.0,1715943883.5315092,0.0,0.0,0.0,1715943883.5215795,-1.6712225948678494e-05,-0.028455134074181876,-0.4723744187764805,1715943884.1115255,0.00327121892414342,0.010310549039482808,0.008287509125637756,1715943883.9014552,0.010630335056451942,0.011715591275343495,0.017225167157969724,1715943883.8814409,0.018555221287346768,-0.023319641009694747,-0.7458300333796606
1715943883.5115285,0.0,0.0,0.0,1715943883.611451,0.0,0.0,0.0,1715943883.5315092,-0.0028386052434798137,-0.028957794313916096,-0.47226096104252757,1715943884.1215298,0.00723761054595524,0.004261424031540395,0.0195131098710057,1715943883.9114547,0.007727286392616986,0.015516503656987979,0.006035957660325386,1715943883.891479,0.01775442644496472,-0.02204426384252378,-0.7459658107682694
1715943883.5215795,0.0,0.0,0.0,1715943883.621683,0.0,0.0,0.0,1715943883.611451,-0.0037616085576585023,-0.020157327820836013,-0.47117603495128024,1715943884.1314955,0.003674242191695312,0.00041821137406938824,0.009970014450696797,1715943884.091473,0.005749089992887308,0.007378670883552374,0.005873806195182317,1715943883.9014552,0.0198874369394777,-0.02137405741080478,-0.745994399227726
1715943883.5315092,0.0,0.0,0.0,1715943883.6314404,0.0,0.0,0.0,1715943883.621683,-0.005098269523451826,-0.020617320546967077,-0.47092356474082075,1715943884.1415133,0.004378049347220417,0.011903837098167669,0.00341460102955206,1715943884.1015875,0.007560606680815683,0.009964460365997851,0.011747544678103943,1715943883.9114547,0.02236356668756434,-0.02173776754056833,-0.7460592859379851
1715943883.5417948,0.0,0.0,0.0,1715943883.6414564,0.0,0.0,0.0,1715943883.6314404,-0.0064716076118605526,-0.02203726958672081,-0.4706817629461943,1715943884.1515656,0.0012924652372024517,0.006402410222067889,0.007680462242105187,1715943884.1115255,0.00327121892414342,0.010310549039482808,0.008287509125637756,1715943884.091473,0.025825586551481816,-0.012038690303096677,-0.748296796114932
1715943883.611451,0.0,0.0,0.0,1715943883.6514194,0.0,0.0,0.0,1715943883.6414564,-0.0040464185138817665,-0.022773439281816632,-0.4704622547514621,1715943884.1615388,0.015624184611729975,0.01686333390466621,0.006474941416557657,1715943884.1215298,0.00723761054595524,0.004261424031540395,0.0195131098710057,1715943884.1015875,0.02651117103501255,-0.010216053383890866,-0.7485703508402253
1715943883.621683,0.0,0.0,0.0,1715943883.6614325,0.0,0.0,0.0,1715943883.6514194,-0.0014485748012657007,-0.023383242723989728,-0.4703497292119594,1715943884.1715646,0.0037918692563832417,0.007236940564253613,0.015814036470426666,1715943884.1314955,0.003674242191695312,0.00041821137406938824,0.009970014450696797,1715943884.1115255,0.025961409455159234,-0.008792160471845278,-0.7486483292116866
1715943883.6314404,0.0,0.0,0.0,1715943883.671563,0.0,0.0,0.0,1715943883.6614325,0.0007538499407037658,-0.023006311174367244,-0.4702330777151715,1715943884.1815968,0.002492958092950512,0.01802208586964693,0.018129902872922106,1715943884.1415133,0.004378049347220417,0.011903837098167669,0.00341460102955206,1715943884.1215298,0.02423242315468599,-0.008373991436957828,-0.7487066271876488
1715943883.6414564,0.0,0.0,0.0,1715943883.6814442,0.0,0.0,0.0,1715943883.671563,0.003086200054828736,-0.023037274663277207,-0.47008948509831594,1715943884.4915211,0.0020080741855619164,0.0005239235703025091,0.0093895914801327,1715943884.1515656,0.0012924652372024517,0.006402410222067889,0.007680462242105187,1715943884.1314955,0.02214665825078521,-0.009290395436504895,-0.7489071550410955
1715943883.6514194,0.0,0.0,0.0,1715943883.6914961,0.0,0.0,0.0,1715943883.6814442,0.002023096908171873,-0.021775923156762023,-0.46980030840216486,1715943884.5015547,0.01121716997339446,0.012079739439295079,0.010227537643208185,1715943884.1615388,0.015624184611729975,0.01686333390466621,0.006474941416557657,1715943884.1415133,0.02092354100423144,-0.011314839065331261,-0.7489719009844169
1715943883.6614325,0.0,0.0,0.0,1715943883.701467,0.0,0.0,0.0,1715943883.6914961,0.0007800707574231458,-0.02059827536072656,-0.46966165255809383,1715943884.5115318,0.019888564517192838,0.013834067320823928,0.01807938820881912,1715943884.1715646,0.0037918692563832417,0.007236940564253613,0.015814036470426666,1715943884.1515656,0.02131303218593228,-0.014133224447044013,-0.7492219201876171
1715943883.671563,0.0,0.0,0.0,1715943883.711552,0.0,0.0,0.0,1715943883.701467,0.0024326424967131277,-0.020277572760382556,-0.46966766885439637,1715943884.521554,0.012095608274665708,0.017578672028368603,0.013613419379617239,1715943884.1815968,0.002492958092950512,0.01802208586964693,0.018129902872922106,1715943884.1615388,0.01938454048806726,-0.01624501578675641,-0.7493341267136024
1715943883.6814442,0.0,0.0,0.0,1715943883.7715235,0.0,0.0,0.0,1715943883.711552,0.00470694256656734,-0.020136856995534025,-0.46965183019939544,1715943884.5315158,0.018022836869133488,0.015463857568013939,0.012501490821618392,1715943884.4915211,0.0020080741855619164,0.0005239235703025091,0.0093895914801327,1715943884.1715646,0.018076896272823717,-0.0180949152360268,-0.7493378417689618
1715943883.6914961,0.0,0.0,0.0,1715943883.78152,0.0,0.0,0.0,1715943883.7216644,0.0032880686570927187,-0.020526680751156157,-0.46947201692141494,1715943884.5415606,0.012638239776040939,0.008121737534054985,0.008239607319782547,1715943884.5015547,0.01121716997339446,0.012079739439295079,0.010227537643208185,1715943884.1815968,0.019315809007042883,-0.019927504510973915,-0.7496051331321532
1715943883.701467,0.0,0.0,0.0,1715943883.7914455,0.0,0.0,0.0,1715943883.7715235,0.0011925410269744696,-0.023745210772259107,-0.46873462829279683,1715943884.5515275,0.007075497001806426,0.008678373403645967,0.010239079190250515,1715943884.5115318,0.019888564517192838,0.013834067320823928,0.01807938820881912,1715943884.4915211,0.032598764849437245,-0.01575012913547713,-0.754259886904534
1715943883.711552,0.0,0.0,0.0,1715943883.8014143,0.0,0.0,0.0,1715943883.78152,0.0003621745007087729,-0.02136564646797412,-0.4685178004863265,1715943884.5615773,0.004297985803308838,0.01495371603307305,0.01892334989339077,1715943884.521554,0.012095608274665708,0.017578672028368603,0.013613419379617239,1715943884.5015547,0.03099807623307571,-0.015723837603727198,-0.7543942183040127
1715943883.7216644,0.0,0.0,0.0,1715943883.8114622,0.0,0.0,0.0,1715943883.7914455,0.0010590422682541234,-0.018985511963154567,-0.468299246257471,1715943884.5715365,0.016289362300002937,0.00403470278530782,0.01521694304890878,1715943884.5315158,0.018022836869133488,0.015463857568013939,0.012501490821618392,1715943884.5115318,0.032234357526404356,-0.01430724172197384,-0.754502217186495
1715943883.7715235,0.0,0.0,0.0,1715943883.8215835,0.0,0.0,0.0,1715943883.8014143,0.0016103971229768366,-0.01663981732228259,-0.46816289762730584,1715943884.5815768,0.011768387086822811,0.012986721136151846,0.001142320663789908,1715943884.5415606,0.012638239776040939,0.008121737534054985,0.008239607319782547,1715943884.521554,0.033153176137568074,-0.013195890520052433,-0.7547595425066609
1715943883.78152,0.0,0.0,0.0,1715943883.831441,0.0,0.0,0.0,1715943883.8114622,0.00027329641625309375,-0.015242273687557262,-0.4679582660879713,1715943884.601611,0.013661284818181125,0.010255785546107177,0.015494659288198513,1715943884.5515275,0.007075497001806426,0.008678373403645967,0.010239079190250515,1715943884.5315158,0.031074604519445437,-0.013943118235953955,-0.7549428346669398
1715943883.7914455,0.0,0.0,0.0,1715943883.8414788,0.0,0.0,0.0,1715943883.8215835,-0.00037823034981585013,-0.013145327544054508,-0.46780726003564554,1715943884.611564,0.011663153455399426,0.0033174871686436624,0.018743325413668105,1715943884.5615773,0.004297985803308838,0.01495371603307305,0.01892334989339077,1715943884.5415606,0.02981269255527952,-0.015567488897115789,-0.7551029205967499
1715943883.8014143,0.0,0.0,0.0,1715943883.8514552,0.0,0.0,0.0,1715943883.831441,0.001467081539668208,-0.012283569904706804,-0.46773855588779234,1715943884.6215618,0.0091786938524858,0.009305780145563602,0.005774814038546506,1715943884.5715365,0.016289362300002937,0.00403470278530782,0.01521694304890878,1715943884.5515275,0.03173211102890683,-0.017103810704181877,-0.7552546396730513
1715943883.8114622,0.0,0.0,0.0,1715943883.8614545,0.0,0.0,0.0,1715943883.8414788,0.0026433384580141217,-0.010640468353735777,-0.467678819536616,1715943884.631822,0.008210492561328596,0.0015957404788506935,0.014467431307117652,1715943884.5815768,0.011768387086822811,0.012986721136151846,0.001142320663789908,1715943884.5615773,0.029868516472888018,-0.019275792582417184,-0.7554727064518474
1715943883.8215835,0.0,0.0,0.0,1715943884.0414732,0.0,0.0,0.0,1715943883.8514552,0.0009970683226991073,-0.010245313215041518,-0.4676376125844839,1715943884.6415498,0.009669684986373234,0.01781140214760546,0.016148528317904885,1715943884.601611,0.013661284818181125,0.010255785546107177,0.015494659288198513,1715943884.5715365,0.028687149972163706,-0.020812988764087992,-0.7555695189417726
1715943883.831441,0.0,0.0,0.0,1715943884.0515876,0.0,0.0,0.0,1715943883.8614545,-0.0005914983210103253,-0.010547666068999817,-0.46752920568874934,1715943885.2016501,0.01705748745409877,0.004853352920981324,0.01277922348773875,1715943884.611564,0.011663153455399426,0.0033174871686436624,0.018743325413668105,1715943884.5815768,0.028923405509822864,-0.02328847128491862,-0.7556987018074972
1715943883.8414788,0.0,0.0,0.0,1715943884.0615256,0.0,0.0,0.0,1715943884.0414732,-0.010459695605230745,-0.0025082713328379302,-0.46631525096524146,1715943885.2116354,0.015326849352544629,0.012757235342615747,0.01870054257556847,1715943884.6215618,0.0091786938524858,0.009305780145563602,0.005774814038546506,1715943884.601611,0.03232733666836385,-0.02747064649743014,-0.7562159412011571
1715943883.8514552,0.0,0.0,0.0,1715943884.0715296,0.0,0.0,0.0,1715943884.0515876,-0.010794909992892121,-0.0005936938388424462,-0.4661509609621905,1715943885.221754,0.013980597829446344,0.003439764255960931,0.005541221826594176,1715943884.631822,0.008210492561328596,0.0015957404788506935,0.014467431307117652,1715943884.611564,0.03466235156493447,-0.0288104207101898,-0.7565406820079978
1715943883.8614545,0.0,0.0,0.0,1715943884.0814955,0.0,0.0,0.0,1715943884.0615256,-0.009825274958604663,0.0010545057681277115,-0.4660266530039374,1715943885.2416239,0.004787156214637996,0.0063556623053167005,0.019078480042048825,1715943884.6415498,0.009669684986373234,0.01781140214760546,0.016148528317904885,1715943884.6215618,0.03494089232673048,-0.031038245326832303,-0.7568509495111773
1715943884.0414732,0.0,0.0,0.0,1715943884.0915134,0.0,0.0,0.0,1715943884.0715296,-0.008210483274854102,0.0016781546099673417,-0.4659640105406704,1715943885.25162,0.0023246264889062486,0.013147460002471245,0.016519359820308294,1715943885.2016501,0.01705748745409877,0.004853352920981324,0.01277922348773875,1715943884.631822,0.03340566712009885,-0.03176375355666461,-0.7570856645729211
1715943884.0515876,0.0,0.0,0.0,1715943884.1015656,0.0,0.0,0.0,1715943884.0814955,-0.006439618870251601,0.0007805337990853811,-0.46586448373725886,1715943885.2616215,0.017895141959074212,0.004928318527423814,0.008776677060740944,1715943885.2116354,0.015326849352544629,0.012757235342615747,0.01870054257556847,1715943884.6415498,0.0353176055044786,-0.03032869001109284,-0.7572661337835225
1715943884.0615256,0.0,0.0,0.0,1715943884.1115386,0.0,0.0,0.0,1715943884.0915134,-0.004519004833523577,-0.0012643828388101408,-0.4658096236178432,1715943885.2717035,0.008455461203042657,0.019103284685565214,0.01917944748177686,1715943885.221754,0.013980597829446344,0.003439764255960931,0.005541221826594176,1715943885.2016501,0.014891463269832705,-0.027027126377008992,-0.7638979969145625
1715943884.0715296,0.0,0.0,0.0,1715943884.1215646,0.0,0.0,0.0,1715943884.1015656,-0.005514207768310603,-0.0038193627879812286,-0.4656877290232576,1715943885.2816107,0.007027506427169787,0.016930554750378413,0.018153520636775125,1715943885.2416239,0.004787156214637996,0.0063556623053167005,0.019078480042048825,1715943885.2116354,0.01418721943472434,-0.02862477160098864,-0.7642111126565094
1715943884.0814955,0.0,0.0,0.0,1715943884.1315968,0.0,0.0,0.0,1715943884.1115386,-0.0052433793795870764,-0.005902630477387483,-0.4656380991845216,1715943885.2916284,0.010840206501714843,0.012341008303319967,0.015476804346518444,1715943885.25162,0.0023246264889062486,0.013147460002471245,0.016519359820308294,1715943885.221754,0.01407813227204846,-0.030623959352842345,-0.764265634771796
1715943884.0915134,0.0,0.0,0.0,1715943884.4515548,0.0,0.0,0.0,1715943884.1215646,-0.0042482412565370276,-0.007700828081216526,-0.46560495247234623,1715943885.3015773,0.0012217723394372148,0.007407057278249418,0.014557760396715608,1715943885.2616215,0.017895141959074212,0.004928318527423814,0.008776677060740944,1715943885.2416239,0.010778332981306704,-0.02912073885499411,-0.7645364510581665
1715943884.1015656,0.0,0.0,0.0,1715943884.4615319,0.0,0.0,0.0,1715943884.1315968,-0.005439603690126721,-0.00929328152549247,-0.46547339427550327,1715943885.4617076,0.018638753743849025,0.004647325421657467,0.017676190246215126,1715943885.2717035,0.008455461203042657,0.019103284685565214,0.01917944748177686,1715943885.25162,0.012876264435954798,-0.027798251939502805,-0.7646642006238906
1715943884.1115386,0.0,0.0,0.0,1715943884.471554,0.0,0.0,0.0,1715943884.4515548,-0.01019407581939541,-0.006250456976541363,-0.46322450984640234,1715943885.471759,0.009331819755567298,0.011433403787317609,0.016826985406404465,1715943885.2816107,0.007027506427169787,0.016930554750378413,0.018153520636775125,1715943885.2616215,0.013062317897929887,-0.026000549391721695,-0.7647799144859864
1715943884.1215646,0.0,0.0,0.0,1715943884.481516,0.0,0.0,0.0,1715943884.4615319,-0.01148349518843722,-0.005418817213246552,-0.4631238830942088,1715943885.4815962,0.0011184801033828585,0.012092984962085218,0.01257362518911977,1715943885.2916284,0.010840206501714843,0.012341008303319967,0.015476804346518444,1715943885.2717035,0.010493351703321885,-0.025647706833077155,-0.7646075448097411
1715943884.1315968,0.0,0.0,0.0,1715943884.4915607,0.0,0.0,0.0,1715943884.471554,-0.013555275838961212,-0.005226310511176502,-0.46291235784055795,1715943885.5016062,0.01950010010716196,0.008993172817546524,0.011540018876303777,1715943885.3015773,0.0012217723394372148,0.007407057278249418,0.014557760396715608,1715943885.2816107,0.010064376635021688,-0.02418107816137982,-0.7643130815223165
1715943884.4515548,0.0,0.0,0.0,1715943884.5015275,0.0,0.0,0.0,1715943884.481516,-0.011859739765785055,-0.0060211978839328495,-0.4627860749101337,1715943885.5116243,0.007908041881050345,0.001966979380809475,0.008766133609940614,1715943885.4617076,0.018638753743849025,0.004647325421657467,0.017676190246215126,1715943885.2916284,0.011912755700967281,-0.02461939905982713,-0.7644092632137234
1715943884.4615319,0.0,0.0,0.0,1715943884.5115774,0.0,0.0,0.0,1715943884.4915607,-0.010087161823390062,-0.007854932774077561,-0.4627429007936116,1715943885.521756,0.010089515025518025,0.011778136962937058,0.00942618915890029,1715943885.471759,0.009331819755567298,0.011433403787317609,0.016826985406404465,1715943885.3015773,0.009534160696055949,-0.024311828646372824,-0.7643818375362317
1715943884.471554,0.0,0.0,0.0,1715943884.5215366,0.0,0.0,0.0,1715943884.5015275,-0.011775881470480448,-0.009169343357402493,-0.46273428101825875,1715943885.531619,0.01298136014833855,0.003545333377612536,0.0026843899822264804,1715943885.4815962,0.0011184801033828585,0.012092984962085218,0.01257362518911977,1715943885.4617076,0.021631420949718372,-0.026877601440604915,-0.7682948121550659
1715943884.481516,0.0,0.0,0.0,1715943884.5315766,0.0,0.0,0.0,1715943884.5115774,-0.012003203267952983,-0.011483464194006032,-0.46258696108355735,1715943885.5416126,0.015916711081317574,0.008988762086177049,0.0102385139957771,1715943885.5016062,0.01950010010716196,0.008993172817546524,0.011540018876303777,1715943885.471759,0.020601248246335135,-0.028451123731500605,-0.7686264564295122
1715943884.4915607,0.0,0.0,0.0,1715943884.541567,0.0,0.0,0.0,1715943884.5215366,-0.010490519223065514,-0.013361019539723129,-0.46245809332511423,1715943885.5515895,0.015386329448902223,0.01962345511954422,0.01291998171572163,1715943885.5116243,0.007908041881050345,0.001966979380809475,0.008766133609940614,1715943885.4815962,0.02135016988536087,-0.030299501088147274,-0.7688205294166597
1715943884.5015275,0.0,0.0,0.0,1715943884.551611,0.0,0.0,0.0,1715943884.5315766,-0.01082519640400112,-0.0156096356029376,-0.4623415136670421,1715943885.5616443,0.009936984478444433,0.01946578075160632,0.018803408452312743,1715943885.521756,0.010089515025518025,0.011778136962937058,0.00942618915890029,1715943885.5016062,0.016550226193640327,-0.029947361375427528,-0.7690687107224328
1715943884.5115774,0.0,0.0,0.0,1715943884.561564,0.0,0.0,0.0,1715943884.541567,-0.010511838906632515,-0.017772805440261052,-0.46221807874366916,1715943885.581703,0.015133925141131082,0.011006215445754863,0.015460796505860942,1715943885.531619,0.01298136014833855,0.003545333377612536,0.0026843899822264804,1715943885.5116243,0.015116523665905657,-0.029966624334966996,-0.7692159365865177
1715943884.5215366,0.0,0.0,0.0,1715943884.5715618,0.0,0.0,0.0,1715943884.551611,-0.011209034637197246,-0.019596690857753396,-0.46203685249380827,1715943885.591662,0.016148069580641144,0.015091887529579573,0.01137465941451053,1715943885.5416126,0.015916711081317574,0.008988762086177049,0.0102385139957771,1715943885.521756,0.017580918320000194,-0.029866985461935336,-0.7694312646817876
1715943884.5315766,0.0,0.0,0.0,1715943884.5818222,0.0,0.0,0.0,1715943884.561564,-0.012423124902400329,-0.020785871606413764,-0.46183416713132536,1715943885.6116571,0.018835731193901164,0.010255257699454345,0.017252762215287324,1715943885.5515895,0.015386329448902223,0.01962345511954422,0.01291998171572163,1715943885.531619,0.017102888023128315,-0.027965426115318603,-0.7695368961172999
1715943884.541567,0.0,0.0,0.0,1715943884.5915496,0.0,0.0,0.0,1715943884.5715618,-0.013872866903091807,-0.022592096940152517,-0.4615982989458331,1715943885.621765,0.009445811472058245,0.005950945910153882,0.004153663069752756,1715943885.5616443,0.009936984478444433,0.01946578075160632,0.018803408452312743,1715943885.5416126,0.015388670132727711,-0.02728954420257268,-0.7695318231341393
1715943884.551611,0.0,0.0,0.0,1715943885.1717541,0.0,0.0,0.0,1715943884.5818222,-0.011624936934413493,-0.023331682010408583,-0.4614376578602032,1715943885.6316583,0.00945472839693487,0.011774978302016681,0.013229388740544443,1715943885.581703,0.015133925141131082,0.011006215445754863,0.015460796505860942,1715943885.5515895,0.01623822514717288,-0.025556646889211443,-0.7695760110522318
1715943884.561564,0.0,0.0,0.0,1715943885.1816216,0.0,0.0,0.0,1715943884.5915496,-0.012647751057894674,-0.02262013209125624,-0.46133729615482444,1715943885.641643,0.011116532088185664,0.007459864235611846,0.011372342749128477,1715943885.591662,0.016148069580641144,0.015091887529579573,0.01137465941451053,1715943885.5616443,0.01787639283691922,-0.026476766962599818,-0.7698064707528989
1715943884.5715618,0.0,0.0,0.0,1715943885.191624,0.0,0.0,0.0,1715943885.1717541,-0.0006601339682970608,-0.02397101442304672,-0.4558081594661932,1715943885.651622,0.008464498686521058,0.012688078375181044,0.012307256975360224,1715943885.6116571,0.018835731193901164,0.010255257699454345,0.017252762215287324,1715943885.581703,0.022762924519112104,-0.02690272503075186,-0.7702988100948511
1715943884.5818222,0.0,0.0,0.0,1715943885.20162,0.0,0.0,0.0,1715943885.1816216,0.0009544230062036307,-0.024501115159704767,-0.45579070375576775,1715943885.6717927,0.01163512674105683,0.014102088389972955,0.011236061318809307,1715943885.621765,0.009445811472058245,0.005950945910153882,0.004153663069752756,1715943885.591662,0.023222723271933088,-0.02505997026089979,-0.7704033198787457
1715943884.5915496,0.0,0.0,0.0,1715943885.2116215,0.0,0.0,0.0,1715943885.191624,0.002896562865651653,-0.023576042025812427,-0.4557815670363511,1715943885.6816497,0.014330733156113894,0.0030227407588434563,0.0041771092174119765,1715943885.6316583,0.00945472839693487,0.011774978302016681,0.013229388740544443,1715943885.6116571,0.02308589494096136,-0.021544691237727065,-0.7707067421833669
1715943885.1717541,0.0,0.0,0.0,1715943885.2217035,0.0,0.0,0.0,1715943885.20162,0.0016372408279253792,-0.022446903247545613,-0.45572806481217176,1715943885.6916387,0.0198451976704872,0.01925101818900754,0.006954573701291212,1715943885.641643,0.011116532088185664,0.007459864235611846,0.011372342749128477,1715943885.621765,0.025176898022091887,-0.020935450384618415,-0.7709139530537321
1715943885.1816216,0.0,0.0,0.0,1715943885.2316108,0.0,0.0,0.0,1715943885.2116215,4.3189815359168104e-05,-0.020758266742113562,-0.4557137443736756,1715943885.7016404,0.011490143917273408,0.014928918519552692,0.016054049409265442,1715943885.651622,0.008464498686521058,0.012688078375181044,0.012307256975360224,1715943885.6316583,0.023789062339528044,-0.022345405278632047,-0.7711403146520626
1715943885.191624,0.0,0.0,0.0,1715943885.2416284,0.0,0.0,0.0,1715943885.2217035,0.0013249391445231962,-0.020235749765172395,-0.45591062738091115,1715943885.711631,0.006540354441057538,0.005167411071618444,0.017623152310572432,1715943885.6717927,0.01163512674105683,0.014102088389972955,0.011236061318809307,1715943885.641643,0.022269194703929074,-0.02239626359647895,-0.7712684773815148
1715943885.20162,0.0,0.0,0.0,1715943885.2515774,0.0,0.0,0.0,1715943885.2316108,0.0023427896497207334,-0.018496345752770038,-0.4561051913012543,1715943885.9816804,0.019925757656396044,0.015200988072582522,0.007761295871180679,1715943885.6816497,0.014330733156113894,0.0030227407588434563,0.0041771092174119765,1715943885.651622,0.02453707332160615,-0.02275222428453927,-0.7713963096996448
1715943885.2116215,0.0,0.0,0.0,1715943885.2615957,0.0,0.0,0.0,1715943885.2416284,0.0001074980508393164,-0.018814854397136926,-0.4560989096729593,1715943886.0016627,0.003919890196287227,0.013101933872708305,0.01971273805336913,1715943885.6916387,0.0198451976704872,0.01925101818900754,0.006954573701291212,1715943885.6717927,0.022033792744474923,-0.019131706371368518,-0.7711257108751983
1715943885.2217035,0.0,0.0,0.0,1715943885.4217591,0.0,0.0,0.0,1715943885.2515774,0.0013916675249930621,-0.018318754367011802,-0.4561669754543404,1715943886.0219092,0.016666311073838785,0.013763367647913416,0.008636922209887807,1715943885.7016404,0.011490143917273408,0.014928918519552692,0.016054049409265442,1715943885.6816497,0.02103797229533466,-0.01748640148502356,-0.7710357702598145
1715943885.2316108,0.0,0.0,0.0,1715943885.4315963,0.0,0.0,0.0,1715943885.2615957,0.0033348779085202174,-0.018137099097147447,-0.4562806111731291,1715943886.0316691,0.007446909630935388,0.01643764465337716,0.014105834632097195,1715943885.711631,0.006540354441057538,0.005167411071618444,0.017623152310572432,1715943885.6916387,0.019851589590290875,-0.016266556498111484,-0.7709643920192999
1715943885.2416284,0.0,0.0,0.0,1715943885.4416327,0.0,0.0,0.0,1715943885.4217591,0.0007676436924195229,-0.020416675483694746,-0.4537611599048047,1715943886.0416958,0.009831071607059972,0.003585511033620481,0.010114135640708677,1715943885.9816804,0.019925757656396044,0.015200988072582522,0.007761295871180679,1715943885.7016404,0.0191729842070405,-0.014850572401020834,-0.770906039848775
1715943885.2515774,0.0,0.0,0.0,1715943885.4516063,0.0,0.0,0.0,1715943885.4315963,0.0008038608321875029,-0.021999340303253456,-0.4535968209063497,1715943886.0516627,0.01771199078545451,0.016689937526000787,0.014512810513639918,1715943886.0016627,0.003919890196287227,0.013101933872708305,0.01971273805336913,1715943885.711631,0.01758079982871985,-0.0139065622298844,-0.770976362838665
1715943885.2615957,0.0,0.0,0.0,1715943885.4616244,0.0,0.0,0.0,1715943885.4416327,-0.0013095799191935598,-0.022586829585295343,-0.45344070385814206,1715943886.0616972,0.01050143581284747,0.010766887987142315,0.006620262970014091,1715943886.0219092,0.016666311073838785,0.013763367647913416,0.008636922209887807,1715943885.9816804,0.012715558532953697,-0.027116276083440694,-0.7741660807266246
1715943885.4217591,0.0,0.0,0.0,1715943885.471756,0.0,0.0,0.0,1715943885.4516063,0.00021867271855333104,-0.022313034845998336,-0.4533384927477665,1715943886.0816658,0.005220305106161007,0.0067312753722372776,0.01725432031987679,1715943886.0316691,0.007446909630935388,0.01643764465337716,0.014105834632097195,1715943886.0016627,0.007757549220235305,-0.02641496649378472,-0.7741693681038511
1715943885.4315963,0.0,0.0,0.0,1715943885.4816191,0.0,0.0,0.0,1715943885.4616244,0.0026353256041311557,-0.02230430764439295,-0.45330937784850994,1715943886.0916743,0.007410531749290988,0.0030189512750418146,0.015193555172367663,1715943886.0416958,0.009831071607059972,0.003585511033620481,0.010114135640708677,1715943886.0219092,0.011641485139696872,-0.02699104867487323,-0.7746152578128704
1715943885.4416327,0.0,0.0,0.0,1715943885.4916124,0.0,0.0,0.0,1715943885.471756,0.0009407220624762513,-0.02214558577503567,-0.4531355870177753,1715943886.101649,0.010257200403958352,0.006771410111875875,0.013512508159562358,1715943886.0516627,0.01771199078545451,0.016689937526000787,0.014512810513639918,1715943886.0316691,0.013689067961831114,-0.026929938832741307,-0.7746903092833977
1715943885.4516063,0.0,0.0,0.0,1715943885.5015895,0.0,0.0,0.0,1715943885.4816191,4.412429369882176e-05,-0.02015839445563561,-0.4530820306906032,1715943886.121825,0.012482393691342374,0.01712966987562692,0.007564601313615572,1715943886.0616972,0.01050143581284747,0.010766887987142315,0.006620262970014091,1715943886.0416958,0.015477666815689073,-0.025857557678510057,-0.7748611689186031
1715943885.4616244,0.0,0.0,0.0,1715943885.5116444,0.0,0.0,0.0,1715943885.4916124,0.0018215393416041448,-0.019336499925437067,-0.4530922008539069,1715943886.1316874,0.012645165307691088,0.011201138660100973,0.01774827904851781,1715943886.0816658,0.005220305106161007,0.0067312753722372776,0.01725432031987679,1715943886.0516627,0.015701812338024368,-0.02391508488536953,-0.7749999336312419
1715943885.471756,0.0,0.0,0.0,1715943885.5217652,0.0,0.0,0.0,1715943885.5015895,0.0015111247483660106,-0.017617393815975158,-0.453034578730875,1715943886.1416922,0.0029566900435762855,0.01578347934801938,0.005741962409320932,1715943886.0916743,0.007410531749290988,0.0030189512750418146,0.015193555172367663,1715943886.0616972,0.017147460971706607,-0.022229105002161464,-0.7750973670649373
1715943885.4816191,0.0,0.0,0.0,1715943885.531703,0.0,0.0,0.0,1715943885.5116444,-0.0008874708096030248,-0.018454593445635492,-0.4529103706329757,1715943886.1617765,0.0006665802802560787,0.01501992421402809,0.004264286024525378,1715943886.101649,0.010257200403958352,0.006771410111875875,0.013512508159562358,1715943886.0816658,0.016552558874399992,-0.01918482709969549,-0.7753416804564193
1715943885.4916124,0.0,0.0,0.0,1715943885.5416617,0.0,0.0,0.0,1715943885.5217652,-0.002682658849298969,-0.01933408470607123,-0.45279533294301805,1715943886.1717887,0.015959267546641225,0.016001708032553852,0.0076793193321264535,1715943886.121825,0.012482393691342374,0.01712966987562692,0.007564601313615572,1715943886.0916743,0.01541979219303169,-0.019049755750466524,-0.7755921953609084
1715943885.5015895,0.0,0.0,0.0,1715943885.5516276,0.0,0.0,0.0,1715943885.531703,-0.0042745223123557274,-0.019583667726717824,-0.45265715977742194,1715943886.1817665,0.011475716544016473,0.006517659823926714,0.010155871070208116,1715943886.1316874,0.012645165307691088,0.011201138660100973,0.01774827904851781,1715943886.101649,0.016573580685699696,-0.017816043875763965,-0.7759604468714016
1715943885.5116444,0.0,0.0,0.0,1715943885.561657,0.0,0.0,0.0,1715943885.5416617,-0.006367940554522777,-0.018717558495561448,-0.45252322015880314,1715943886.1916893,0.013473171303966705,0.0042396497779007,0.010963589546343046,1715943886.1416922,0.0029566900435762855,0.01578347934801938,0.005741962409320932,1715943886.121825,0.013797854395911191,-0.019104321482158015,-0.7765830446620452
1715943885.5217652,0.0,0.0,0.0,1715943885.571765,0.0,0.0,0.0,1715943885.5516276,-0.005186346965054156,-0.01710054450149423,-0.45239356037637285,1715943886.2016892,0.012142578252866774,0.004154038898834145,0.004135381017490166,1715943886.1617765,0.0006665802802560787,0.01501992421402809,0.004264286024525378,1715943886.1316874,0.016108117953769874,-0.018809080361457342,-0.7768032689402453
1715943885.531703,0.0,0.0,0.0,1715943885.5816584,0.0,0.0,0.0,1715943885.561657,-0.004751423931679544,-0.015093843615602953,-0.45227058390990615,1715943886.2116928,0.010491007517626768,0.015428864195309977,0.0013423925118596445,1715943886.1717887,0.015959267546641225,0.016001708032553852,0.0076793193321264535,1715943886.1416922,0.014151236151084934,-0.0181115221507111,-0.7768334600973255
1715943885.5416617,0.0,0.0,0.0,1715943885.591643,0.0,0.0,0.0,1715943885.571765,-0.006539684381347222,-0.014616754481441951,-0.4521350301062682,1715943886.2218852,0.016421627680172208,0.013048398227758273,0.015450692769894433,1715943886.1817665,0.011475716544016473,0.006517659823926714,0.010155871070208116,1715943886.1617765,0.017957149398686312,-0.016310606655453475,-0.7768561687510651
1715943885.5516276,0.0,0.0,0.0,1715943885.601622,0.0,0.0,0.0,1715943885.5816584,-0.005448065134193908,-0.016218370870251908,-0.4519515720560683,1715943886.2317057,0.013308242341313191,0.006977091117971845,0.0048882367070104986,1715943886.1916893,0.013473171303966705,0.0042396497779007,0.010963589546343046,1715943886.1717887,0.01861524745279919,-0.015046296633812961,-0.7770213324700226
1715943885.561657,0.0,0.0,0.0,1715943885.6116235,0.0,0.0,0.0,1715943885.591643,-0.0031514032151117866,-0.01634666891902259,-0.45191954396325396,1715943886.2417135,0.009537331396158269,0.011708218812870097,0.011814609464272936,1715943886.2016892,0.012142578252866774,0.004154038898834145,0.004135381017490166,1715943886.1817665,0.01606870095841062,-0.015377615936376099,-0.777170934477855
1715943885.571765,0.0,0.0,0.0,1715943885.6217928,0.0,0.0,0.0,1715943885.601622,-0.004895088349443827,-0.01651901221473695,-0.45184784747063356,1715943886.251659,0.009905150478272834,0.016905128896412602,0.002180277388365209,1715943886.2116928,0.010491007517626768,0.015428864195309977,0.0013423925118596445,1715943886.1916893,0.014368671084918905,-0.016146255311740187,-0.7771674855500645
1715943885.5816584,0.0,0.0,0.0,1715943885.6316497,0.0,0.0,0.0,1715943885.6116235,-0.00618876831213086,-0.01447704016186413,-0.4517970493704051,1715943886.261703,0.016346967289095495,0.014326337990786975,0.006853550260700161,1715943886.2218852,0.016421627680172208,0.013048398227758273,0.015450692769894433,1715943886.2016892,0.016093381280870123,-0.01732585019490207,-0.7772767304537513
1715943885.591643,0.0,0.0,0.0,1715943885.6416388,0.0,0.0,0.0,1715943885.6217928,-0.0049928481245503364,-0.012356755981537404,-0.45190611094353494,1715943886.271878,0.01174253815768853,0.006714022614906723,0.012505070675696228,1715943886.2317057,0.013308242341313191,0.006977091117971845,0.0048882367070104986,1715943886.2116928,0.014279748022294925,-0.019582073467104166,-0.7773910673856221
1715943885.601622,0.0,0.0,0.0,1715943885.6516404,0.0,0.0,0.0,1715943885.6316497,-0.0037861722504219375,-0.010452922798229736,-0.4520758279453028,1715943886.2816844,0.01000743297769171,0.010009165790608732,0.015554565873488886,1715943886.2417135,0.009537331396158269,0.011708218812870097,0.011814609464272936,1715943886.2218852,0.01388986385724511,-0.021879157159573337,-0.7776329784951841
1715943885.6116235,0.0,0.0,0.0,1715943885.9719093,0.0,0.0,0.0,1715943885.6416388,-0.0026631570623806278,-0.00895041528774465,-0.452242944520869,1715943886.2916954,0.004780060710545936,0.005541444306308874,0.01899973335931039,1715943886.251659,0.009905150478272834,0.016905128896412602,0.002180277388365209,1715943886.2317057,0.016065730706976034,-0.022748939855667505,-0.7778095131279583
1715943885.6217928,0.0,0.0,0.0,1715943885.9816692,0.0,0.0,0.0,1715943885.6516404,-0.0023603579891458004,-0.007277233777612135,-0.45232748567563075,1715943886.3016646,0.009148223411763027,0.018023888374111285,0.01516295116997841,1715943886.261703,0.016346967289095495,0.014326337990786975,0.006853550260700161,1715943886.2417135,0.018179444855963123,-0.022609456801224503,-0.7781773260535658
1715943885.6316497,0.0,0.0,0.0,1715943885.991696,0.0,0.0,0.0,1715943885.9719093,-0.004079307861734521,-0.01632273826515851,-0.4500907191232354,1715943886.3116848,0.014776116005945528,0.0024215060283681034,0.016747372916301385,1715943886.271878,0.01174253815768853,0.006714022614906723,0.012505070675696228,1715943886.251659,0.021194223535884404,-0.023139897092452788,-0.7785724690116407
1715943885.6416388,0.0,0.0,0.0,1715943886.0016627,0.0,0.0,0.0,1715943885.9816692,-0.006078327021016849,-0.016260403968948678,-0.44999991766906394,1715943886.3217793,0.005803613973093464,0.0017215965920931442,0.003008431608106415,1715943886.2816844,0.01000743297769171,0.010009165790608732,0.015554565873488886,1715943886.261703,0.023749173838471194,-0.023677066389104162,-0.7789689774781507
1715943885.6516404,0.0,0.0,0.0,1715943886.011697,0.0,0.0,0.0,1715943885.991696,-0.007918406310390452,-0.015262539636356598,-0.4500041801912059,1715943886.5117,0.0185134501516494,0.0008760426395877374,0.016853237115252957,1715943886.2916954,0.004780060710545936,0.005541444306308874,0.01899973335931039,1715943886.271878,0.026676425961447592,-0.02394425174742909,-0.7794240810777264
1715943885.9719093,0.0,0.0,0.0,1715943886.0218947,0.0,0.0,0.0,1715943886.0016627,-0.00823468047195422,-0.013130296880904835,-0.44998109373886774,1715943886.5218008,0.0024787456995540606,0.0034277058481082534,0.005636017655503368,1715943886.3016646,0.009148223411763027,0.018023888374111285,0.01516295116997841,1715943886.2816844,0.02970245090631618,-0.02453747933918682,-0.7796899289434096
1715943885.9816692,0.0,0.0,0.0,1715943886.0316656,0.0,0.0,0.0,1715943886.011697,-0.008804967334632208,-0.011482057342363516,-0.4499610590459821,1715943886.531731,0.012029889802669808,0.0020958358731519855,0.018761201889520865,1715943886.3116848,0.014776116005945528,0.0024215060283681034,0.016747372916301385,1715943886.2916954,0.03234796574584875,-0.025124449659227777,-0.7800322093686347
1715943885.991696,0.0,0.0,0.0,1715943886.0416744,0.0,0.0,0.0,1715943886.0218947,-0.010248281806331527,-0.010673364410979325,-0.4498677999336446,1715943886.541728,0.0062323504512221736,0.001083354737149822,0.01883188917729626,1715943886.3217793,0.005803613973093464,0.0017215965920931442,0.003008431608106415,1715943886.3016646,0.031119527565679928,-0.025095192553260537,-0.780195836072263
1715943886.0016627,0.0,0.0,0.0,1715943886.051649,0.0,0.0,0.0,1715943886.0316656,-0.009852281582838546,-0.00896105596759389,-0.44973939219865644,1715943886.5517,0.018709702108557245,0.0078108874947111495,0.014224380539005878,1715943886.5117,0.0185134501516494,0.0008760426395877374,0.016853237115252957,1715943886.3116848,0.030059449454120202,-0.024723707360886804,-0.780297445242029
1715943886.011697,0.0,0.0,0.0,1715943886.0616717,0.0,0.0,0.0,1715943886.0416744,-0.007319661015923018,-0.008710891002287058,-0.44954187375932897,1715943886.561755,0.015231140685877685,0.008970117687611578,0.004602352271115904,1715943886.5218008,0.0024787456995540606,0.0034277058481082534,0.005636017655503368,1715943886.3217793,0.02847804318363467,-0.024621502216039426,-0.7802847450573829
1715943886.0218947,0.0,0.0,0.0,1715943886.0718248,0.0,0.0,0.0,1715943886.051649,-0.00825761409296527,-0.007715253207179806,-0.449323886105152,1715943886.5718546,0.0015451866219014395,0.013062744774720025,0.0037364856811419643,1715943886.531731,0.012029889802669808,0.0020958358731519855,0.018761201889520865,1715943886.5117,0.02654566456264007,-0.02348152358770661,-0.7828945652643116
1715943886.0316656,0.0,0.0,0.0,1715943886.0816875,0.0,0.0,0.0,1715943886.0616717,-0.0063894778129006125,-0.008507604551095005,-0.44915263632916697,1715943886.5817397,0.005823144225365907,0.0013199535299461829,0.018866081173636168,1715943886.541728,0.0062323504512221736,0.001083354737149822,0.01883188917729626,1715943886.5218008,0.024692045223298376,-0.02387075744018774,-0.782946516781335
1715943886.0416744,0.0,0.0,0.0,1715943886.091692,0.0,0.0,0.0,1715943886.0718248,-0.003877552643898413,-0.009137737122058232,-0.4489562309259335,1715943886.6017675,0.007047338035951048,0.0018094453273262978,0.013698198530297578,1715943886.5517,0.018709702108557245,0.0078108874947111495,0.014224380539005878,1715943886.531731,0.0228746711181822,-0.0243413452813126,-0.782897619130507
1715943886.051649,0.0,0.0,0.0,1715943886.1016707,0.0,0.0,0.0,1715943886.0816875,-0.005538953242877037,-0.009261143519705417,-0.44884153509433977,1715943886.6117568,0.018435404963910208,0.002845451764785567,0.014844921908508881,1715943886.561755,0.015231140685877685,0.008970117687611578,0.004602352271115904,1715943886.541728,0.020850472180962143,-0.024759128948055098,-0.7827172434256591
1715943886.0616717,0.0,0.0,0.0,1715943886.1117766,0.0,0.0,0.0,1715943886.091692,-0.0042142352430975805,-0.008380202983921281,-0.4488093842126598,1715943886.9717863,0.018325289813107805,0.0022107748428454865,0.0017151084430166424,1715943886.5718546,0.0015451866219014395,0.013062744774720025,0.0037364856811419643,1715943886.5517,0.018732070216290975,-0.024659581278989817,-0.7826980499535683
1715943886.0718248,0.0,0.0,0.0,1715943886.1217885,0.0,0.0,0.0,1715943886.1016707,-0.002537176328277241,-0.007746180909417921,-0.4488133709578016,1715943886.9818087,0.016066592994372627,0.0062878070621950055,0.00040667879887794356,1715943886.5817397,0.005823144225365907,0.0013199535299461829,0.018866081173636168,1715943886.561755,0.016788038067159228,-0.02549044520226862,-0.7826735508695597
1715943886.0816875,0.0,0.0,0.0,1715943886.1317663,0.0,0.0,0.0,1715943886.1117766,-0.003975885040882254,-0.007129153892575291,-0.4488193147316363,1715943886.9918144,0.0004280809016268751,0.002920499058916226,0.005525277486105521,1715943886.6017675,0.007047338035951048,0.0018094453273262978,0.013698198530297578,1715943886.5718546,0.016000678997602602,-0.027539553171734843,-0.7827409803674925
1715943886.091692,0.0,0.0,0.0,1715943886.1416893,0.0,0.0,0.0,1715943886.1217885,-0.005555407213984148,-0.005953941399770901,-0.44874710307998755,1715943887.0018122,0.011743424401431465,0.005970150581910305,0.006449661670004334,1715943886.6117568,0.018435404963910208,0.002845451764785567,0.014844921908508881,1715943886.5817397,0.0179424483168642,-0.02822274843321848,-0.782913692086173
1715943886.1016707,0.0,0.0,0.0,1715943886.1516893,0.0,0.0,0.0,1715943886.1317663,-0.004281173444874803,-0.006167809067963326,-0.4487095924153298,1715943887.0118203,0.007332369360424119,0.017367131987145568,0.0070463906899613064,1715943886.9717863,0.018325289813107805,0.0022107748428454865,0.0017151084430166424,1715943886.6017675,0.020347591303955692,-0.024197757707009604,-0.783256766331867
1715943886.1117766,0.0,0.0,0.0,1715943886.1616929,0.0,0.0,0.0,1715943886.1416893,-0.002069761035836837,-0.007124922950633827,-0.44876785790988744,1715943887.0217936,0.0023707056038393694,0.003851694944311479,4.633465943123128e-05,1715943886.9818087,0.016066592994372627,0.0062878070621950055,0.00040667879887794356,1715943886.6117568,0.022528296579347185,-0.02312228291328844,-0.7834023028192503
1715943886.1217885,0.0,0.0,0.0,1715943886.171885,0.0,0.0,0.0,1715943886.1516893,-0.004297178090955339,-0.008200193613194795,-0.44872384102803,1715943887.0317965,0.007496442027689074,0.014327752728837906,0.01514401956748415,1715943886.9918144,0.0004280809016268751,0.002920499058916226,0.005525277486105521,1715943886.9717863,0.017794319181766216,-0.027261665911170407,-0.7878586043144207
1715943886.1317663,0.0,0.0,0.0,1715943886.1817057,0.0,0.0,0.0,1715943886.1616929,-0.00444818454717999,-0.01050605280729,-0.44865577204080703,1715943887.0518038,0.00949122514531818,0.015268449303936116,0.007745335118887114,1715943887.0018122,0.011743424401431465,0.005970150581910305,0.006449661670004334,1715943886.9818087,0.020204944567602023,-0.027167979169019363,-0.7881128562009945
1715943886.1416893,0.0,0.0,0.0,1715943886.1917136,0.0,0.0,0.0,1715943886.171885,-0.0033201541881546226,-0.012815458241245414,-0.448514714356471,1715943887.0618427,0.004304999471361267,0.005792247868795508,0.006894394031789322,1715943887.0118203,0.007332369360424119,0.017367131987145568,0.0070463906899613064,1715943886.9918144,0.02119711607031638,-0.02540724846978004,-0.7884006564473083
1715943886.1516893,0.0,0.0,0.0,1715943886.201659,0.0,0.0,0.0,1715943886.1817057,-0.005014224782873888,-0.01359142213093123,-0.448369154940149,1715943887.0717735,0.015981743882755736,0.011280565616900606,0.01082912520145498,1715943887.0217936,0.0023707056038393694,0.003851694944311479,4.633465943123128e-05,1715943887.0018122,0.02056124015998062,-0.02425299767615674,-0.7887452499491454
1715943886.1616929,0.0,0.0,0.0,1715943886.2117028,0.0,0.0,0.0,1715943886.1917136,-0.006911661840862754,-0.013428664217495001,-0.44806731909500697,1715943887.0817702,0.0032760882654455266,0.012162523003552916,0.006195046048468024,1715943887.0317965,0.007496442027689074,0.014327752728837906,0.01514401956748415,1715943887.0118203,0.022786279793514108,-0.02591679796479074,-0.7891632742347703
1715943886.171885,0.0,0.0,0.0,1715943886.221878,0.0,0.0,0.0,1715943886.201659,-0.008004963338335197,-0.01387613755196071,-0.4477049144161006,1715943887.0919344,0.005854085563745323,0.017980626487344775,0.005287046478284927,1715943887.0518038,0.00949122514531818,0.015268449303936116,0.007745335118887114,1715943887.0217936,0.021565878493739365,-0.027567530331127132,-0.7893836866334389
1715943886.1817057,0.0,0.0,0.0,1715943886.2316844,0.0,0.0,0.0,1715943886.2117028,-0.009419010446818948,-0.01434585776457964,-0.4472658980613705,1715943887.1618013,0.013507424046187832,0.0027484324002595706,0.0026332182746976332,1715943887.0618427,0.004304999471361267,0.005792247868795508,0.006894394031789322,1715943887.0317965,0.0214336933598247,-0.029499026618224677,-0.7896923587178799
1715943886.1917136,0.0,0.0,0.0,1715943886.2416954,0.0,0.0,0.0,1715943886.221878,-0.01068439320339648,-0.014658785664098728,-0.4468584928415406,1715943887.1717722,0.012004680355444395,0.007745355312743785,0.007320470179264854,1715943887.0717735,0.015981743882755736,0.011280565616900606,0.01082912520145498,1715943887.0518038,0.01784686524234047,-0.028339442405253656,-0.7899120944955698
1715943886.201659,0.0,0.0,0.0,1715943886.2516646,0.0,0.0,0.0,1715943886.2316844,-0.011539048828849346,-0.015201245966039556,-0.44659306728125514,1715943887.1817906,0.009288317391067336,0.010007635032557305,0.0044183971052135325,1715943887.0817702,0.0032760882654455266,0.012162523003552916,0.006195046048468024,1715943887.0618427,0.016309202610696794,-0.027271521815891653,-0.789982530845232
1715943886.2117028,0.0,0.0,0.0,1715943886.261685,0.0,0.0,0.0,1715943886.2416954,-0.012882148704171092,-0.01576905478203372,-0.4463614435786956,1715943887.1920006,0.004535547274587018,0.013504613276060784,0.018492487056966194,1715943887.0919344,0.005854085563745323,0.017980626487344775,0.005287046478284927,1715943887.0717735,0.01499980404958956,-0.025902112846758474,-0.7900251629844721
1715943886.221878,0.0,0.0,0.0,1715943886.2717793,0.0,0.0,0.0,1715943886.2516646,-0.010154422359546389,-0.015753005435182432,-0.44623712023713924,1715943887.2017953,0.008261543311072284,0.007978040549608378,0.009137602425299212,1715943887.1618013,0.013507424046187832,0.0027484324002595706,0.0026332182746976332,1715943887.0817702,0.012866967873530921,-0.025348046820134584,-0.790148338269324
1715943886.2316844,0.0,0.0,0.0,1715943886.4718008,0.0,0.0,0.0,1715943886.261685,-0.007537738607621192,-0.015201671442288456,-0.44617928395026174,1715943887.21186,0.004250890061724809,0.01741157104077673,0.01621208234829006,1715943887.1717722,0.012004680355444395,0.007745355312743785,0.007320470179264854,1715943887.0919344,0.011097566308208684,-0.02461106225364129,-0.7901344721483321
1715943886.2416954,0.0,0.0,0.0,1715943886.4817307,0.0,0.0,0.0,1715943886.2717793,-0.005150031185941345,-0.015119794597132419,-0.44620062741939337,1715943887.2217968,0.0022111488201693183,0.006148189099763446,0.010448809859876847,1715943887.1817906,0.009288317391067336,0.010007635032557305,0.0044183971052135325,1715943887.1618013,0.017662897808658595,-0.02108105215869438,-0.790558063041173
1715943886.2516646,0.0,0.0,0.0,1715943886.491728,0.0,0.0,0.0,1715943886.4718008,-0.0013779985043099463,-0.015079600007523952,-0.4446567276568081,1715943887.2418497,0.0022573685900597155,0.009825221841608833,0.019689015234820608,1715943887.1920006,0.004535547274587018,0.013504613276060784,0.018492487056966194,1715943887.1717722,0.019562698672193957,-0.021225568010626805,-0.7908393843628279
1715943886.261685,0.0,0.0,0.0,1715943886.5017002,0.0,0.0,0.0,1715943886.4817307,-0.0001800544466441234,-0.016946127475191197,-0.44463738338418357,1715943887.251832,0.010259480958818488,0.019087877490514993,0.0023161893463194945,1715943887.2017953,0.008261543311072284,0.007978040549608378,0.009137602425299212,1715943887.1817906,0.018014869281973045,-0.021084938404964504,-0.7910305237471427
1715943886.2717793,0.0,0.0,0.0,1715943886.511755,0.0,0.0,0.0,1715943886.491728,0.001465872772049709,-0.01811027719949654,-0.44472860424669836,1715943887.2618253,0.012536959508437178,0.0030072804749574633,0.014809809386347603,1715943887.21186,0.004250890061724809,0.01741157104077673,0.01621208234829006,1715943887.1920006,0.017605354113189087,-0.01957162199412421,-0.791282540826364
1715943886.2816882,0.0,0.0,0.0,1715943886.5218546,0.0,0.0,0.0,1715943886.5017002,0.0031352557708593243,-0.017749643432899864,-0.4448442494840275,1715943887.3017747,0.009747457387888235,0.008969613807128018,0.001847607912840006,1715943887.2217968,0.0022111488201693183,0.006148189099763446,0.010448809859876847,1715943887.2017953,0.019596675323737323,-0.018891870908607,-0.791622378562411
1715943886.4718008,0.0,0.0,0.0,1715943886.5317397,0.0,0.0,0.0,1715943886.511755,0.003767902040638177,-0.019647408550919288,-0.4448443881286368,1715943887.3118064,0.0019953988089175933,0.008964075087058765,0.00112053816706969,1715943887.2418497,0.0022573685900597155,0.009825221841608833,0.019689015234820608,1715943887.21186,0.01916566105497086,-0.021112527713527784,-0.7918509536878684
1715943886.4817307,0.0,0.0,0.0,1715943886.5417361,0.0,0.0,0.0,1715943886.5218546,0.0020399348025199604,-0.020953836668350156,-0.44473130844899117,1715943887.3217893,0.01072511768017235,0.015285759509233277,0.007551316928758231,1715943887.251832,0.010259480958818488,0.019087877490514993,0.0023161893463194945,1715943887.2217968,0.01791461981562925,-0.022612114722544874,-0.7919782612393567
1715943886.491728,0.0,0.0,0.0,1715943886.5517676,0.0,0.0,0.0,1715943886.5317397,0.0001514633051281633,-0.0213805960259823,-0.4446740364908048,1715943887.3318193,0.0015268940481196836,0.011311585060534757,0.010745585403809193,1715943887.2618253,0.012536959508437178,0.0030072804749574633,0.014809809386347603,1715943887.2418497,0.015198655660555005,-0.025676278511709727,-0.7921812260338204
1715943886.5017002,0.0,0.0,0.0,1715943886.5617568,0.0,0.0,0.0,1715943886.5417361,-0.002147570605050775,-0.021471791372767335,-0.4445838349676669,1715943887.3419726,0.016436160019204813,0.014998954813079557,0.006760511286579909,1715943887.3017747,0.009747457387888235,0.008969613807128018,0.001847607912840006,1715943887.251832,0.013288449907754352,-0.02601000690111155,-0.7922271144469573
1715943886.511755,0.0,0.0,0.0,1715943886.9318087,0.0,0.0,0.0,1715943886.5517676,-0.003619899228539114,-0.019948458964534233,-0.4445096137287073,1715943887.3517964,0.014618962982970506,0.015162260374253389,0.009987809397716346,1715943887.3118064,0.0019953988089175933,0.008964075087058765,0.00112053816706969,1715943887.2618253,0.01162455284352415,-0.02675818177598055,-0.7923223372609955
1715943886.5218546,0.0,0.0,0.0,1715943886.9418144,0.0,0.0,0.0,1715943886.5617568,-0.005016028471258038,-0.018910409164872855,-0.4443927800100515,1715943887.3718264,0.01543369612060904,0.01873971054879764,0.013827457408638284,1715943887.3217893,0.01072511768017235,0.015285759509233277,0.007551316928758231,1715943887.3017747,0.006322552736827358,-0.023831470176867375,-0.7930442745632984
1715943886.5317397,0.0,0.0,0.0,1715943886.9518123,0.0,0.0,0.0,1715943886.9318087,-0.007921302130830032,-0.018057464151536973,-0.4421385076113636,1715943887.3818488,0.0015334637689625018,0.004286551982446429,0.010766926714758216,1715943887.3318193,0.0015268940481196836,0.011311585060534757,0.010745585403809193,1715943887.3118064,0.008278797960435291,-0.023086975712983016,-0.7933398053128906
1715943886.5417361,0.0,0.0,0.0,1715943886.9618204,0.0,0.0,0.0,1715943886.9418144,-0.00913508489982734,-0.01644360959731661,-0.4419133369700534,1715943887.4018383,0.006033466725656881,0.010788873038881208,0.007547687468046729,1715943887.3419726,0.016436160019204813,0.014998954813079557,0.006760511286579909,1715943887.3217893,0.0065148725168571175,-0.023482392879332403,-0.793562732290348
1715943886.5517676,0.0,0.0,0.0,1715943886.9717937,0.0,0.0,0.0,1715943886.9518123,-0.007234503692560623,-0.015032188902468269,-0.4416980269868271,1715943887.4118137,0.018457275175338364,0.009059955692657162,0.0028943395774488744,1715943887.3517964,0.014618962982970506,0.015162260374253389,0.009987809397716346,1715943887.3318193,0.00860380381798409,-0.025036528265977465,-0.7937856009533188
1715943886.5617568,0.0,0.0,0.0,1715943886.9817965,0.0,0.0,0.0,1715943886.9618204,-0.008333326562652482,-0.016415371677639623,-0.44138103691748765,1715943887.4218147,0.019524419399967664,0.013870860925506712,0.0022042447703086235,1715943887.3718264,0.01543369612060904,0.01873971054879764,0.013827457408638284,1715943887.3419726,0.010603601296848453,-0.025666512167694,-0.7940948173417803
1715943886.9318087,0.0,0.0,0.0,1715943886.9919405,0.0,0.0,0.0,1715943886.9717937,-0.007154311066624258,-0.01820795336054526,-0.4411079763781224,1715943887.4317982,0.0015129615280944928,0.00536176555222867,0.009900544521561156,1715943887.3818488,0.0015334637689625018,0.004286551982446429,0.010766926714758216,1715943887.3517964,0.008963796976195315,-0.026004372265882036,-0.7942444771074406
1715943886.9418144,0.0,0.0,0.0,1715943887.0018039,0.0,0.0,0.0,1715943886.9817965,-0.00593060762467118,-0.02014479960580262,-0.44086284802421055,1715943887.4418616,0.005523163416203919,0.01666088122812548,0.016243746488876224,1715943887.4018383,0.006033466725656881,0.010788873038881208,0.007547687468046729,1715943887.3718264,0.013293621226786012,-0.02779433278261001,-0.7949366792724675
1715943886.9518123,0.0,0.0,0.0,1715943887.0118427,0.0,0.0,0.0,1715943886.9919405,-0.004842168505753336,-0.02184357809332882,-0.4407935761635353,1715943887.4517996,0.0025916173570019185,0.011743116096561312,0.018616173339469654,1715943887.4118137,0.018457275175338364,0.009059955692657162,0.0028943395774488744,1715943887.3818488,0.011300090212665204,-0.029282229866672838,-0.7950682002273926
1715943886.9618204,0.0,0.0,0.0,1715943887.0217736,0.0,0.0,0.0,1715943887.0018039,-0.002919176831328113,-0.021257795013617686,-0.44076763496295523,1715943887.4619443,0.010348690277549743,0.00758478893588288,0.011299275029998902,1715943887.4218147,0.019524419399967664,0.013870860925506712,0.0022042447703086235,1715943887.4018383,0.015769511923882984,-0.03156663106479285,-0.7952112044635058
1715943886.9717937,0.0,0.0,0.0,1715943887.0317702,0.0,0.0,0.0,1715943887.0118427,-0.001067928534244894,-0.01994069977484636,-0.4407571013493883,1715943887.4718041,0.004551097506742553,0.015855110748035584,0.018872964975685948,1715943887.4317982,0.0015129615280944928,0.00536176555222867,0.009900544521561156,1715943887.4118137,0.014075997010869035,-0.030138834853413732,-0.7952275827271134
1715943886.9817965,0.0,0.0,0.0,1715943887.0419345,0.0,0.0,0.0,1715943887.0217736,0.0001531285896612944,-0.018182915142946232,-0.4407495949281566,1715943887.4818025,0.011264953063169587,0.012629218089552419,0.011604238341233012,1715943887.4418616,0.005523163416203919,0.01666088122812548,0.016243746488876224,1715943887.4218147,0.012964656225511462,-0.028786862978951167,-0.7953635250586544
1715943886.9919405,0.0,0.0,0.0,1715943887.1217723,0.0,0.0,0.0,1715943887.0317702,0.0016232866742394714,-0.017428442162945368,-0.44079635762747604,1715943887.4918282,0.0013277569653214628,0.011738006872406892,0.019471835568625202,1715943887.4517996,0.0025916173570019185,0.011743116096561312,0.018616173339469654,1715943887.4317982,0.015139432805033604,-0.02722438993472287,-0.7956606533952275
1715943887.0018039,0.0,0.0,0.0,1715943887.1317906,0.0,0.0,0.0,1715943887.0419345,0.0032271585285965076,-0.01645571503173393,-0.44089635075864975,1715943887.5017955,0.01149349577412182,0.013314112320212068,0.008776047309977176,1715943887.4619443,0.010348690277549743,0.00758478893588288,0.011299275029998902,1715943887.4418616,0.013732571706587482,-0.025617469041023133,-0.7958098525288761
1715943887.0118427,0.0,0.0,0.0,1715943887.1420007,0.0,0.0,0.0,1715943887.1217723,-0.007999352793526787,-0.013745029644879114,-0.4404803638596666,1715943887.511815,0.010598649330979235,0.010087082839522088,0.00820444474608686,1715943887.4718041,0.004551097506742553,0.015855110748035584,0.018872964975685948,1715943887.4517996,0.012206641854495714,-0.025141169638693617,-0.7960661483422902
1715943887.0217736,0.0,0.0,0.0,1715943887.1517954,0.0,0.0,0.0,1715943887.1317906,-0.005653086525849421,-0.013514134701948954,-0.44036684121027747,1715943887.5318265,0.012818691095389299,0.0010677025522392025,0.0018960014570935085,1715943887.4818025,0.011264953063169587,0.012629218089552419,0.011604238341233012,1715943887.4619443,0.013384100061079263,-0.02685629079173335,-0.7962885572743694
1715943887.0317702,0.0,0.0,0.0,1715943887.16186,0.0,0.0,0.0,1715943887.1420007,-0.005724703338063797,-0.011619443441615918,-0.44017161763963897,1715943887.5618758,0.010117194685912018,0.008764737841495673,0.009450193465102171,1715943887.4918282,0.0013277569653214628,0.011738006872406892,0.019471835568625202,1715943887.4718041,0.015498966794963653,-0.026423244150860503,-0.7965379459338724
1715943887.0419345,0.0,0.0,0.0,1715943887.1717968,0.0,0.0,0.0,1715943887.1517954,-0.007570183382845708,-0.011389691493902898,-0.4399179576719195,1715943887.6718717,0.01725302806345564,0.003427436129401329,0.012047972233760402,1715943887.5017955,0.01149349577412182,0.013314112320212068,0.008776047309977176,1715943887.4818025,0.014714511405823139,-0.02436644026448853,-0.7967494700796722
1715943887.1217723,0.0,0.0,0.0,1715943887.1818595,0.0,0.0,0.0,1715943887.16186,-0.006878205669915066,-0.013609387943130269,-0.43968956479264454,1715943887.68184,0.009735097397200854,0.013548054591149272,0.0071027670871034706,1715943887.511815,0.010598649330979235,0.010087082839522088,0.00820444474608686,1715943887.4918282,0.014091726450122355,-0.022446028501677873,-0.7969849223812524
1715943887.1317906,0.0,0.0,0.0,1715943887.1918497,0.0,0.0,0.0,1715943887.1717968,-0.005322127769291085,-0.015255022613863023,-0.43949999407652496,1715943887.6918461,0.00015150748931328645,0.004450755712613885,0.005136257072008408,1715943887.5318265,0.012818691095389299,0.0010677025522392025,0.0018960014570935085,1715943887.5017955,0.01629903266620447,-0.02135277554385051,-0.7971979778171008
1715943887.1420007,0.0,0.0,0.0,1715943887.2018318,0.0,0.0,0.0,1715943887.1818595,-0.00528626527602527,-0.017447824827873326,-0.4393615058526099,1715943887.7418346,0.013772902912835913,0.002385289849955008,0.007572935113562303,1715943887.5518365,0.006144700145191991,0.0003425057439796486,0.019113800834723943,1715943887.511815,0.017426930982782807,-0.019600058892558225,-0.7973738524213791
1715943887.1517954,0.0,0.0,0.0,1715943887.2118254,0.0,0.0,0.0,1715943887.1918497,-0.004114710889851686,-0.019376689093757893,-0.43931639698832037,1715943887.7518015,0.0037014709143108945,0.008003332106461203,0.016441149484302683,1715943887.6718717,0.01725302806345564,0.003427436129401329,0.012047972233760402,1715943887.5318265,0.01885602841847156,-0.01623198133234527,-0.7975881523214614
1715943887.16186,0.0,0.0,0.0,1715943887.2217886,0.0,0.0,0.0,1715943887.2018318,-0.0021550695725930102,-0.01963233653065033,-0.43925077003776436,1715943887.7718668,0.01721897991816614,0.001077678345060784,0.01976428376206363,1715943887.68184,0.009735097397200854,0.013548054591149272,0.0071027670871034706,1715943887.5618758,0.020722863808638525,-0.01271581722568893,-0.797494021045738
1715943887.1717968,0.0,0.0,0.0,1715943887.2417972,0.0,0.0,0.0,1715943887.2118254,-0.0002127279027077933,-0.02047387547079471,-0.4391731842191998,1715943887.7819057,0.0128925229473732,0.008695998402949767,0.018715269874164494,1715943887.6918461,0.00015150748931328645,0.004450755712613885,0.005136257072008408,1715943887.6718717,0.014452553450220673,-0.023466835802686825,-0.7993465040173842
1715943887.1818595,0.0,0.0,0.0,1715943887.2517748,0.0,0.0,0.0,1715943887.2217886,-0.0010855202257393504,-0.022056731921368256,-0.43907997165081547,1715943887.791864,0.019094013262734924,0.004161403830006627,0.01949430860703051,1715943887.7418346,0.013772902912835913,0.002385289849955008,0.007572935113562303,1715943887.68184,0.01649643667991363,-0.02464531061112618,-0.7993766156960511
1715943887.1918497,0.0,0.0,0.0,1715943887.2618065,0.0,0.0,0.0,1715943887.2417972,-0.0013157018995772207,-0.022660449741688238,-0.4389006588915547,1715943887.8018935,0.0029150467029040346,0.013562007377708074,0.014634059469570096,1715943887.7518015,0.0037014709143108945,0.008003332106461203,0.016441149484302683,1715943887.6918461,0.01849876170911191,-0.026145042718948464,-0.7995479135828543
1715943887.2018318,0.0,0.0,0.0,1715943887.2717893,0.0,0.0,0.0,1715943887.2517748,0.0007133230021534043,-0.021548937271206325,-0.43886312196898325,1715943887.8118453,0.01753348956450878,0.01532670140093062,0.019758788951924858,1715943887.7718668,0.01721897991816614,0.001077678345060784,0.01976428376206363,1715943887.7418346,0.02073659535708039,-0.03541933174099676,-0.8003304017328201
1715943887.2118254,0.0,0.0,0.0,1715943887.2818193,0.0,0.0,0.0,1715943887.2618065,-0.001148488765767508,-0.02089631599994668,-0.4386263353324414,1715943887.8219142,0.015173588738426214,0.014581158922922333,0.014125391356893582,1715943887.7819057,0.0128925229473732,0.008695998402949767,0.018715269874164494,1715943887.7518015,0.020721715118428907,-0.03332560502666149,-0.8004919908354111
1715943887.2217886,0.0,0.0,0.0,1715943887.2919726,0.0,0.0,0.0,1715943887.2717893,0.0005471603172239048,-0.02214610128679384,-0.4385014070109307,1715943887.8318455,0.010444310606669057,0.014236308342618909,0.010071498810722713,1715943887.791864,0.019094013262734924,0.004161403830006627,0.01949430860703051,1715943887.7718668,0.01848330915011198,-0.03080296286607087,-0.8007336677951251
1715943887.2417972,0.0,0.0,0.0,1715943887.3017964,0.0,0.0,0.0,1715943887.2818193,-0.0006934926087069915,-0.023445897495046886,-0.43832205625505843,1715943887.8518405,0.012151330576611599,0.005063752641319752,0.004591904836363842,1715943887.8018935,0.0029150467029040346,0.013562007377708074,0.014634059469570096,1715943887.7819057,0.0171319461878503,-0.03004993435658765,-0.8007597828381883
1715943887.2517748,0.0,0.0,0.0,1715943887.311826,0.0,0.0,0.0,1715943887.2919726,-0.002816445657846889,-0.02375888399896664,-0.4380291560365077,1715943887.8619123,0.000824249754702968,0.01685767023781004,0.0009815294411244049,1715943887.8118453,0.01753348956450878,0.01532670140093062,0.019758788951924858,1715943887.791864,0.014799971052876781,-0.030056171789067943,-0.8007258203584957
1715943887.2618065,0.0,0.0,0.0,1715943887.3218265,0.0,0.0,0.0,1715943887.3017964,-0.0006462917649313338,-0.023967858440374634,-0.43793721399201035,1715943887.8719752,0.0024778026790646893,0.009986895332944945,0.0037211613720338505,1715943887.8219142,0.015173588738426214,0.014581158922922333,0.014125391356893582,1715943887.8018935,0.013052903096361756,-0.02996138131208692,-0.8006298023246714
1715943887.2717893,0.0,0.0,0.0,1715943887.3318489,0.0,0.0,0.0,1715943887.311826,-0.0018062440138066904,-0.024096697596734273,-0.43782640221381175,1715943887.8818388,0.010039037854207395,0.001845851618901273,0.012501406492523926,1715943887.8318455,0.010444310606669057,0.014236308342618909,0.010071498810722713,1715943887.8118453,0.014108391631535433,-0.028997075224674873,-0.8006920580355921
1715943887.2818193,0.0,0.0,0.0,1715943887.3418005,0.0,0.0,0.0,1715943887.3218265,-0.003741437987355156,-0.024770927783511087,-0.43754465438551143,1715943887.8918378,0.013329838437870778,0.0046513615155918675,0.010603439481563347,1715943887.8518405,0.012151330576611599,0.005063752641319752,0.004591904836363842,1715943887.8219142,0.015621676970571485,-0.029533572069454284,-0.8007508225515494
1715943887.2919726,0.0,0.0,0.0,1715943887.3518384,0.0,0.0,0.0,1715943887.3318489,-0.0024959721182645223,-0.026230201566784794,-0.4374122398271114,1715943887.901829,0.010923986163693323,0.006056607488197141,0.013877368540697377,1715943887.8619123,0.000824249754702968,0.01685767023781004,0.0009815294411244049,1715943887.8318455,0.014423417312950715,-0.03160954963089746,-0.8009838394251236
1715943887.3017964,0.0,0.0,0.0,1715943887.3618135,0.0,0.0,0.0,1715943887.3418005,-0.00022202205743240833,-0.027859185079466053,-0.4373108720287813,1715943887.9118578,0.0018230286391663724,0.0038844572238221353,0.005357881453444837,1715943887.8719752,0.0024778026790646893,0.009986895332944945,0.0037211613720338505,1715943887.8518405,0.01855481206909948,-0.032886242641254615,-0.8012965696292387
1715943887.311826,0.0,0.0,0.0,1715943887.3718147,0.0,0.0,0.0,1715943887.3518384,-0.0014777117188360944,-0.028875431745488678,-0.43724947088159516,1715943887.9219556,0.0042331101350019185,0.005904462281720146,0.0060073878541438445,1715943887.8818388,0.010039037854207395,0.001845851618901273,0.012501406492523926,1715943887.8619123,0.020523060106054203,-0.032563707428517,-0.8015464701468389
1715943887.3218265,0.0,0.0,0.0,1715943887.3817983,0.0,0.0,0.0,1715943887.3618135,-0.0034915805478177298,-0.02760937812530484,-0.4371719515912325,1715943887.9318774,0.011291948649098974,0.0066673502727794265,0.010269481911380765,1715943887.8918378,0.013329838437870778,0.0046513615155918675,0.010603439481563347,1715943887.8719752,0.021013403613098003,-0.030606148537301037,-0.8016947444207183
1715943887.3318489,0.0,0.0,0.0,1715943887.3918617,0.0,0.0,0.0,1715943887.3718147,-0.0014824870116986189,-0.0260221676188781,-0.4370921827642995,1715943887.9435978,0.010248249299307666,0.013002892023303847,0.006303788097997087,1715943887.901829,0.010923986163693323,0.006056607488197141,0.013877368540697377,1715943887.8818388,0.023287274102074207,-0.02947563994470337,-0.8019393917566173
1715943887.3418005,0.0,0.0,0.0,1715943887.4017997,0.0,0.0,0.0,1715943887.3817983,-0.0026587025724263136,-0.024605859591842583,-0.43691212403189417,1715943887.9619632,0.01889735114696323,0.019020140290666232,0.014473502415156185,1715943887.9118578,0.0018230286391663724,0.0038844572238221353,0.005357881453444837,1715943887.8918378,0.025320593118844936,-0.028180969873081052,-0.8022454942294441
1715943887.3518384,0.0,0.0,0.0,1715943887.4119444,0.0,0.0,0.0,1715943887.3918617,-0.0015266002049071914,-0.022637170581306876,-0.43681277719471806,1715943887.9918709,0.001425109326928387,0.01795692404032123,0.008381448442547842,1715943887.9219556,0.0042331101350019185,0.005904462281720146,0.0060073878541438445,1715943887.901829,0.026063614614677544,-0.026481565520942496,-0.8025682692402576
1715943887.3618135,0.0,0.0,0.0,1715943887.4218042,0.0,0.0,0.0,1715943887.4017997,0.0007929796193912875,-0.021911830001678068,-0.43673847970153595,1715943888.0018718,0.01991752732860829,0.011183859596261891,0.009060793699081722,1715943887.9318774,0.011291948649098974,0.0066673502727794265,0.010269481911380765,1715943887.9118578,0.025791468079916502,-0.02537231533487616,-0.8027616542402534
1715943887.3718147,0.0,0.0,0.0,1715943887.4318025,0.0,0.0,0.0,1715943887.4119444,-0.000770103318460974,-0.022597803752010037,-0.43659823837931655,1715943888.0119572,0.011527474943429388,0.00250543109703405,0.009399435074299226,1715943887.9435978,0.010248249299307666,0.013002892023303847,0.006303788097997087,1715943887.9219556,0.024635812535391377,-0.02490851427177554,-0.8029484432186749
1715943887.3817983,0.0,0.0,0.0,1715943887.4418283,0.0,0.0,0.0,1715943887.4218042,-0.0026972061444872353,-0.022271296636888538,-0.4364229151688789,1715943888.0220232,0.003406810276245901,0.019439415841001173,0.0194837268864173,1715943887.9619632,0.01889735114696323,0.019020140290666232,0.014473502415156185,1715943887.9318774,0.023127012871059893,-0.024489235331966785,-0.8030568628859776
1715943887.3918617,0.0,0.0,0.0,1715943887.4517956,0.0,0.0,0.0,1715943887.4318025,-0.0026483465694945585,-0.019932719551420064,-0.43624597381410724,1715943888.03188,0.004614615035130907,0.01538520901963758,0.007019838939224198,1715943887.9918709,0.001425109326928387,0.01795692404032123,0.008381448442547842,1715943887.9435978,0.02117565572824809,-0.024872947000142087,-0.8032490943459294
1715943887.4017997,0.0,0.0,0.0,1715943887.461815,0.0,0.0,0.0,1715943887.4418283,-0.001541069967773201,-0.017767524011756963,-0.4361050599056536,1715943888.0420902,0.00808294199731394,0.004888849206336587,0.00568808611464619,1715943888.0018718,0.01991752732860829,0.011183859596261891,0.009060793699081722,1715943887.9619632,0.017562372135088378,-0.027768249710265147,-0.8036646958035512
1715943887.4119444,0.0,0.0,0.0,1715943887.471795,0.0,0.0,0.0,1715943887.4517956,-0.002893727290665976,-0.01664728899327761,-0.43599643214048134,1715943888.0518658,0.019529149358668747,0.011601166722757794,0.011439898825508391,1715943888.0119572,0.011527474943429388,0.00250543109703405,0.009399435074299226,1715943887.9918709,0.020849834343305673,-0.03387847504805275,-0.8044027399648792
1715943887.4218042,0.0,0.0,0.0,1715943887.5018363,0.0,0.0,0.0,1715943887.461815,-0.004003749764293768,-0.014841398913692627,-0.43590330228385243,1715943888.061911,0.0088951285477434,0.018425545908227647,0.015325767882878554,1715943888.0220232,0.003406810276245901,0.019439415841001173,0.0194837268864173,1715943888.0018718,0.01932830479826997,-0.03614980228609177,-0.8045308160014191
1715943887.4318025,0.0,0.0,0.0,1715943887.6318398,0.0,0.0,0.0,1715943887.471795,-0.0031942984024983523,-0.013011212641158343,-0.4357683871378777,1715943888.0720108,0.0001252176616148154,0.0036758312765714507,0.012344470058455709,1715943888.03188,0.004614615035130907,0.01538520901963758,0.007019838939224198,1715943888.0119572,0.017285366608314146,-0.03767403629437038,-0.8045181009091458
1715943887.4418283,0.0,0.0,0.0,1715943887.641846,0.0,0.0,0.0,1715943887.5118759,-0.00377487319049874,-0.007658448285235764,-0.4358374464639706,1715943888.0818744,0.019486212223934485,0.016589110951511055,0.005783106782072965,1715943888.0420902,0.00808294199731394,0.004888849206336587,0.00568808611464619,1715943888.0220232,0.018957270876220456,-0.03913958153573005,-0.8046690313250977
1715943887.4517956,0.0,0.0,0.0,1715943887.6518183,0.0,0.0,0.0,1715943887.6318398,-0.0014669935721474958,-0.017913893282144988,-0.4346475113437843,1715943888.0918732,0.0036953937954133454,0.013014180059161218,0.002113635794650212,1715943888.0518658,0.019529149358668747,0.011601166722757794,0.011439898825508391,1715943888.03188,0.020615914904065225,-0.03972256879214653,-0.8048663442335826
1715943887.461815,0.0,0.0,0.0,1715943887.7018015,0.0,0.0,0.0,1715943887.641846,-0.0032278222181205962,-0.019192226269287405,-0.4345247714381111,1715943888.101873,0.0010013298180629113,0.016722594285084158,0.01462101116429045,1715943888.061911,0.0088951285477434,0.018425545908227647,0.015325767882878554,1715943888.0420902,0.02231445001572796,-0.03919098840042512,-0.8050150438479999
1715943887.471795,0.0,0.0,0.0,1715943887.7118478,0.0,0.0,0.0,1715943887.6518183,-0.002651732327250994,-0.02164151572278339,-0.4345089187416433,1715943888.1118693,0.0019261141170853783,0.0077349641387731705,0.011260502369253057,1715943888.0720108,0.0001252176616148154,0.0036758312765714507,0.012344470058455709,1715943888.0518658,0.02303321455905394,-0.03743247686016238,-0.8051416945534848
1715943887.5118759,0.0,0.0,0.0,1715943887.7218668,0.0,0.0,0.0,1715943887.7018015,-0.0021688281800344433,-0.026024846639450594,-0.43384972579828823,1715943888.1318958,0.017305856465972585,0.005785288233823405,0.004582527397636066,1715943888.0818744,0.019486212223934485,0.016589110951511055,0.005783106782072965,1715943888.061911,0.02560305838134047,-0.03681723507715895,-0.8053852766086624
1715943887.6318398,0.0,0.0,0.0,1715943887.7319057,0.0,0.0,0.0,1715943887.7118478,-0.0007585778543169885,-0.024231395828720137,-0.43378374968337297,1715943888.1418786,0.005292204029623773,0.012994136459539174,0.018615149581174634,1715943888.0918732,0.0036953937954133454,0.013014180059161218,0.002113635794650212,1715943888.0720108,0.028045725265329224,-0.03658327498238578,-0.8057417255849799
1715943887.641846,0.0,0.0,0.0,1715943887.741864,0.0,0.0,0.0,1715943887.7218668,0.0009905149293943094,-0.022740896374800368,-0.43373614211501,1715943888.1518466,0.004206212038004043,0.003947802891338892,0.014047667977864598,1715943888.101873,0.0010013298180629113,0.016722594285084158,0.01462101116429045,1715943888.0818744,0.03070768269081059,-0.03685932956214599,-0.8062183974635282
1715943887.6518183,0.0,0.0,0.0,1715943887.7518935,0.0,0.0,0.0,1715943887.7319057,0.0028960925178226626,-0.02178082860606212,-0.4336935705827004,1715943888.1618881,0.00735139343728913,0.01346283354136979,0.0036534766666234983,1715943888.1118693,0.0019261141170853783,0.0077349641387731705,0.011260502369253057,1715943888.0918732,0.02945914079054246,-0.03777764379228099,-0.8065680782363511
1715943887.7018015,0.0,0.0,0.0,1715943887.7618454,0.0,0.0,0.0,1715943887.741864,0.004313356965637394,-0.021732924371583806,-0.43367183310968493,1715943888.1718798,0.014436351491791538,0.004762614561019118,0.017095252047017964,1715943888.1318958,0.017305856465972585,0.005785288233823405,0.004582527397636066,1715943888.101873,0.028031560599958816,-0.038010638653203754,-0.8068650576749992
1715943887.7118478,0.0,0.0,0.0,1715943887.7719142,0.0,0.0,0.0,1715943887.7518935,0.006234994452080311,-0.021639787017318834,-0.43368061461467605,1715943888.331911,0.00444759618386342,0.019478310323851167,0.0005193278408525421,1715943888.1418786,0.005292204029623773,0.012994136459539174,0.018615149581174634,1715943888.1118693,0.026986748960601936,-0.037557551186509164,-0.8071662383377411
1715943887.7218668,0.0,0.0,0.0,1715943887.7818456,0.0,0.0,0.0,1715943887.7618454,0.004442117955164415,-0.02110568248697131,-0.4336449061755532,1715943888.3419015,0.008017632378926368,0.016895946530871342,0.011611783713604931,1715943888.1518466,0.004206212038004043,0.003947802891338892,0.014047667977864598,1715943888.1318958,0.022683884226677886,-0.0364068079042692,-0.8080465362037383
1715943887.7319057,0.0,0.0,0.0,1715943887.8119123,0.0,0.0,0.0,1715943887.7719142,0.001882677249184339,-0.02168021152951205,-0.43357558648580485,1715943888.3518598,0.005126203073851912,0.0001247684307765784,0.004852639389118526,1715943888.1618881,0.00735139343728913,0.01346283354136979,0.0036534766666234983,1715943888.1418786,0.021775804472365934,-0.035289176106680475,-0.808422617818163
1715943887.741864,0.0,0.0,0.0,1715943887.8219752,0.0,0.0,0.0,1715943887.7818456,0.00200578410694377,-0.023809033328782814,-0.4334408595257535,1715943888.3718731,0.01236912595735764,0.0015239292323083742,0.0035201185066576317,1715943888.1718798,0.014436351491791538,0.004762614561019118,0.017095252047017964,1715943888.1518466,0.022108938550189805,-0.03326990962373322,-0.8087857122850686
1715943887.7518935,0.0,0.0,0.0,1715943887.8318388,0.0,0.0,0.0,1715943887.8119123,-0.0035970804706718373,-0.024611620887739383,-0.43311027906778987,1715943888.381938,0.009175867034107424,0.0003210439471494908,0.009321460970082478,1715943888.331911,0.00444759618386342,0.019478310323851167,0.0005193278408525421,1715943888.1618881,0.019732162448403923,-0.032314043046143714,-0.8091927329011828
1715943887.7618454,0.0,0.0,0.0,1715943887.841838,0.0,0.0,0.0,1715943887.8219752,-0.004456942140351944,-0.022866723817679624,-0.4330575371492178,1715943888.3920305,0.014963847383876239,0.0032998647659405744,0.00985158601363207,1715943888.3419015,0.008017632378926368,0.016895946530871342,0.011611783713604931,1715943888.1718798,0.01828246069155126,-0.03154346946722342,-0.8095222444814336
1715943887.7719142,0.0,0.0,0.0,1715943887.851829,0.0,0.0,0.0,1715943887.8318388,-0.0056918355952470245,-0.021961377050501163,-0.4328687292181811,1715943888.4019828,0.007684243564182787,0.01822551603575917,0.01730908470486549,1715943888.3518598,0.005126203073851912,0.0001247684307765784,0.004852639389118526,1715943888.331911,0.02315686070754852,-0.0309366396814712,-0.8163687032329463
1715943887.7818456,0.0,0.0,0.0,1715943887.861858,0.0,0.0,0.0,1715943887.841838,-0.006858353810826168,-0.020798082479627,-0.43269855041598737,1715943888.411972,0.010165144780276806,0.002192995485815308,0.0008125758769782446,1715943888.3718731,0.01236912595735764,0.0015239292323083742,0.0035201185066576317,1715943888.3419015,0.02140059161277641,-0.03212898154688326,-0.81702298886536
1715943887.8119123,0.0,0.0,0.0,1715943887.8719556,0.0,0.0,0.0,1715943887.851829,-0.007592292856759025,-0.019146995099958986,-0.4325592487836668,1715943888.4619367,0.010412024429638234,0.005059461492819661,0.009438351224409468,1715943888.381938,0.009175867034107424,0.0003210439471494908,0.009321460970082478,1715943888.3518598,0.019454774875268033,-0.03180149602752613,-0.8176666084167064
1715943887.8219752,0.0,0.0,0.0,1715943887.8818774,0.0,0.0,0.0,1715943887.861858,-0.006248585174231214,-0.017455371806297526,-0.432400957751567,1715943888.471946,0.006204299217188425,0.0029961465351699967,0.002169344914099231,1715943888.3920305,0.014963847383876239,0.0032998647659405744,0.00985158601363207,1715943888.3718731,0.0205265760257074,-0.02757924951458679,-0.8187452399975976
1715943887.8318388,0.0,0.0,0.0,1715943887.8935978,0.0,0.0,0.0,1715943887.8719556,-0.004131841185855051,-0.01650790359090104,-0.43227673086208873,1715943888.4819186,0.010036229233785578,0.01535551322577211,0.00944596779244206,1715943888.4019828,0.007684243564182787,0.01822551603575917,0.01730908470486549,1715943888.381938,0.019700057234911306,-0.02588366763636496,-0.8190992361145675
1715943887.841838,0.0,0.0,0.0,1715943887.9018524,0.0,0.0,0.0,1715943887.8818774,-0.0022224949529491,-0.016027693927024966,-0.4322319404314293,1715943888.4919446,0.012026253727544178,0.01893449152752047,0.007536862260103961,1715943888.411972,0.010165144780276806,0.002192995485815308,0.0008125758769782446,1715943888.3920305,0.021869420354192926,-0.02546909783180773,-0.8195893915549197
1715943887.851829,0.0,0.0,0.0,1715943887.9119632,0.0,0.0,0.0,1715943887.8935978,0.0003856096589929525,-0.01624233289905863,-0.4320588182647974,1715943888.511913,0.007563908954972512,0.01875377125194322,0.0001683741051455431,1715943888.4619367,0.010412024429638234,0.005059461492819661,0.009438351224409468,1715943888.4019828,0.0238200489836613,-0.02597584852406465,-0.8202857399316876
1715943887.861858,0.0,0.0,0.0,1715943887.921903,0.0,0.0,0.0,1715943887.9018524,0.0021742129898429108,-0.01621708669349964,-0.43191196453552494,1715943888.5218828,0.006391043107050125,0.013202457480283813,0.001626732713456635,1715943888.471946,0.006204299217188425,0.0029961465351699967,0.002169344914099231,1715943888.411972,0.0262833228004542,-0.02693122375362056,-0.8208965350923103
1715943887.8719556,0.0,0.0,0.0,1715943887.9318757,0.0,0.0,0.0,1715943887.9119632,0.003295667662183366,-0.018253121787753068,-0.43173458475276394,1715943888.5819278,0.005334277118919084,0.009775918972796616,0.0017956725413178574,1715943888.4819186,0.010036229233785578,0.01535551322577211,0.00944596779244206,1715943888.4619367,0.02639224784808114,-0.03428717867804343,-0.8243976706245473
1715943887.8818774,0.0,0.0,0.0,1715943887.941871,0.0,0.0,0.0,1715943887.921903,0.004928654341886773,-0.018849258338865083,-0.43157950261500994,1715943888.591994,0.0044767108740723476,0.002927294401524172,0.016096093248365473,1715943888.4919446,0.012026253727544178,0.01893449152752047,0.007536862260103961,1715943888.471946,0.024848153767352166,-0.03433110329045452,-0.8250877371367222
1715943887.8935978,0.0,0.0,0.0,1715943887.9518716,0.0,0.0,0.0,1715943887.9318757,0.00684562693168464,-0.019599627976054856,-0.43144973085047056,1715943888.6019502,0.0003578109159183165,0.01851304631523254,0.004918892457162488,1715943888.511913,0.007563908954972512,0.01875377125194322,0.0001683741051455431,1715943888.4819186,0.02354706044485999,-0.03407350937744402,-0.8257141871785603
1715943887.9018524,0.0,0.0,0.0,1715943887.9619572,0.0,0.0,0.0,1715943887.941871,0.004991962369400971,-0.021232065903421304,-0.43126994440291844,1715943888.6120305,0.003716740980881968,0.0037763866374636024,0.00667944975903322,1715943888.5218828,0.006391043107050125,0.013202457480283813,0.001626732713456635,1715943888.4919446,0.021597138345328393,-0.03397827569833578,-0.8263368943926412
1715943887.9119632,0.0,0.0,0.0,1715943887.972023,0.0,0.0,0.0,1715943887.9518716,0.004713681834211503,-0.02358294086452406,-0.43116940516926355,1715943888.6220226,0.019422918519920826,0.018718477876532136,0.019091814011723038,1715943888.5819278,0.005334277118919084,0.009775918972796616,0.0017956725413178574,1715943888.511913,0.017583586472959656,-0.03327660661448628,-0.8276427044956325
1715943887.921903,0.0,0.0,0.0,1715943887.9818797,0.0,0.0,0.0,1715943887.9619572,0.005572368283778745,-0.025242726432750384,-0.4312104735873924,1715943888.6320035,0.004542464648845872,0.012366154591692213,0.011074594072051762,1715943888.591994,0.0044767108740723476,0.002927294401524172,0.016096093248365473,1715943888.5218828,0.016194035008028518,-0.03491235832134176,-0.828491035492247
1715943887.9318757,0.0,0.0,0.0,1715943887.9920902,0.0,0.0,0.0,1715943887.972023,0.0038370817252395273,-0.026460969348031993,-0.4312226958332892,1715943888.6420467,0.0002395792088554275,0.008725004549570814,0.006461358814921476,1715943888.6019502,0.0003578109159183165,0.01851304631523254,0.004918892457162488,1715943888.5819278,0.01741463664796372,-0.025444303044470207,-0.8347510468545583
1715943887.941871,0.0,0.0,0.0,1715943888.0018659,0.0,0.0,0.0,1715943887.9818797,0.0015286526305988424,-0.026965693352167364,-0.43112432783407395,1715943888.6519873,0.01834088585994663,0.0034696614626226197,0.003230574784200551,1715943888.6120305,0.003716740980881968,0.0037763866374636024,0.00667944975903322,1715943888.591994,0.019345484845585847,-0.024519631924426744,-0.8358119571212708
1715943887.9518716,0.0,0.0,0.0,1715943888.0119112,0.0,0.0,0.0,1715943887.9920902,-0.0007940161845477745,-0.026967876435668447,-0.43106413548273725,1715943888.662005,0.01962221647847067,0.017860580978510177,0.01393185890839273,1715943888.6220226,0.019422918519920826,0.018718477876532136,0.019091814011723038,1715943888.6019502,0.021303103803019585,-0.025177789209727797,-0.8367858111071094
1715943887.9619572,0.0,0.0,0.0,1715943888.0220108,0.0,0.0,0.0,1715943888.0018659,-0.0020807473911342578,-0.025649713589328105,-0.43093511157785547,1715943888.6719627,0.01865565954592941,0.0054937572250193245,0.018595103141324516,1715943888.6320035,0.004542464648845872,0.012366154591692213,0.011074594072051762,1715943888.6120305,0.01991065007215509,-0.02669642267578931,-0.8377842616629803
1715943887.972023,0.0,0.0,0.0,1715943888.0318744,0.0,0.0,0.0,1715943888.0119112,-0.003503792934240746,-0.025182872622663055,-0.4307718252982007,1715943888.8221686,0.018757952457776006,0.0005647193512843263,0.010722349999705276,1715943888.6420467,0.0002395792088554275,0.008725004549570814,0.006461358814921476,1715943888.6220226,0.019367041118418804,-0.028255576983872377,-0.8388157693513989
1715943887.9818797,0.0,0.0,0.0,1715943888.0418732,0.0,0.0,0.0,1715943888.0220108,-0.005180908049625094,-0.02498959855813121,-0.430537018939664,1715943888.8322656,0.013468485211200653,0.004198919589777361,0.007608420768942247,1715943888.6519873,0.01834088585994663,0.0034696614626226197,0.003230574784200551,1715943888.6320035,0.02065175733867175,-0.026371575373108636,-0.8398930040497765
1715943887.9920902,0.0,0.0,0.0,1715943888.0518727,0.0,0.0,0.0,1715943888.0318744,-0.006666302314063316,-0.025390625475708584,-0.4302757017594986,1715943888.841979,0.010025399275609501,0.006042051307288965,0.002542696149120441,1715943888.662005,0.01962221647847067,0.017860580978510177,0.01393185890839273,1715943888.6420467,0.0195951520235087,-0.024717191355903667,-0.8408898310310793
1715943888.0018659,0.0,0.0,0.0,1715943888.0618694,0.0,0.0,0.0,1715943888.0418732,-0.004893131600477302,-0.02701462041707159,-0.43007579022334474,1715943888.8519843,0.01803421711520025,0.008208202756078586,0.0019274489179760945,1715943888.6719627,0.01865565954592941,0.0054937572250193245,0.018595103141324516,1715943888.6519873,0.01845821153071281,-0.023701319346332017,-0.841945228318222
1715943888.0119112,0.0,0.0,0.0,1715943888.0719159,0.0,0.0,0.0,1715943888.0518727,-0.002452465084668537,-0.027287555199668523,-0.42972208151362334,1715943888.9820075,0.009922615115532402,0.002932789516959966,0.008366387015266274,1715943888.8221686,0.018757952457776006,0.0005647193512843263,0.010722349999705276,1715943888.662005,0.01780825456616686,-0.0224602842057533,-0.8431897509818107
1715943888.0220108,0.0,0.0,0.0,1715943888.0818958,0.0,0.0,0.0,1715943888.0618694,0.0002953055466398957,-0.026768122716535947,-0.4294396569890354,1715943888.9922252,0.012738400190717621,0.005037695389321861,0.009092176494312978,1715943888.8322656,0.013468485211200653,0.004198919589777361,0.007608420768942247,1715943888.6719627,0.01575080888687941,-0.022485205476046044,-0.8444505220826368
1715943888.0318744,0.0,0.0,0.0,1715943888.0918784,0.0,0.0,0.0,1715943888.0719159,-0.001425478170842348,-0.0265575407890164,-0.4290393695898488,1715943889.0120368,0.019904685535065733,0.006809583105864991,0.005605673743330151,1715943888.841979,0.010025399275609501,0.006042051307288965,0.002542696149120441,1715943888.8221686,0.009074587565063297,-0.018054215998581702,-0.8713219650854178
1715943888.0418732,0.0,0.0,0.0,1715943888.1018467,0.0,0.0,0.0,1715943888.0818958,0.00023136715613467085,-0.02597788247279187,-0.4287185879774108,1715943889.0219796,0.0051660265119499536,0.019350504370609034,0.0038611542893252433,1715943888.8519843,0.01803421711520025,0.008208202756078586,0.0019274489179760945,1715943888.8322656,0.007490086205788504,-0.018079370109356674,-0.8730986760254691
1715943888.0518727,0.0,0.0,0.0,1715943888.111888,0.0,0.0,0.0,1715943888.0918784,0.0028587640344840404,-0.02470184162471467,-0.42837433727570634,1715943889.031993,0.0010485605112268556,0.010355515997632514,0.01116813136738114,1715943888.9820075,0.009922615115532402,0.002932789516959966,0.008366387015266274,1715943888.841979,0.009257647530397595,-0.01786194464263624,-0.8747980367075865
1715943888.0618694,0.0,0.0,0.0,1715943888.1218798,0.0,0.0,0.0,1715943888.1018467,0.002650955131142191,-0.022600549161903016,-0.4279814972251579,1715943889.0421078,0.016839531929788154,0.010434262122408056,0.007270037391977288,1715943888.9922252,0.012738400190717621,0.005037695389321861,0.009092176494312978,1715943888.8519843,0.009706428059310657,-0.016979170282332312,-0.8765745165599466
1715943888.0719159,0.0,0.0,0.0,1715943888.2919016,0.0,0.0,0.0,1715943888.111888,0.003653130562708218,-0.02142619642848631,-0.42767270292683374,1715943889.0620766,0.014207993823492823,0.01986952795321284,0.009111009359177585,1715943889.0120368,0.019904685535065733,0.006809583105864991,0.005605673743330151,1715943888.9820075,0.017685573552232547,-0.02709026100310319,-0.9051370827783138
1715943888.0818958,0.0,0.0,0.0,1715943888.3018596,0.0,0.0,0.0,1715943888.1218798,0.005629393687083983,-0.020564336036500652,-0.427419948149312,1715943889.071986,0.017941677475898785,0.01928633677500491,0.01807255315932896,1715943889.0219796,0.0051660265119499536,0.019350504370609034,0.0038611542893252433,1715943888.9922252,0.015971744408126654,-0.026679924554277257,-0.9077964994660057
1715943888.0918784,0.0,0.0,0.0,1715943888.3120005,0.0,0.0,0.0,1715943888.2919016,0.003164768934999479,-0.020746480479878926,-0.42066601796243885,1715943889.0819845,0.008750851491072121,0.015099579954686693,0.012003608673924679,1715943889.031993,0.0010485605112268556,0.010355515997632514,0.01116813136738114,1715943889.0120368,0.013505882580330475,-0.02501954041599941,-0.9128329750841839
1715943888.1018467,0.0,0.0,0.0,1715943888.3218732,0.0,0.0,0.0,1715943888.3018596,0.005039273758427276,-0.020599042583176352,-0.42013267426590495,1715943889.0920541,0.0038003814267259066,0.007939823551862846,0.013853600809474495,1715943889.0421078,0.016839531929788154,0.010434262122408056,0.007270037391977288,1715943889.0219796,0.012438539695946549,-0.02401962873341712,-0.9152998770680867
1715943888.111888,0.0,0.0,0.0,1715943888.331938,0.0,0.0,0.0,1715943888.3120005,0.0032561793747767076,-0.019263717115164836,-0.4196891601906577,1715943889.1019802,0.01689195872814106,0.003613247243225981,0.0004565865579794128,1715943889.0620766,0.014207993823492823,0.01986952795321284,0.009111009359177585,1715943889.031993,0.010996971026731028,-0.023681917459857704,-0.9178821306724281
1715943888.1218798,0.0,0.0,0.0,1715943888.3420305,0.0,0.0,0.0,1715943888.3218732,0.0015251539601212338,-0.01743499783583813,-0.41922402368790856,1715943889.3519971,0.013502254017160344,0.008320264584634085,0.002154796311902219,1715943889.071986,0.017941677475898785,0.01928633677500491,0.01807255315932896,1715943889.0421078,0.008813840387804639,-0.02447736049995264,-0.9204825229297384
1715943888.1318903,0.0,0.0,0.0,1715943888.3519828,0.0,0.0,0.0,1715943888.331938,0.0022709531666167126,-0.01529962352582026,-0.41888794290123843,1715943889.3620348,0.008837078535045405,0.002770025578549662,0.019722331040484414,1715943889.0819845,0.008750851491072121,0.015099579954686693,0.012003608673924679,1715943889.0620766,0.005758548165329724,-0.02741592285206984,-0.9259117254609546
1715943888.2919016,0.0,0.0,0.0,1715943888.361972,0.0,0.0,0.0,1715943888.3420305,0.00040310905374862926,-0.015136647950620752,-0.41845430097870023,1715943889.371982,0.0011366847905729576,0.018657245663847855,0.01448193716480346,1715943889.0920541,0.0038003814267259066,0.007939823551862846,0.013853600809474495,1715943889.071986,0.00791022634327021,-0.027877376139028742,-0.9287436871817647
1715943888.3018596,0.0,0.0,0.0,1715943888.4219458,0.0,0.0,0.0,1715943888.3519828,-0.0016240529285449778,-0.015712017857686833,-0.41794566023418833,1715943889.3920534,0.01618075589143611,0.015407514047044879,0.009900712551394837,1715943889.1019802,0.01689195872814106,0.003613247243225981,0.0004565865579794128,1715943889.0819845,0.01000987931587538,-0.027905160166596055,-0.9315416804531811
1715943888.3120005,0.0,0.0,0.0,1715943888.4319186,0.0,0.0,0.0,1715943888.361972,-0.0031510229899044673,-0.016536460763447725,-0.4174054318535023,1715943889.4020061,0.01898374072703269,0.014011031233011728,0.0019337515378143912,1715943889.3519971,0.013502254017160344,0.008320264584634085,0.002154796311902219,1715943889.0920541,0.012333002571459861,-0.027547977557776493,-0.9343148204324319
1715943888.3218732,0.0,0.0,0.0,1715943888.4419444,0.0,0.0,0.0,1715943888.4219458,0.00040856137870248777,-0.024045616986991813,-0.41339188515971526,1715943889.4120345,0.007138916576468685,0.001414184692147158,0.006416753073856848,1715943889.3620348,0.008837078535045405,0.002770025578549662,0.019722331040484414,1715943889.1019802,0.013775947984154602,-0.026242441210389877,-0.9368617518452655
1715943888.331938,0.0,0.0,0.0,1715943888.451907,0.0,0.0,0.0,1715943888.4319186,0.002822286665172369,-0.024453092674967536,-0.4128309574231649,1715943889.4220471,0.01799202109457078,0.014970718802276517,0.019660347880744396,1715943889.371982,0.0011366847905729576,0.018657245663847855,0.01448193716480346,1715943889.3519971,0.016072428005545536,-0.025864266813346415,-0.9940369667684639
1715943888.3420305,0.0,0.0,0.0,1715943888.4718826,0.0,0.0,0.0,1715943888.4419444,0.004640974422333299,-0.02437488717515013,-0.41222660485663387,1715943889.4320397,0.0024893919473644287,0.008880353053207113,0.019320905151457138,1715943889.3920534,0.01618075589143611,0.015407514047044879,0.009900712551394837,1715943889.3620348,0.014401131992514138,-0.02601421097789136,-0.9957629773051
1715943888.3519828,0.0,0.0,0.0,1715943888.4819386,0.0,0.0,0.0,1715943888.451907,0.006131457676441243,-0.024013871062897207,-0.4116396048996729,1715943889.4420893,0.011244437456231798,0.018005553501060145,0.0038129817348425965,1715943889.4020061,0.01898374072703269,0.014011031233011728,0.0019337515378143912,1715943889.371982,0.013869367039163638,-0.024359204274032598,-0.9975081362642513
1715943888.361972,0.0,0.0,0.0,1715943888.5319278,0.0,0.0,0.0,1715943888.4718826,0.007505468891155165,-0.025509125537553246,-0.41022494865082915,1715943889.4520206,0.001127171490458114,0.00028064563541541077,0.006285656824319712,1715943889.4120345,0.007138916576468685,0.001414184692147158,0.006416753073856848,1715943889.3920534,0.012585378395467028,-0.02091971035292084,-1.0005575349882214
1715943888.4219458,0.0,0.0,0.0,1715943888.541994,0.0,0.0,0.0,1715943888.4819386,0.008855581668913565,-0.02473771293241178,-0.40944832580705004,1715943889.462114,0.014117858702703776,0.006244088087250743,0.013119329557215455,1715943889.4220471,0.01799202109457078,0.014970718802276517,0.019660347880744396,1715943889.4020061,0.011049136627425682,-0.02081005805306657,-1.0019911834980428
1715943888.4319186,0.0,0.0,0.0,1715943888.5519502,0.0,0.0,0.0,1715943888.5319278,0.003174473853379045,-0.017513195738529497,-0.40460741909511144,1715943889.472093,0.008646777609817654,0.005836101602095356,0.010365571055724611,1715943889.4320397,0.0024893919473644287,0.008880353053207113,0.019320905151457138,1715943889.4120345,0.0113602277314091,-0.019001609067011094,-1.0035762207241046
1715943888.4419444,0.0,0.0,0.0,1715943888.5620303,0.0,0.0,0.0,1715943888.541994,0.0015076267245682784,-0.01680298342759201,-0.4036875140190416,1715943889.4820278,0.017796370559283292,0.01777225644644087,0.010145309968976791,1715943889.4420893,0.011244437456231798,0.018005553501060145,0.0038129817348425965,1715943889.4220471,0.010380149352146262,-0.017434481828179083,-1.005133047401566
1715943888.451907,0.0,0.0,0.0,1715943888.5720227,0.0,0.0,0.0,1715943888.5519502,-0.0006479633038672938,-0.01738739095201658,-0.40276207297846384,1715943889.502023,0.00019963340059622357,0.019253164180267568,0.004687710844301477,1715943889.4520206,0.001127171490458114,0.00028064563541541077,0.006285656824319712,1715943889.4320397,0.009831292897748867,-0.01574592648729989,-1.0067586967039208
1715943888.4718826,0.0,0.0,0.0,1715943888.5820036,0.0,0.0,0.0,1715943888.5620303,4.61979360983078e-05,-0.019035095454550843,-0.4017932663891012,1715943889.5120368,0.004944885237156337,0.007292157264826793,0.0039159329299129275,1715943889.462114,0.014117858702703776,0.006244088087250743,0.013119329557215455,1715943889.4420893,0.010859018741600224,-0.014347082081476392,-1.0081819392615028
1715943888.4819386,0.0,0.0,0.0,1715943888.5920467,0.0,0.0,0.0,1715943888.5720227,0.0007401647484051033,-0.02064185211108649,-0.4008610898201229,1715943889.5221717,0.01952258200621466,0.018326524413004863,0.008327281584958688,1715943889.472093,0.008646777609817654,0.005836101602095356,0.010365571055724611,1715943889.4520206,0.009673494848224884,-0.012871968736905437,-1.0097599999488631
1715943888.5319278,0.0,0.0,0.0,1715943888.6019871,0.0,0.0,0.0,1715943888.5820036,-0.0007729337817943827,-0.018864145423486578,-0.3999208991945951,1715943889.5320463,0.004681873331903135,0.009908733519804924,0.00427616954235574,1715943889.4820278,0.017796370559283292,0.01777225644644087,0.010145309968976791,1715943889.462114,0.008115048142313341,-0.011899671251337729,-1.0114798677061696
1715943888.541994,0.0,0.0,0.0,1715943888.612005,0.0,0.0,0.0,1715943888.5920467,-0.00033324428266348627,-0.01693872039940514,-0.39900214996791783,1715943889.5520103,0.006147165589992187,0.009608390782096965,0.012778679292747001,1715943889.502023,0.00019963340059622357,0.019253164180267568,0.004687710844301477,1715943889.472093,0.00859603246783669,-0.009929175487388031,-1.0132975946161125
1715943888.5519502,0.0,0.0,0.0,1715943888.6219628,0.0,0.0,0.0,1715943888.6019871,0.0014404209933309986,-0.01572405872652194,-0.3980764925318382,1715943889.5620887,0.015732719362844302,0.0018845928590842664,0.00268067415849336,1715943889.5120368,0.004944885237156337,0.007292157264826793,0.0039159329299129275,1715943889.4820278,0.00871900106279977,-0.008114307823217315,-1.0149693768217194
1715943888.5620303,0.0,0.0,0.0,1715943888.7721686,0.0,0.0,0.0,1715943888.612005,0.002353552387404617,-0.01417024199534822,-0.39700387906750045,1715943889.5721965,0.011541449729223349,0.018590355154723293,0.016817614344202363,1715943889.5221717,0.01952258200621466,0.018326524413004863,0.008327281584958688,1715943889.502023,0.007879032245892592,-0.004964651251187391,-1.0181674419562992
1715943888.5720227,0.0,0.0,0.0,1715943888.7822657,0.0,0.0,0.0,1715943888.6219628,0.003840728241774699,-0.014052700340526414,-0.3957784357713501,1715943889.5820637,0.0025720500382166714,0.00029504740918051553,0.01634978260009519,1715943889.5320463,0.004681873331903135,0.009908733519804924,0.00427616954235574,1715943889.5120368,0.006202513711363711,-0.00518068302089425,-1.0197880035808424
1715943888.5820036,0.0,0.0,0.0,1715943888.791979,0.0,0.0,0.0,1715943888.7721686,0.005744817822574522,-0.009046832004719674,-0.3704895467190743,1715943889.8421435,0.011144667105418284,0.00031700985276539306,0.0009858687424831782,1715943889.5520103,0.006147165589992187,0.009608390782096965,0.012778679292747001,1715943889.5221717,0.004722358331255894,-0.004464813947735458,-1.021619961360578
1715943888.5920467,0.0,0.0,0.0,1715943888.8019843,0.0,0.0,0.0,1715943888.7822657,0.007866135635532262,-0.008975752399217773,-0.36879136438469107,1715943889.9521084,0.004580587529388599,0.000344524196760565,0.01721569898398739,1715943889.5620887,0.015732719362844302,0.0018845928590842664,0.00268067415849336,1715943889.5320463,0.0031103559500893496,-0.006294527054120591,-1.0234022739780375
1715943888.6019871,0.0,0.0,0.0,1715943888.9520044,0.0,0.0,0.0,1715943888.791979,0.005882508014063675,-0.008793645987111631,-0.3672254214208478,1715943890.0722039,0.018232438835780535,0.013670167322651139,0.019302429921610225,1715943889.5721965,0.011541449729223349,0.018590355154723293,0.016817614344202363,1715943889.5520103,0.001365839364317889,-0.010381324153613924,-1.027655686940589
1715943888.612005,0.0,0.0,0.0,1715943888.9620366,0.0,0.0,0.0,1715943888.8019843,0.0032696138858331614,-0.008180764269916763,-0.36560670283709873,1715943890.082057,0.0012078546225897224,0.0015452603503629536,0.0016966456899968926,1715943889.8421435,0.011144667105418284,0.00031700985276539306,0.0009858687424831782,1715943889.5620887,0.002600390346450432,-0.012427845686480143,-1.029845972450615
1715943888.6219628,0.0,0.0,0.0,1715943888.9719796,0.0,0.0,0.0,1715943888.9520044,0.004151432640725566,-0.018573641156953702,-0.33411337878190706,1715943890.0921123,0.012779606957447918,0.01624190655502522,0.011663070500755046,1715943889.9521084,0.004580587529388599,0.000344524196760565,0.01721569898398739,1715943889.5721965,0.0005898137994746477,-0.012605912828382637,-1.0320991735495832
1715943888.7721686,0.0,0.0,0.0,1715943888.981993,0.0,0.0,0.0,1715943888.9620366,0.005652792403261414,-0.017606834136037586,-0.33168278137156526,1715943890.1020675,0.014052261308363744,0.00954968645800025,0.01621437150154338,1715943890.0722039,0.018232438835780535,0.013670167322651139,0.019302429921610225,1715943889.8421435,0.0016925231746802716,-0.017413776496844724,-1.0900775911948006
1715943888.7822657,0.0,0.0,0.0,1715943888.9921079,0.0,0.0,0.0,1715943888.9719796,0.00650000979427981,-0.01647557819383416,-0.3292892582097625,1715943890.1223192,0.004682809608272885,0.014556086448838101,0.01915326092720602,1715943890.082057,0.0012078546225897224,0.0015452603503629536,0.0016966456899968926,1715943889.9521084,0.00979985642159864,-0.016184598483775847,-1.1152705861770835
1715943888.791979,0.0,0.0,0.0,1715943889.0019956,0.0,0.0,0.0,1715943888.981993,0.008370032661555282,-0.016159877443177484,-0.326883059359096,1715943890.132165,0.006624228050904985,0.019462564867863463,0.015369585669142292,1715943890.0921123,0.012779606957447918,0.01624190655502522,0.011663070500755046,1715943890.0722039,0.0017777811637116336,-0.018014219716054214,-1.1421939219617876
1715943888.8019843,0.0,0.0,0.0,1715943889.0120766,0.0,0.0,0.0,1715943888.9921079,0.009846223635618434,-0.01741072724598003,-0.3244110915039378,1715943890.1421506,0.004998690353490208,0.007883985010702865,0.012227340702644402,1715943890.1020675,0.014052261308363744,0.00954968645800025,0.01621437150154338,1715943890.082057,0.003988635346464431,-0.01761196039776447,-1.1444300933978973
1715943888.9520044,0.0,0.0,0.0,1715943889.0219858,0.0,0.0,0.0,1715943889.0019956,0.011622337087346557,-0.018522845327951787,-0.3219729132989168,1715943890.152078,0.005983231976194355,0.014093413355813267,0.01350813884794577,1715943890.1223192,0.004682809608272885,0.014556086448838101,0.01915326092720602,1715943890.0921123,0.0018806953819856531,-0.018150402375501473,-1.1466942530159834
1715943888.9620366,0.0,0.0,0.0,1715943889.0319846,0.0,0.0,0.0,1715943889.0120766,0.011957942936179772,-0.020887252130160183,-0.3194127624115509,1715943890.162132,0.011629181864415812,0.010136210910097754,0.014033835290981629,1715943890.132165,0.006624228050904985,0.019462564867863463,0.015369585669142292,1715943890.1020675,0.004187833334742486,-0.01740254974468214,-1.1489444786430374
1715943888.9719796,0.0,0.0,0.0,1715943889.0420542,0.0,0.0,0.0,1715943889.0219858,0.009897049474036829,-0.02138688047544579,-0.3167506460465005,1715943890.1722507,0.01703413760303852,0.004172603189216861,0.008243143817135633,1715943890.1421506,0.004998690353490208,0.007883985010702865,0.012227340702644402,1715943890.1223192,0.006595357401486535,-0.015008426838721167,-1.1534843023592245
1715943888.981993,0.0,0.0,0.0,1715943889.0519803,0.0,0.0,0.0,1715943889.0319846,0.007866508386422166,-0.021529220782325664,-0.31413044296931447,1715943890.182382,0.005066926206847951,0.010241459740936376,0.0040650549452997085,1715943890.152078,0.005983231976194355,0.014093413355813267,0.01350813884794577,1715943890.132165,0.006313647272842893,-0.01361310730824461,-1.1555086729917887
1715943888.9921079,0.0,0.0,0.0,1715943889.3120348,0.0,0.0,0.0,1715943889.0420542,0.00598384905249319,-0.021314823847017772,-0.31149740862287334,1715943890.1921368,0.0013871585616969623,0.015080468927326063,0.0021057512329365597,1715943890.162132,0.011629181864415812,0.010136210910097754,0.014033835290981629,1715943890.1421506,0.0081000619524918,-0.012396073821111298,-1.157603861130803
1715943889.0019956,0.0,0.0,0.0,1715943889.3219821,0.0,0.0,0.0,1715943889.0519803,0.004344540279201448,-0.02033689175568698,-0.3090702483694633,1715943890.2021277,0.014096436220549133,0.015006516270794856,0.004833468864356922,1715943890.1722507,0.01703413760303852,0.004172603189216861,0.008243143817135633,1715943890.152078,0.00646273752203852,-0.011266211435119189,-1.1598727966260078
1715943889.0120766,0.0,0.0,0.0,1715943889.332018,0.0,0.0,0.0,1715943889.3120348,0.009135968019398186,-0.021254362380160208,-0.25333828406441183,1715943890.222256,0.016629501971067634,0.012525363613128837,0.008189049500724101,1715943890.182382,0.005066926206847951,0.010241459740936376,0.0040650549452997085,1715943890.162132,0.0048636589350326,-0.011142901049851828,-1.1622590166458515
1715943889.0219858,0.0,0.0,0.0,1715943889.3420532,0.0,0.0,0.0,1715943889.3219821,0.009585918557808992,-0.019331157878707428,-0.2516687278128413,1715943890.2321093,0.013738208156706566,0.012008621602520808,0.0003465202020642407,1715943890.1921368,0.0013871585616969623,0.015080468927326063,0.0021057512329365597,1715943890.1722507,0.005577564187451145,-0.013477149416833978,-1.1646836873402062
1715943889.0319846,0.0,0.0,0.0,1715943889.3520062,0.0,0.0,0.0,1715943889.332018,0.008183232863889028,-0.01800929799514739,-0.25009909867809765,1715943890.2421417,0.005972598701257667,0.0023224579607628026,0.013221219111621304,1715943890.2021277,0.014096436220549133,0.015006516270794856,0.004833468864356922,1715943890.182382,0.004771047544030349,-0.015584790281606642,-1.1669267552885536
1715943889.0420542,0.0,0.0,0.0,1715943889.3620346,0.0,0.0,0.0,1715943889.3420532,0.00794232990481962,-0.016129592644020585,-0.24859529975955963,1715943890.252127,0.00421841479249057,0.008921459509012353,0.00010674469537556982,1715943890.222256,0.016629501971067634,0.012525363613128837,0.008189049500724101,1715943890.1921368,0.002986531942308357,-0.014914980701337344,-1.1692959186584932
1715943889.0519803,0.0,0.0,0.0,1715943889.372047,0.0,0.0,0.0,1715943889.3520062,0.010191801240110973,-0.0161740761658824,-0.2472466473210288,1715943890.262144,0.006742877648802658,0.0018071948726221532,0.008091212517176437,1715943890.2321093,0.013738208156706566,0.012008621602520808,0.0003465202020642407,1715943890.2021277,0.002910662804099129,-0.013137483255257987,-1.1715452613958224
1715943889.3120348,0.0,0.0,0.0,1715943889.3820398,0.0,0.0,0.0,1715943889.3620346,0.009268402496349873,-0.014461763992324128,-0.24577598769795783,1715943890.4121127,0.014909502920823244,0.005499622110109792,0.011224593195918465,1715943890.2421417,0.005972598701257667,0.0023224579607628026,0.013221219111621304,1715943890.222256,0.0012011242380793874,-0.010198522489301531,-1.175686371864975
1715943889.3219821,0.0,0.0,0.0,1715943889.3920894,0.0,0.0,0.0,1715943889.372047,0.008955283741065564,-0.012462022005384155,-0.2442553326152307,1715943890.4321432,0.011017178365360925,0.008926712219487154,0.018445379630567468,1715943890.252127,0.00421841479249057,0.008921459509012353,0.00010674469537556982,1715943890.2321093,0.00322156909964999,-0.009276849768171891,-1.177761325496494
1715943889.332018,0.0,0.0,0.0,1715943889.4020207,0.0,0.0,0.0,1715943889.3820398,0.009510908996420736,-0.010477083315969082,-0.24271355126661567,1715943890.442135,0.012708935917069009,0.010406332979181476,0.006534900213494715,1715943890.262144,0.006742877648802658,0.0018071948726221532,0.008091212517176437,1715943890.2421417,0.00613390835418981,-0.009644095969797428,-1.1798782602325293
1715943889.3420532,0.0,0.0,0.0,1715943889.4121141,0.0,0.0,0.0,1715943889.3920894,0.007805638821612795,-0.009499737943007736,-0.24127472492652385,1715943890.4521112,0.005923455621568743,0.009762845558291877,0.0031697981175123286,1715943890.4121127,0.014909502920823244,0.005499622110109792,0.011224593195918465,1715943890.252127,0.006550714475265451,-0.012168888891254337,-1.1818848766060626
1715943889.3520062,0.0,0.0,0.0,1715943889.4220932,0.0,0.0,0.0,1715943889.4020207,0.007939271596512906,-0.007509126220825557,-0.23969490107043046,1715943890.4621494,0.019355704826832645,0.008300188638208583,0.004557771211099976,1715943890.4321432,0.011017178365360925,0.008926712219487154,0.018445379630567468,1715943890.262144,0.005567146125136091,-0.014052295210687182,-1.1838505422231034
1715943889.3620346,0.0,0.0,0.0,1715943889.4320276,0.0,0.0,0.0,1715943889.4121141,0.009454059434953796,-0.0060670829394964265,-0.2380766480116474,1715943890.472287,0.004045192262880624,0.006836172954210573,0.019470199671960977,1715943890.442135,0.012708935917069009,0.010406332979181476,0.006534900213494715,1715943890.4121127,-0.0037063455354005015,-0.01775801209051453,-1.2173610935563008
1715943889.372047,0.0,0.0,0.0,1715943889.442047,0.0,0.0,0.0,1715943889.4220932,0.008518444426682661,-0.004241051817549524,-0.236409458172898,1715943890.4821012,0.013124643975126813,0.006845830609789827,0.019572680591609062,1715943890.4521112,0.005923455621568743,0.009762845558291877,0.0031697981175123286,1715943890.4321432,0.0018627506474078181,-0.015596026538676755,-1.2224971078796028
1715943889.3820398,0.0,0.0,0.0,1715943889.4520228,0.0,0.0,0.0,1715943889.4320276,0.008056689054144306,-0.0023586765855307945,-0.23485099226028774,1715943890.492146,0.009263618049251255,0.013361008236317806,0.00916226244325523,1715943890.4621494,0.019355704826832645,0.008300188638208583,0.004557771211099976,1715943890.442135,0.004134937845163833,-0.015558834029133717,-1.2250062642432376
1715943889.3920894,0.0,0.0,0.0,1715943889.4620368,0.0,0.0,0.0,1715943889.442047,0.007342268984638217,-0.0007661633087532316,-0.23333135164114976,1715943890.5121243,0.011516376700212915,0.005767891174049744,0.007662319961627891,1715943890.472287,0.004045192262880624,0.006836172954210573,0.019470199671960977,1715943890.4521112,0.002344262336314795,-0.017145243724007386,-1.2273248981892113
1715943889.4020207,0.0,0.0,0.0,1715943889.4721715,0.0,0.0,0.0,1715943889.4520228,0.007423642039042347,0.0010264347489141734,-0.23185829389103008,1715943890.542148,0.015186601312377528,0.009107133595471995,0.019198940358228396,1715943890.4821012,0.013124643975126813,0.006845830609789827,0.019572680591609062,1715943890.4621494,0.001463940106722017,-0.018674141870177685,-1.2297631731998848
1715943889.4121141,0.0,0.0,0.0,1715943889.4820461,0.0,0.0,0.0,1715943889.4620368,0.009522107642408614,0.0009906601242304358,-0.2302421355797059,1715943890.6021345,0.01090781328909161,0.008783834741885599,0.006030469446337246,1715943890.492146,0.009263618049251255,0.013361008236317806,0.00916226244325523,1715943890.472287,0.003976116296153354,-0.020177299227619683,-1.232167071507071
1715943889.4220932,0.0,0.0,0.0,1715943889.4920344,0.0,0.0,0.0,1715943889.4721715,0.010937875368869199,0.0019433225654807984,-0.22854947335890666,1715943890.62262,0.019753370309196015,0.012683208871079765,0.011816165013603344,1715943890.5121243,0.011516376700212915,0.005767891174049744,0.007662319961627891,1715943890.4821012,0.006129458952788713,-0.01984868464257805,-1.2342426639454072
1715943889.4320276,0.0,0.0,0.0,1715943889.5020103,0.0,0.0,0.0,1715943889.4820461,0.012272745309096639,-2.8544774198557832e-05,-0.22684170021117933,1715943890.6521304,0.0005333271412535837,0.015560043929095935,0.002232638788872203,1715943890.542148,0.015186601312377528,0.009107133595471995,0.019198940358228396,1715943890.492146,0.0057830745433831154,-0.01796245738936686,-1.2358955531834805
1715943889.442047,0.0,0.0,0.0,1715943889.5120888,0.0,0.0,0.0,1715943889.4920344,0.014142358148721154,-0.0010702723743658549,-0.22496986087014958,1715943890.8121977,0.006491678997942657,0.005108455685238988,0.014544711453648336,1715943890.6021345,0.01090781328909161,0.008783834741885599,0.006030469446337246,1715943890.5121243,0.005993445969048494,-0.0146769632956667,-1.2392030368622438
1715943889.4520228,0.0,0.0,0.0,1715943889.822185,0.0,0.0,0.0,1715943889.5020103,0.014791487099698367,-0.0033055505534835827,-0.2230132282732814,1715943891.182199,0.011012661256706807,0.015634758791096326,0.010845698290152814,1715943890.62262,0.019753370309196015,0.012683208871079765,0.011816165013603344,1715943890.542148,0.0085008548062242,-0.011419992946796409,-1.2439887663291316
1715943889.4620368,0.0,0.0,0.0,1715943889.9021084,0.0,0.0,0.0,1715943889.5120888,0.013351691680518696,-0.004991343365327694,-0.22097736254664027,1715943891.1922393,0.008038483034674089,0.005993312575347742,0.013347063406909734,1715943890.6521304,0.0005333271412535837,0.015560043929095935,0.002232638788872203,1715943890.6021345,0.0037451339643226333,-0.014526233886942519,-1.2543676500833563
1715943889.4721715,0.0,0.0,0.0,1715943890.032057,0.0,0.0,0.0,1715943889.822185,0.01930789641675132,-0.008283597369990181,-0.15721004815294667,1715943891.202214,0.0038106174717856362,0.0004321520579115834,0.011386342823641347,1715943890.8121977,0.006491678997942657,0.005108455685238988,0.014544711453648336,1715943890.62262,0.0031044588791817596,-0.011125725349360849,-1.2578377517257184
1715943889.4820461,0.0,0.0,0.0,1715943890.042112,0.0,0.0,0.0,1715943889.9021084,0.015417850036308425,-0.011839649542400021,-0.14000074787715217,1715943891.2122865,0.013109978303319395,0.017325968845904205,0.012053810910266777,1715943891.182199,0.011012661256706807,0.015634758791096326,0.010845698290152814,1715943890.6521304,0.007080685794781161,-0.016428547606940125,-1.2614041713537283
1715943889.4920344,0.0,0.0,0.0,1715943890.0520675,0.0,0.0,0.0,1715943890.032057,0.022667529543996284,-0.015196260950650187,-0.11231716168744174,1715943891.2322059,0.012137293660193813,0.0013050535061642776,0.008428730491838496,1715943891.1922393,0.008038483034674089,0.005993312575347742,0.013347063406909734,1715943890.8121977,0.012464353766779013,-0.020822925439148543,-1.2771631560697942
1715943889.5020103,0.0,0.0,0.0,1715943890.062082,0.0,0.0,0.0,1715943890.042112,0.023687794789319566,-0.01654361452747577,-0.11013942156625128,1715943891.502198,0.010197622185496693,0.014646570805817438,0.008853286621758228,1715943891.202214,0.0038106174717856362,0.0004321520579115834,0.011386342823641347,1715943891.182199,0.026267564305208158,-0.02176208241870259,-1.294349380059728
1715943889.5120888,0.0,0.0,0.0,1715943890.0723193,0.0,0.0,0.0,1715943890.0520675,0.022018354325752394,-0.01600175258485237,-0.10802909034376279,1715943891.5122268,0.01541125476897515,0.011148416948431716,0.004657285432109606,1715943891.2122865,0.013109978303319395,0.017325968845904205,0.012053810910266777,1715943891.1922393,0.024725046365679848,-0.021198686795785404,-1.294739333944806
1715943889.822185,0.0,0.0,0.0,1715943890.082165,0.0,0.0,0.0,1715943890.062082,0.020129054142791536,-0.01588918465500222,-0.10589967958385985,1715943891.5222003,0.00394101129433541,0.017165654704943467,0.017294755187972632,1715943891.2322059,0.012137293660193813,0.0013050535061642776,0.008428730491838496,1715943891.202214,0.024336289432943747,-0.01893829000488667,-1.2951577394337228
1715943889.9021084,0.0,0.0,0.0,1715943890.0921507,0.0,0.0,0.0,1715943890.0723193,0.018170981776750625,-0.01489382146364493,-0.10376279782454431,1715943891.5322268,0.0012732690326067238,0.00944173202724019,0.006305899859992517,1715943891.502198,0.010197622185496693,0.014646570805817438,0.008853286621758228,1715943891.2122865,0.022327179020409815,-0.017375117736804002,-1.2954484887149924
1715943890.032057,0.0,0.0,0.0,1715943890.1020777,0.0,0.0,0.0,1715943890.082165,0.01818670405919432,-0.013180149623287063,-0.10176257210988085,1715943891.542266,0.008663237736535465,0.014261252212113718,0.01804580154520964,1715943891.5122268,0.01541125476897515,0.011148416948431716,0.004657285432109606,1715943891.2322059,0.019778701686533395,-0.015959637136393034,-1.295946345623122
1715943890.042112,0.0,0.0,0.0,1715943890.112132,0.0,0.0,0.0,1715943890.0921507,0.016913431030652848,-0.01220224756353816,-0.09969989162766116,1715943891.5522254,0.018911077557098265,0.009082017202287851,0.015536550173274625,1715943891.5222003,0.00394101129433541,0.017165654704943467,0.017294755187972632,1715943891.502198,0.01341756360006352,0.001171139189619197,-1.3110185377528936
1715943890.0520675,0.0,0.0,0.0,1715943890.1222508,0.0,0.0,0.0,1715943890.1020777,0.017660175947432355,-0.010809792457370904,-0.09755682252114654,1715943891.562288,0.009276625423347156,0.002678972362396781,0.0031191455235541747,1715943891.5322268,0.0012732690326067238,0.00944173202724019,0.006305899859992517,1715943891.5122268,0.015147786930151508,9.011091609689714e-05,-1.3119866221504957
1715943890.062082,0.0,0.0,0.0,1715943890.132382,0.0,0.0,0.0,1715943890.112132,0.019799133130863372,-0.010551588074733553,-0.095308192937507,1715943891.5722487,0.018669728401015235,0.00123431125527107,0.015466123774951265,1715943891.542266,0.008663237736535465,0.014261252212113718,0.01804580154520964,1715943891.5222003,0.015195373999748352,-0.0018874597570739393,-1.3130703242258264
1715943890.0723193,0.0,0.0,0.0,1715943890.1421368,0.0,0.0,0.0,1715943890.1222508,0.018195240497661073,-0.011198292357643469,-0.09299252418116244,1715943891.5822597,0.019289433354844208,0.004002288973785628,0.006412330144870072,1715943891.5522254,0.018911077557098265,0.009082017202287851,0.015536550173274625,1715943891.5322268,0.018154750506565787,-0.0021907728166485896,-1.313941021947354
1715943890.082165,0.0,0.0,0.0,1715943890.1521277,0.0,0.0,0.0,1715943890.132382,0.01703510945256758,-0.013037909456788954,-0.09072564442213135,1715943891.5925512,0.010406462317787364,0.0035708684919986133,0.0011423041397990987,1715943891.562288,0.009276625423347156,0.002678972362396781,0.0031191455235541747,1715943891.542266,0.0200734030285612,-0.0009423762386462364,-1.3150247974803602
1715943890.0921507,0.0,0.0,0.0,1715943890.1621096,0.0,0.0,0.0,1715943890.1421368,0.01875140820168862,-0.012185072647185047,-0.0885248936773371,1715943891.612276,0.00914757933993927,0.01376702560043852,0.004902156394582859,1715943891.5722487,0.018669728401015235,0.00123431125527107,0.015466123774951265,1715943891.5522254,0.02104726448609595,0.000871979961000191,-1.3159873559211217
1715943890.1020777,0.0,0.0,0.0,1715943890.172256,0.0,0.0,0.0,1715943890.1521277,0.019149263043305546,-0.010274520420146871,-0.08635377816540157,1715943891.6222596,0.006027251535018509,0.018689011453692395,0.006007270033061612,1715943891.5822597,0.019289433354844208,0.004002288973785628,0.006412330144870072,1715943891.562288,0.019789822200138918,0.00024067350911427532,-1.3170689925016976
1715943890.112132,0.0,0.0,0.0,1715943890.1821094,0.0,0.0,0.0,1715943890.1621096,0.017405840011407984,-0.00949876844339248,-0.0842708638469325,1715943891.632279,0.0064325751285651475,0.013809511770334515,0.01421129898695244,1715943891.5925512,0.010406462317787364,0.0035708684919986133,0.0011423041397990987,1715943891.5722487,0.019875319027669036,-0.0019571056555753863,-1.3183312627459127
1715943890.1222508,0.0,0.0,0.0,1715943890.1921418,0.0,0.0,0.0,1715943890.172256,0.01679213078381884,-0.007685800131618681,-0.0822693577050643,1715943891.662275,0.014086153242029904,0.012321857027768335,0.012374616147891038,1715943891.612276,0.00914757933993927,0.01376702560043852,0.004902156394582859,1715943891.5822597,0.019397701002428214,-0.004038415949063845,-1.3194967644491884
1715943890.132382,0.0,0.0,0.0,1715943890.202127,0.0,0.0,0.0,1715943890.1821094,0.015676798310046855,-0.0068304379747003985,-0.08031887522023407,1715943891.6722078,0.011564940614295405,0.01872982054909289,0.0038877146615585185,1715943891.6222596,0.006027251535018509,0.018689011453692395,0.006007270033061612,1715943891.5925512,0.01765938403805789,-0.005454740802180336,-1.320843329846797
1715943890.1421368,0.0,0.0,0.0,1715943890.402111,0.0,0.0,0.0,1715943890.1921418,0.014536505476926559,-0.007047331236096577,-0.07831364425101782,1715943891.7022288,0.005367812478912354,0.011520658439978071,0.018281560029739685,1715943891.632279,0.0064325751285651475,0.013809511770334515,0.01421129898695244,1715943891.612276,0.018676690148140107,-0.009491505266406852,-1.3232070630393586
1715943890.1521277,0.0,0.0,0.0,1715943890.4121492,0.0,0.0,0.0,1715943890.202127,0.013334359796607999,-0.009324273506523317,-0.0764368379343982,1715943891.7122602,0.010045642910783054,0.004290203503474421,0.007732190133401357,1715943891.662275,0.014086153242029904,0.012321857027768335,0.012374616147891038,1715943891.6222596,0.01850907879533148,-0.01155497427396801,-1.3244172554169378
1715943890.1621096,0.0,0.0,0.0,1715943890.422287,0.0,0.0,0.0,1715943890.402111,0.01751516375290585,-0.016886230997972485,-0.033183889999491165,1715943891.7222512,0.010923268169076803,0.00022240901651748857,0.01701943540061138,1715943891.6722078,0.011564940614295405,0.01872982054909289,0.0038877146615585185,1715943891.632279,0.017307681820188492,-0.012342530759889891,-1.3256723777482637
1715943890.172256,0.0,0.0,0.0,1715943890.432101,0.0,0.0,0.0,1715943890.4121492,0.019973383332665354,-0.0185891033033041,-0.030951665513267074,1715943891.7322686,0.0031495626957378725,0.016868287336754717,0.0006006667099506156,1715943891.7022288,0.005367812478912354,0.011520658439978071,0.018281560029739685,1715943891.662275,0.018490461086008825,-0.0066567884847601455,-1.3296617514020088
1715943890.1821094,0.0,0.0,0.0,1715943890.442146,0.0,0.0,0.0,1715943890.422287,0.018725427910183667,-0.019873675573511385,-0.02873148480978184,1715943891.7423747,0.013376443165390422,0.017200341477828562,0.0040958633415245985,1715943891.7122602,0.010045642910783054,0.004290203503474421,0.007732190133401357,1715943891.6722078,0.020713317469779557,-0.0057530401038490275,-1.3308724213598246
1715943890.1921418,0.0,0.0,0.0,1715943890.4520957,0.0,0.0,0.0,1715943890.432101,0.01692920906711147,-0.01971054483475876,-0.026810567896248298,1715943891.7623043,0.008446310590515555,0.005796243565875159,0.0075653249702869055,1715943891.7222512,0.010923268169076803,0.00022240901651748857,0.01701943540061138,1715943891.7022288,0.026750873349822513,-0.002320404496283679,-1.3356329246185785
1715943890.202127,0.0,0.0,0.0,1715943890.4621243,0.0,0.0,0.0,1715943890.442146,0.01726484880567249,-0.017641046793084758,-0.02511643954929851,1715943891.772309,0.017455794950512235,0.007461477540912975,0.012035648688332875,1715943891.7322686,0.0031495626957378725,0.016868287336754717,0.0006006667099506156,1715943891.7122602,0.027900079345945628,-0.004699635880901276,-1.3373115615893267
1715943890.402111,0.0,0.0,0.0,1715943890.4722934,0.0,0.0,0.0,1715943890.4520957,0.017670483824620664,-0.01569764033573562,-0.023548325493593703,1715943891.7823434,0.00792575600699759,0.009824937092268726,0.0098075776732109,1715943891.7423747,0.013376443165390422,0.017200341477828562,0.0040958633415245985,1715943891.7222512,0.026772340367945624,-0.006371974778338396,-1.338904127743139
1715943890.4121492,0.0,0.0,0.0,1715943890.482144,0.0,0.0,0.0,1715943890.4621243,0.018001287021023705,-0.013872689863569487,-0.022039343766696872,1715943891.8023052,0.014903677869557392,0.015338891119850206,0.005135729671344079,1715943891.7623043,0.008446310590515555,0.005796243565875159,0.0075653249702869055,1715943891.7322686,0.025677640357769427,-0.007620657145963827,-1.340737306373506
1715943890.422287,0.0,0.0,0.0,1715943890.4921482,0.0,0.0,0.0,1715943890.4722934,0.01899875012723297,-0.012930195159169822,-0.02063311181568147,1715943891.8424454,0.007341742623301274,0.012279867402231082,0.007433348134261864,1715943891.772309,0.017455794950512235,0.007461477540912975,0.012035648688332875,1715943891.7423747,0.02435528152829125,-0.006970984585159989,-1.342653352477579
1715943890.432101,0.0,0.0,0.0,1715943890.5822165,0.0,0.0,0.0,1715943890.482144,0.020835748403348005,-0.01238067129730025,-0.019331143817954994,1715943891.8523107,0.020034634930608503,0.012745988016996668,0.01498985590160558,1715943891.7823434,0.00792575600699759,0.009824937092268726,0.0098075776732109,1715943891.7623043,0.02236244298359269,-0.004280767745214353,-1.3466471111722758
1715943890.442146,0.0,0.0,0.0,1715943890.5921855,0.0,0.0,0.0,1715943890.4921482,0.019768310041710778,-0.011615424630461169,-0.017915609249990902,1715943891.8623104,0.006946306588400655,0.01970625038674445,0.019018842466360267,1715943891.8023052,0.014903677869557392,0.015338891119850206,0.005135729671344079,1715943891.772309,0.02066471128286551,-0.00379224512793197,-1.3486111514699557
1715943890.4520957,0.0,0.0,0.0,1715943890.6021304,0.0,0.0,0.0,1715943890.5822165,0.012748503126459374,-0.018418748950572494,-0.003447785736175964,1715943891.8722336,0.0074247554503310415,0.007704050743149837,8.303547494105173e-05,1715943891.8424454,0.007341742623301274,0.012279867402231082,0.007433348134261864,1715943891.7823434,0.01927850941743836,-0.0031686732220779223,-1.3506374912647345
1715943890.4621243,0.0,0.0,0.0,1715943890.7621977,0.0,0.0,0.0,1715943890.5921855,0.011460877993539228,-0.020003480214058067,-0.002297713276483238,1715943891.8822696,0.01206075914596543,0.007451298575326781,0.01458652225021497,1715943891.8523107,0.020034634930608503,0.012745988016996668,0.01498985590160558,1715943891.8023052,0.01621014191676684,-0.001932516224682601,-1.354690151665519
1715943890.4722934,0.0,0.0,0.0,1715943891.182206,0.0,0.0,0.0,1715943890.6021304,0.009501710195373637,-0.02151517555204574,-0.001100958066074212,1715943891.8924155,0.011094929901345685,0.015320609321269663,0.01996772035624512,1715943891.8623104,0.006946306588400655,0.01970625038674445,0.019018842466360267,1715943891.8424454,0.008270207955034525,-0.006194252043301152,-1.3624738672421408
1715943890.482144,0.0,0.0,0.0,1715943891.1922543,0.0,0.0,0.0,1715943890.7621977,0.006092917214158555,-0.02058070148810809,0.01356754072788334,1715943891.9022496,0.0025246390213953954,0.016474972480136296,0.004879010478025635,1715943891.8722336,0.0074247554503310415,0.007704050743149837,8.303547494105173e-05,1715943891.8523107,0.009634672190424798,-0.008724754697173154,-1.3643525136079475
1715943890.4921482,0.0,0.0,0.0,1715943891.2021856,0.0,0.0,0.0,1715943891.182206,0.012742042029905512,-0.012729181958532676,0.02974445396237288,1715943891.9122849,0.003906907726544708,0.004393714863316189,0.019449976325673097,1715943891.8822696,0.01206075914596543,0.007451298575326781,0.01458652225021497,1715943891.8623104,0.0105659759598562,-0.010546023212020916,-1.366361546427191
1715943890.5822165,0.0,0.0,0.0,1715943891.212219,0.0,0.0,0.0,1715943891.1922543,0.010798335587042601,-0.011959049988910841,0.030102325262927512,1715943891.9222414,0.0009252885132608659,0.016548520935802724,0.011106154219871713,1715943891.8924155,0.011094929901345685,0.015320609321269663,0.01996772035624512,1715943891.8722336,0.010537269118891857,-0.013012843447441025,-1.368451472287183
1715943890.5921855,0.0,0.0,0.0,1715943891.2222042,0.0,0.0,0.0,1715943891.2021856,0.009233557139097261,-0.010218655562676204,0.030386876861779547,1715943891.9322612,0.019963899846596255,0.006978757727750473,0.016752187643138402,1715943891.9022496,0.0025246390213953954,0.016474972480136296,0.004879010478025635,1715943891.8822696,0.010835418338731806,-0.01542710825163196,-1.370683968749181
1715943890.6021304,0.0,0.0,0.0,1715943891.452198,0.0,0.0,0.0,1715943891.212219,0.010477001559846724,-0.009004246565461393,0.030753347670509204,1715943891.9430547,0.019709868203185925,0.0011087070242981056,0.007385854031202275,1715943891.9122849,0.003906907726544708,0.004393714863316189,0.019449976325673097,1715943891.8924155,0.011821441988336456,-0.017582671864953436,-1.3728947357953274
1715943890.7621977,0.0,0.0,0.0,1715943891.4622269,0.0,0.0,0.0,1715943891.2222042,0.009192960350081034,-0.009361856260416745,0.031001228579014398,1715943891.9522693,0.011273952313868357,0.0032473388519549395,0.008363614919414382,1715943891.9222414,0.0009252885132608659,0.016548520935802724,0.011106154219871713,1715943891.9022496,0.010547591398379907,-0.019137758904080426,-1.3750419006247885
1715943891.182206,0.0,0.0,0.0,1715943891.4722004,0.0,0.0,0.0,1715943891.452198,0.005201996635572376,0.005650245821338107,0.04275740017699228,1715943891.9622946,0.0057267243663944745,0.012608705376127682,0.008516263489500867,1715943891.9322612,0.019963899846596255,0.006978757727750473,0.016752187643138402,1715943891.9122849,0.01210502416579784,-0.020873728164730876,-1.3773270032829874
1715943891.1922543,0.0,0.0,0.0,1715943891.4822268,0.0,0.0,0.0,1715943891.4622269,0.003216475053017198,0.004859003149441099,0.0436635753991002,1715943891.9722807,0.01531009340699743,0.010445433695326356,0.011779374333883269,1715943891.9430547,0.019709868203185925,0.0011087070242981056,0.007385854031202275,1715943891.9222414,0.01414480998497103,-0.022122912334625155,-1.3795771935951286
1715943891.2021856,0.0,0.0,0.0,1715943891.4922657,0.0,0.0,0.0,1715943891.4722004,0.002758568923429291,0.0031644440710387745,0.04465136259360203,1715943891.982275,0.010934969133862446,0.0026670953636933614,0.01660029111450021,1715943891.9522693,0.011273952313868357,0.0032473388519549395,0.008363614919414382,1715943891.9322612,0.012060365299363163,-0.02233258865598864,-1.3816676151245337
1715943891.212219,0.0,0.0,0.0,1715943891.5022254,0.0,0.0,0.0,1715943891.4822268,0.0015934278952719969,0.0030899758126057275,0.04553323578948291,1715943892.002285,0.014564852058789142,0.0011100033032824808,0.0005626125211785817,1715943891.9622946,0.0057267243663944745,0.012608705376127682,0.008516263489500867,1715943891.9430547,0.010254536956145088,-0.021987177471541663,-1.383859932074258
1715943891.2222042,0.0,0.0,0.0,1715943891.512288,0.0,0.0,0.0,1715943891.4922657,0.00017144700515387898,0.003965336454679225,0.04650420394993311,1715943892.0222902,0.018092748152064637,0.008165068999653746,0.012620337897835576,1715943891.9722807,0.01531009340699743,0.010445433695326356,0.011779374333883269,1715943891.9522693,0.008999650144036586,-0.0213119584332937,-1.3857858425227034
1715943891.452198,0.0,0.0,0.0,1715943891.5222487,0.0,0.0,0.0,1715943891.5022254,-0.00034937560745033555,0.005522653252780119,0.047339973178539996,1715943892.03231,0.0016974516358857863,0.001283398224294574,0.007254189949057556,1715943891.982275,0.010934969133862446,0.0026670953636933614,0.01660029111450021,1715943891.9622946,0.009408876167085634,-0.019375720717685452,-1.3879810689050078
1715943891.4622269,0.0,0.0,0.0,1715943891.5522816,0.0,0.0,0.0,1715943891.512288,0.0022382524953337216,0.004962568521618804,0.048347190386573195,1715943892.0423026,0.004862146076638837,0.0031817044877391343,0.013601862791641226,1715943892.002285,0.014564852058789142,0.0011100033032824808,0.0005626125211785817,1715943891.9722807,0.007901639068497612,-0.01828372710198667,-1.389996470827482
1715943891.4722004,0.0,0.0,0.0,1715943891.5622761,0.0,0.0,0.0,1715943891.5222487,0.0029427376311814794,0.0027000093765803257,0.049485461605895315,1715943892.0522676,0.010842273128928971,0.010158296992496041,0.0165035412965108,1715943892.0222902,0.018092748152064637,0.008165068999653746,0.012620337897835576,1715943891.982275,0.006481002823138127,-0.01746581707641126,-1.3921726399864385
1715943891.4822268,0.0,0.0,0.0,1715943891.6022913,0.0,0.0,0.0,1715943891.5522816,0.007922606301165803,-0.0029065357953117488,0.052932886821863284,1715943892.0722656,0.0013819800121780985,0.0016697967564649474,0.015635164089692122,1715943892.03231,0.0016974516358857863,0.001283398224294574,0.007254189949057556,1715943892.002285,0.0038362491591801273,-0.01516495278426988,-1.3961479020150822
1715943891.4922657,0.0,0.0,0.0,1715943891.612275,0.0,0.0,0.0,1715943891.5622761,0.0072418742202602256,-0.0048678318051580405,0.05408178282241459,1715943892.0923033,0.008673690305198605,0.007710326124312328,0.006362661242538345,1715943892.0423026,0.004862146076638837,0.0031817044877391343,0.013601862791641226,1715943892.0222902,0.00012254145926515747,-0.017983386770191068,-1.4000524859838546
1715943891.5022254,0.0,0.0,0.0,1715943891.6222076,0.0,0.0,0.0,1715943891.6022913,0.01249513498713687,-0.009081735495319654,0.05862970818208498,1715943892.112286,0.018135275548224177,0.009299607454925196,0.011421709741420498,1715943892.0522676,0.010842273128928971,0.010158296992496041,0.0165035412965108,1715943892.03231,-0.0020439364679747385,-0.018621430559345953,-1.4020671197187635
1715943891.512288,0.0,0.0,0.0,1715943891.6322465,0.0,0.0,0.0,1715943891.612275,0.011248641188612893,-0.0076143905178227556,0.059851392638071446,1715943892.1223464,0.011664645300600976,0.006566781035995728,0.0015225602655411195,1715943892.0722656,0.0013819800121780985,0.0016697967564649474,0.015635164089692122,1715943892.0423026,-0.0015324078234728589,-0.02049592420797608,-1.404134663939839
1715943891.5222487,0.0,0.0,0.0,1715943891.642429,0.0,0.0,0.0,1715943891.6222076,0.009976737397708456,-0.0068283704522760225,0.06100757441848197,1715943892.13236,0.015579527180945268,0.016396019242358673,0.003392325742014056,1715943892.0923033,0.008673690305198605,0.007710326124312328,0.006362661242538345,1715943892.0522676,0.0005599968903919894,-0.020149037437577455,-1.4061062206915356
1715943891.5522816,0.0,0.0,0.0,1715943891.6522286,0.0,0.0,0.0,1715943891.6322465,0.008728614777705257,-0.005449792696126554,0.06230449944863736,1715943892.1522868,0.019406481155843296,0.01430017201732392,0.014077790357509248,1715943892.112286,0.018135275548224177,0.009299607454925196,0.011421709741420498,1715943892.0722656,-0.003343451390938945,-0.019389786803529763,-1.4101409341964342
1715943891.5622761,0.0,0.0,0.0,1715943891.66226,0.0,0.0,0.0,1715943891.642429,0.010919247341223164,-0.005081249536051269,0.06373925553130225,1715943892.1723692,0.019905066537845028,0.007024735601803389,0.00740702089554298,1715943892.1223464,0.011664645300600976,0.006566781035995728,0.0015225602655411195,1715943892.0923033,-0.0008557461040448189,-0.016198350879963686,-1.414036660191579
1715943891.6022913,0.0,0.0,0.0,1715943891.6722512,0.0,0.0,0.0,1715943891.6522286,0.009672900228072157,-0.00506661449519652,0.06516268965615521,1715943892.182303,0.010428030932148932,0.010341659694212746,0.0068512439646627,1715943892.13236,0.015579527180945268,0.016396019242358673,0.003392325742014056,1715943892.112286,-0.001561049905881795,-0.012599933537556174,-1.4182868860497946
1715943891.612275,0.0,0.0,0.0,1715943891.6822686,0.0,0.0,0.0,1715943891.66226,0.008043768949610328,-0.006021764510431904,0.06674456595393453,1715943892.2023067,0.0018060099836591328,0.016599747374621554,0.008048742804632802,1715943892.1522868,0.019406481155843296,0.01430017201732392,0.014077790357509248,1715943892.1223464,0.00015616097929216366,-0.011355275984169522,-1.4204305648613929
1715943891.6222076,0.0,0.0,0.0,1715943891.6923747,0.0,0.0,0.0,1715943891.6722512,0.00902544685313908,-0.008025606785743156,0.06835920735546015,1715943892.2523067,9.498638900338509e-05,0.005601765104408907,0.01341579417337517,1715943892.1723692,0.019905066537845028,0.007024735601803389,0.00740702089554298,1715943892.13236,1.4411269501302115e-05,-0.009649896822480297,-1.4226181595430862
1715943891.6322465,0.0,0.0,0.0,1715943891.7022438,0.0,0.0,0.0,1715943891.6822686,0.01082764740728501,-0.00952094839925266,0.07002529257479242,1715943892.2623255,0.0035692492330126114,0.0005823623845380155,0.00961115704700118,1715943892.182303,0.010428030932148932,0.010341659694212746,0.0068512439646627,1715943892.1522868,0.0037959781124770053,-0.01302123990215387,-1.4269385239013772
1715943891.642429,0.0,0.0,0.0,1715943891.7123044,0.0,0.0,0.0,1715943891.6923747,0.01308590991503501,-0.008445282134543541,0.07186000326490424,1715943892.2724087,0.006489164812583783,0.004722872983065063,0.018760692757249838,1715943892.2023067,0.0018060099836591328,0.016599747374621554,0.008048742804632802,1715943892.1723692,0.0017577481611730228,-0.016133409990007452,-1.4308839716655122
1715943891.6522286,0.0,0.0,0.0,1715943891.722309,0.0,0.0,0.0,1715943891.7022438,0.013325982673273593,-0.006457876009662966,0.07372680657659504,1715943892.2822893,0.0033065980147281137,0.013449999731964146,0.004039685659745544,1715943892.2523067,9.498638900338509e-05,0.005601765104408907,0.01341579417337517,1715943892.182303,0.004202888309604802,-0.015564612283723411,-1.4328192617436164
1715943891.66226,0.0,0.0,0.0,1715943891.7323434,0.0,0.0,0.0,1715943891.7123044,0.012088247496445458,-0.005202309661048954,0.0757105140193611,1715943892.292337,0.004883772252283026,0.006795290830776679,0.015023372307139314,1715943892.2623255,0.0035692492330126114,0.0005823623845380155,0.00961115704700118,1715943892.2023067,0.0005282639976407211,-0.015479772423004468,-1.4367046232149354
1715943891.6722512,0.0,0.0,0.0,1715943891.7424974,0.0,0.0,0.0,1715943891.722309,0.014079566996117947,-0.004586001248498395,0.07764763265153674,1715943892.3023531,0.007969371383781305,0.004715833237530331,0.016366338341133425,1715943892.2724087,0.006489164812583783,0.004722872983065063,0.018760692757249838,1715943892.2523067,9.152638124243495e-05,-0.017225172627157725,-1.4473184300851418
1715943891.6822686,0.0,0.0,0.0,1715943891.7924452,0.0,0.0,0.0,1715943891.7323434,0.01611775687749397,-0.0036191394740519023,0.07957039974557475,1715943892.3123703,0.013492601010182629,0.010433179131725812,0.012294668117767481,1715943892.2822893,0.0033065980147281137,0.013449999731964146,0.004039685659745544,1715943892.2623255,-0.001711799261424396,-0.017835772446162412,-1.449447278458318
1715943891.6923747,0.0,0.0,0.0,1715943891.8023107,0.0,0.0,0.0,1715943891.7424974,0.017026012387095217,-0.0020504699220451617,0.08148753149232929,1715943892.322476,0.015982615579953757,0.014306041031312944,0.00599334403230952,1715943892.292337,0.004883772252283026,0.006795290830776679,0.015023372307139314,1715943892.2724087,-0.0031386132609561024,-0.018752756789424785,-1.451650710651153
1715943891.7022438,0.0,0.0,0.0,1715943891.8123105,0.0,0.0,0.0,1715943891.7924452,0.024023188928740294,-0.005193380943215864,0.09051731475042717,1715943892.3323247,0.006546264478401351,0.011656993274415495,0.012118359405773846,1715943892.3023531,0.007969371383781305,0.004715833237530331,0.016366338341133425,1715943892.2822893,-0.0015696932413278297,-0.020418222256794127,-1.4538885324940267
1715943891.7123044,0.0,0.0,0.0,1715943891.8222334,0.0,0.0,0.0,1715943891.8023107,0.022736541925258112,-0.007371002921362058,0.09220632127792106,1715943892.3423083,0.013765406448131897,0.014080440991011578,0.008362536051404558,1715943892.3123703,0.013492601010182629,0.010433179131725812,0.012294668117767481,1715943892.292337,0.00019515268088055038,-0.02152183014484854,-1.4561147920148994
1715943891.722309,0.0,0.0,0.0,1715943891.8322694,0.0,0.0,0.0,1715943891.8123105,0.02036393478299281,-0.0089732555522688,0.09406676127107395,1715943892.352331,0.019162203501174004,0.013727960067154932,0.00032996990873030915,1715943892.322476,0.015982615579953757,0.014306041031312944,0.00599334403230952,1715943892.3023531,-0.0012614684651985897,-0.02027825534466987,-1.4582597007245992
1715943891.7323434,0.0,0.0,0.0,1715943891.8424153,0.0,0.0,0.0,1715943891.8222334,0.01989107230879992,-0.011283493342936657,0.09599845332112339,1715943892.3724446,0.002583190803966735,0.01038971769654129,0.0028574180367042148,1715943892.3323247,0.006546264478401351,0.011656993274415495,0.012118359405773846,1715943892.3123703,-0.0030629176029011163,-0.019383941722425746,-1.4602466454900425
1715943891.7424974,0.0,0.0,0.0,1715943891.8522496,0.0,0.0,0.0,1715943891.8322694,0.019356402870288607,-0.013488244513806924,0.09806821905155264,1715943892.4823089,0.0037929796637405705,0.010308031003956053,0.00505761163178818,1715943892.3423083,0.013765406448131897,0.014080440991011578,0.008362536051404558,1715943892.322476,-0.004645938299949748,-0.018781788201898575,-1.4622155342886414
1715943891.7924452,0.0,0.0,0.0,1715943891.862285,0.0,0.0,0.0,1715943891.8424153,0.018008384964463955,-0.015317814296436305,0.1001547635829492,1715943892.4923341,0.018699507503173063,0.0027734275542037334,0.0031530696636341126,1715943892.352331,0.019162203501174004,0.013727960067154932,0.00032996990873030915,1715943892.3323247,-0.0031000812612189677,-0.01738548821954078,-1.464106950896631
1715943891.8023107,0.0,0.0,0.0,1715943891.8722415,0.0,0.0,0.0,1715943891.8522496,0.018839132507443505,-0.017185782911431247,0.1022108615149393,1715943892.522369,0.0005473150076556067,0.005614960494329635,0.019549554091743866,1715943892.3724446,0.002583190803966735,0.01038971769654129,0.0028574180367042148,1715943892.3423083,-0.0010614716720556139,-0.01688064395494182,-1.4661535098585556
1715943891.8123105,0.0,0.0,0.0,1715943891.8822613,0.0,0.0,0.0,1715943891.862285,0.01787348318141071,-0.018553880720241445,0.10438496153756835,1715943892.542349,0.013045183707354356,0.015122505630383865,0.01836521038510893,1715943892.4823089,0.0037929796637405705,0.010308031003956053,0.00505761163178818,1715943892.3724446,-0.004636628087210326,-0.014618839295497565,-1.4724114997892155
1715943891.8222334,0.0,0.0,0.0,1715943891.8930545,0.0,0.0,0.0,1715943891.8722415,0.016304963460585728,-0.019478568481726466,0.1065091271473908,1715943892.5524116,0.01704976495678274,0.013325523092013958,0.01922570777656657,1715943892.4923341,0.018699507503173063,0.0027734275542037334,0.0031530696636341126,1715943892.4823089,-0.006162088711736402,-0.008516811081931808,-1.4950301167301623
1715943891.8322694,0.0,0.0,0.0,1715943891.9022694,0.0,0.0,0.0,1715943891.8822613,0.01791992594825468,-0.020057115173477635,0.10849027778037629,1715943892.5623472,0.011822861359142608,0.010824202789497361,0.01889412725708081,1715943892.522369,0.0005473150076556067,0.005614960494329635,0.019549554091743866,1715943892.4923341,-0.007996713451999149,-0.008614413870816406,-1.4971854117319534
1715943891.8424153,0.0,0.0,0.0,1715943891.9122946,0.0,0.0,0.0,1715943891.8930545,0.020126100432731747,-0.019724565418097306,0.11056245000943232,1715943892.5825944,0.013907182404041544,0.005525251779784801,0.017783269527115692,1715943892.542349,0.013045183707354356,0.015122505630383865,0.01836521038510893,1715943892.522369,-0.0009341106457516624,-0.007398983935921644,-1.504731544844308
1715943891.8522496,0.0,0.0,0.0,1715943891.9222808,0.0,0.0,0.0,1715943891.9022694,0.02213687094363155,-0.0189733565299941,0.11235423250354247,1715943892.5924096,0.007202258803902959,0.010432959064429648,0.0025518338401209176,1715943892.5524116,0.01704976495678274,0.013325523092013958,0.01922570777656657,1715943892.542349,-0.0036000590614611028,-0.010210483762985723,-1.5095147960526312
1715943891.862285,0.0,0.0,0.0,1715943891.932275,0.0,0.0,0.0,1715943891.9122946,0.020213636367282725,-0.017688996599164897,0.11438168088520852,1715943892.6024215,0.015456490845757323,0.01641222767978867,0.01469191396026136,1715943892.5623472,0.011822861359142608,0.010824202789497361,0.01889412725708081,1715943892.5524116,-0.0046050585010601885,-0.010490171221841704,-1.5119223531749082
1715943891.8722415,0.0,0.0,0.0,1715943891.9424162,0.0,0.0,0.0,1715943891.9222808,0.021683659593314357,-0.016492619002967945,0.11634249318224762,1715943892.612504,0.0008333002386151873,0.007782040115551059,0.0018632451909216395,1715943892.5825944,0.013907182404041544,0.005525251779784801,0.017783269527115692,1715943892.5623472,-0.002104306492506147,-0.01079267078734869,-1.5142379356464204
1715943891.8822613,0.0,0.0,0.0,1715943891.952285,0.0,0.0,0.0,1715943891.932275,0.023263728427293504,-0.01530181864670932,0.11826724556059524,1715943892.6224482,0.007986557526622008,0.01339578389078322,0.004892954277896482,1715943892.5924096,0.007202258803902959,0.010432959064429648,0.0025518338401209176,1715943892.5825944,-0.00021445823710530831,-0.01347225591934409,-1.5188508809776664
1715943891.8930545,0.0,0.0,0.0,1715943891.9623103,0.0,0.0,0.0,1715943891.9424162,0.02237887134439876,-0.01364167684136497,0.1203132367913804,1715943892.6324692,0.006332766810398787,0.006337329983834961,0.01941297499929704,1715943892.6024215,0.015456490845757323,0.01641222767978867,0.01469191396026136,1715943892.5924096,0.0024888168832886137,-0.012986339170766747,-1.5211252703890707
1715943891.9022694,0.0,0.0,0.0,1715943891.97229,0.0,0.0,0.0,1715943891.952285,0.021363150919595085,-0.012170121211272589,0.12223584934043569,1715943892.6423874,0.011568100441794071,0.00979854796708457,0.004684310310454968,1715943892.612504,0.0008333002386151873,0.007782040115551059,0.0018632451909216395,1715943892.6024215,0.0008400820665213082,-0.013516832615214414,-1.5233960646929745
1715943891.9122946,0.0,0.0,0.0,1715943891.98231,0.0,0.0,0.0,1715943891.9623103,0.019553921332603454,-0.011520625799624984,0.1241221657062628,1715943892.6523895,0.003534716196819594,0.011203503446133745,0.01253664275456256,1715943892.6224482,0.007986557526622008,0.01339578389078322,0.004892954277896482,1715943892.612504,-0.0006180767432848455,-0.01410036007103388,-1.5255632046279795
1715943891.9222808,0.0,0.0,0.0,1715943891.9923027,0.0,0.0,0.0,1715943891.97229,0.01969898841165864,-0.013494484554020802,0.1260100936868982,1715943892.662345,0.013567475787028363,0.009966248086490603,0.012610748954712892,1715943892.6324692,0.006332766810398787,0.006337329983834961,0.01941297499929704,1715943892.6224482,-0.0007941687286909804,-0.012759609299639818,-1.527819951766796
1715943891.932275,0.0,0.0,0.0,1715943892.0022676,0.0,0.0,0.0,1715943891.98231,0.02116459904494069,-0.014261937454870477,0.12786168726682198,1715943892.7823534,0.0013238027812459583,0.017108761161723995,0.0085482645933764,1715943892.6423874,0.011568100441794071,0.00979854796708457,0.004684310310454968,1715943892.6324692,-0.0007344634668848826,-0.011417491319980266,-1.5301841161462217
1715943891.9424162,0.0,0.0,0.0,1715943892.0123127,0.0,0.0,0.0,1715943891.9923027,0.020055194628417927,-0.01559588796977196,0.12973233249137173,1715943892.8023217,0.002164970505905508,0.0153861843348444,0.015375989327405491,1715943892.6523895,0.003534716196819594,0.011203503446133745,0.01253664275456256,1715943892.6423874,-0.0013638017415811277,-0.010106095692576478,-1.532519200549987
1715943891.952285,0.0,0.0,0.0,1715943892.0222657,0.0,0.0,0.0,1715943892.0022676,0.01798589131883086,-0.015200730769095339,0.13158827913687432,1715943892.8124554,0.0022077359973230134,0.01723011526022522,0.0027983020594750598,1715943892.662345,0.013567475787028363,0.009966248086490603,0.012610748954712892,1715943892.6523895,-0.0032863487883822984,-0.010505161379805061,-1.5348443296254608
1715943891.9623103,0.0,0.0,0.0,1715943892.0322704,0.0,0.0,0.0,1715943892.0123127,0.015533215515575204,-0.015333838920152276,0.1335548784643198,1715943892.8224978,0.0029506295232043485,0.0077979800739351735,0.014032658533757444,1715943892.7823534,0.0013238027812459583,0.017108761161723995,0.0085482645933764,1715943892.662345,-0.0048359439134531,-0.011785228330657871,-1.5371465214395927
1715943891.97229,0.0,0.0,0.0,1715943892.0423033,0.0,0.0,0.0,1715943892.0222657,0.017434703835705487,-0.015068385855953936,0.13541040664128756,1715943892.8324573,0.011387446774842522,0.011657003016324774,0.0012365990191987317,1715943892.8023217,0.002164970505905508,0.0153861843348444,0.015375989327405491,1715943892.7823534,0.0005551446742506627,-0.01368325803834436,-1.5675603831574545
1715943891.98231,0.0,0.0,0.0,1715943892.0522728,0.0,0.0,0.0,1715943892.0322704,0.016367358583276523,-0.013330806301406817,0.1372889481269668,1715943892.8523512,0.01724932733453418,0.014839915766835743,0.015187146121398806,1715943892.8124554,0.0022077359973230134,0.01723011526022522,0.0027983020594750598,1715943892.8023217,-0.002001136950296356,-0.014037924280585257,-1.5723752339396775
1715943891.9923027,0.0,0.0,0.0,1715943892.0622861,0.0,0.0,0.0,1715943892.0423033,0.014404924842839943,-0.011780942529366234,0.13920037662677884,1715943892.8623817,0.012649584458798591,0.01955378225998672,0.0009153456931770831,1715943892.8224978,0.0029506295232043485,0.0077979800739351735,0.014032658533757444,1715943892.8124554,0.0003879342720369827,-0.014647891650397149,-1.5749311090018345
1715943892.0022676,0.0,0.0,0.0,1715943892.0723464,0.0,0.0,0.0,1715943892.0522728,0.014375889413336937,-0.009554597748614668,0.14112200241297268,1715943892.8724594,0.012414802547539459,0.011723049075106795,0.012965670819888564,1715943892.8324573,0.011387446774842522,0.011657003016324774,0.0012365990191987317,1715943892.8224978,-0.0022822628019998348,-0.015380699477989923,-1.577424738118002
1715943892.0123127,0.0,0.0,0.0,1715943892.08236,0.0,0.0,0.0,1715943892.0622861,0.015170732204131385,-0.007518776732396759,0.14310626365210394,1715943892.8823571,0.004003711823686592,0.003370012269551026,0.01412747914913054,1715943892.8523512,0.01724932733453418,0.014839915766835743,0.015187146121398806,1715943892.8324573,-0.003061043925578044,-0.016319878380837594,-1.580001322135125
1715943892.0222657,0.0,0.0,0.0,1715943892.0923133,0.0,0.0,0.0,1715943892.0723464,0.013775391843355536,-0.006374595226204427,0.14512673961166495,1715943892.8924065,0.01752617645950389,0.010297283455815265,0.01179973337539582,1715943892.8623817,0.012649584458798591,0.01955378225998672,0.0009153456931770831,1715943892.8523512,-0.007978080004774846,-0.018825292587093312,-1.585246733391923
1715943892.0322704,0.0,0.0,0.0,1715943892.1022868,0.0,0.0,0.0,1715943892.08236,0.012580576878061425,-0.004767133140300306,0.14719329124009972,1715943892.9023354,0.008554503007657515,0.009437367334726332,0.005586914118086229,1715943892.8724594,0.012414802547539459,0.011723049075106795,0.012965670819888564,1715943892.8623817,-0.009018696605548548,-0.02041956897857644,-1.5876708091155889
1715943892.0423033,0.0,0.0,0.0,1715943892.1123166,0.0,0.0,0.0,1715943892.0923133,0.01467825690515491,-0.004232179420010862,0.14921800266415847,1715943892.912362,0.007527354555614576,0.014295646597725531,0.017395495708652287,1715943892.8823571,0.004003711823686592,0.003370012269551026,0.01412747914913054,1715943892.8724594,-0.0068099191974502205,-0.021655361403513762,-1.5902601654574475
1715943892.0522728,0.0,0.0,0.0,1715943892.1223693,0.0,0.0,0.0,1715943892.1022868,0.013626704570343873,-0.00579254828911524,0.15122369837436433,1715943892.9224129,0.003219814304918779,0.011552747104099037,0.005354566732432916,1715943892.8924065,0.01752617645950389,0.010297283455815265,0.01179973337539582,1715943892.8823571,-0.005593048057467076,-0.023243340897225684,-1.5929193267802866
1715943892.0622861,0.0,0.0,0.0,1715943892.132303,0.0,0.0,0.0,1715943892.1123166,0.01348406190564902,-0.007837874344106766,0.15324875634684612,1715943892.9324298,0.01039971912597343,0.015212483649310382,0.01616346258948445,1715943892.9023354,0.008554503007657515,0.009437367334726332,0.005586914118086229,1715943892.8924065,-0.007293809611891522,-0.02448905531462109,-1.5954229453568836
1715943892.0723464,0.0,0.0,0.0,1715943892.1423988,0.0,0.0,0.0,1715943892.1223693,0.014471139299895575,-0.009586566076343228,0.15510362452495696,1715943892.9423876,0.009430767475062378,0.002614968776887938,0.0005579293098677881,1715943892.912362,0.007527354555614576,0.014295646597725531,0.017395495708652287,1715943892.9023354,-0.007858737155591378,-0.025726906130896232,-1.597907506348749
1715943892.08236,0.0,0.0,0.0,1715943892.1523068,0.0,0.0,0.0,1715943892.132303,0.012849446955828944,-0.00935883938678228,0.1570011028187337,1715943892.95243,0.008532186174781428,0.001227550315436421,0.01031943224916077,1715943892.9224129,0.003219814304918779,0.011552747104099037,0.005354566732432916,1715943892.912362,-0.005877472667028982,-0.02661323121376813,-1.60043811400703
1715943892.0923133,0.0,0.0,0.0,1715943892.2023067,0.0,0.0,0.0,1715943892.1423988,0.011169281250920648,-0.010450503605892614,0.15890775287318062,1715943892.9623768,0.01755161811752261,0.010109742456313908,0.012775683298574262,1715943892.9324298,0.01039971912597343,0.015212483649310382,0.01616346258948445,1715943892.9224129,-0.004134473542178441,-0.025938828023206018,-1.602956933523405
1715943892.1022868,0.0,0.0,0.0,1715943892.2123256,0.0,0.0,0.0,1715943892.1523068,0.01315371578896346,-0.010519790578303656,0.16072746208791502,1715943892.9724486,0.009007242137079834,0.015795679533848084,0.0020753824650283094,1715943892.9423876,0.009430767475062378,0.002614968776887938,0.0005579293098677881,1715943892.9324298,-0.0059873178990543785,-0.025930654692562616,-1.6054566572106488
1715943892.1123166,0.0,0.0,0.0,1715943892.2224088,0.0,0.0,0.0,1715943892.2023067,0.011494450909741785,-0.012357902891619865,0.17066181752035864,1715943893.3524008,0.019682098788840308,0.012558483490470618,0.00749081717178545,1715943892.95243,0.008532186174781428,0.001227550315436421,0.01031943224916077,1715943892.9423876,-0.007422404891181067,-0.02476849041985485,-1.6080912015716287
1715943892.1223693,0.0,0.0,0.0,1715943892.232289,0.0,0.0,0.0,1715943892.2123256,0.013439561245356405,-0.012970145754793716,0.17274507192039557,1715943893.3625228,0.005130396631508561,0.0024096106683917373,0.016538962770311076,1715943892.9623768,0.01755161811752261,0.010109742456313908,0.012775683298574262,1715943892.95243,-0.008708552039362605,-0.02306451198718773,-1.6106707306513517
1715943892.132303,0.0,0.0,0.0,1715943892.242337,0.0,0.0,0.0,1715943892.2224088,0.01565204619920528,-0.014002158374309959,0.1748585646778369,1715943893.3724508,0.0021434968016462268,0.019577033191108706,0.01247911028843187,1715943892.9724486,0.009007242137079834,0.015795679533848084,0.0020753824650283094,1715943892.9623768,-0.009404263324614526,-0.021327123367988143,-1.6134130619249234
1715943892.1423988,0.0,0.0,0.0,1715943892.252353,0.0,0.0,0.0,1715943892.232289,0.014741395320556405,-0.015540120914043776,0.17698058128188715,1715943893.3825006,0.013017113026110541,0.011776230179765701,0.013168432957753724,1715943893.3524008,0.019682098788840308,0.012558483490470618,0.00749081717178545,1715943892.9724486,-0.008370125774232129,-0.019811552049023184,-1.6164756635138229
1715943892.1523068,0.0,0.0,0.0,1715943892.2623703,0.0,0.0,0.0,1715943892.242337,0.013204625864152594,-0.016478076893927662,0.17911410776642128,1715943893.39265,0.0046975135507417495,0.01727625499750096,0.0004512846802326299,1715943893.3625228,0.005130396631508561,0.0024096106683917373,0.016538962770311076,1715943893.3524008,0.004305175958067675,-0.007896378751430344,-1.7326568038963082
1715943892.2023067,0.0,0.0,0.0,1715943892.272476,0.0,0.0,0.0,1715943892.252353,0.015196138937625767,-0.016046090629388887,0.18121814262452302,1715943893.402442,0.0148038604618826,0.0026746665624053367,0.0035554661005409447,1715943893.3724508,0.0021434968016462268,0.019577033191108706,0.01247911028843187,1715943893.3625228,0.003947261037930527,-0.006525668205356716,-1.7356931939999374
1715943892.2123256,0.0,0.0,0.0,1715943892.2823246,0.0,0.0,0.0,1715943892.2623703,0.017000197700447625,-0.015104697345925677,0.1831584547848582,1715943893.4125066,0.00265491799850333,0.01669895415057776,0.016329948369863907,1715943893.3825006,0.013017113026110541,0.011776230179765701,0.013168432957753724,1715943893.3724508,0.005632705410640426,-0.005751270035171396,-1.7386536426625412
1715943892.2224088,0.0,0.0,0.0,1715943892.2923083,0.0,0.0,0.0,1715943892.272476,0.019044394562240274,-0.014607595827163644,0.18498309517483763,1715943893.4224265,0.0006783106650564033,0.0024386724722142983,0.004683190706370473,1715943893.39265,0.0046975135507417495,0.01727625499750096,0.0004512846802326299,1715943893.3825006,0.004983501377754163,-0.005385831543273545,-1.741701993304991
1715943892.232289,0.0,0.0,0.0,1715943892.3023307,0.0,0.0,0.0,1715943892.2823246,0.01786252783968692,-0.013335799173153973,0.18677445634348852,1715943893.4325235,0.01853818789982018,0.017125113366367017,0.009356860638584884,1715943893.402442,0.0148038604618826,0.0026746665624053367,0.0035554661005409447,1715943893.39265,0.007651075281629005,-0.00696080913957009,-1.7447634945208836
1715943892.242337,0.0,0.0,0.0,1715943892.3224447,0.0,0.0,0.0,1715943892.2923083,0.01603444236870126,-0.012799538323377213,0.1887060690582737,1715943893.4425533,0.0024909890197783516,0.007752126398189452,0.008048942572887234,1715943893.4125066,0.00265491799850333,0.01669895415057776,0.016329948369863907,1715943893.402442,0.007754078253897845,-0.009480209348257329,-1.7479051098393033
1715943892.252353,0.0,0.0,0.0,1715943892.452315,0.0,0.0,0.0,1715943892.3023307,0.016112342934455195,-0.011229971866633104,0.19063191674223562,1715943893.4624243,0.011202745511826987,0.013925360967801392,0.003245333286379162,1715943893.4224265,0.0006783106650564033,0.0024386724722142983,0.004683190706370473,1715943893.4125066,0.006468337032765614,-0.010295970857191472,-1.7509548017821075
1715943892.2623703,0.0,0.0,0.0,1715943892.462312,0.0,0.0,0.0,1715943892.3224447,0.02031584464391467,-0.010224755303961386,0.19468920686074057,1715943893.4723907,0.015519939210892002,0.01592186404006446,0.006324967409581796,1715943893.4325235,0.01853818789982018,0.017125113366367017,0.009356860638584884,1715943893.4224265,0.009720450833683003,-0.010517600934076832,-1.7541859831943505
1715943892.272476,0.0,0.0,0.0,1715943892.482382,0.0,0.0,0.0,1715943892.452315,0.021690914469555136,-0.005124616215730571,0.21996771333432624,1715943893.482418,0.013164711560761492,0.015094677395909972,0.017250235241390573,1715943893.4425533,0.0024909890197783516,0.007752126398189452,0.008048942572887234,1715943893.4325235,0.012492616036166915,-0.010640075400147664,-1.7574376416457191
1715943892.2823246,0.0,0.0,0.0,1715943892.4923491,0.0,0.0,0.0,1715943892.462312,0.020255679348996913,-0.004612460822901232,0.22226891077739386,1715943893.4924636,0.006451454185946417,0.016571054060497525,0.001561224548339632,1715943893.4624243,0.011202745511826987,0.013925360967801392,0.003245333286379162,1715943893.4425533,0.010924123281538023,-0.010387906884115505,-1.7606432218960482
1715943892.2923083,0.0,0.0,0.0,1715943892.5024116,0.0,0.0,0.0,1715943892.482382,0.017073814230487996,-0.005061901867146945,0.22694056907821686,1715943893.832493,0.006546830234037911,0.016464776289299765,0.01895693281606306,1715943893.4723907,0.015519939210892002,0.01592186404006446,0.006324967409581796,1715943893.4624243,0.015548783366766905,-0.007621906908944931,-1.7668231261524854
1715943892.3023307,0.0,0.0,0.0,1715943892.5123472,0.0,0.0,0.0,1715943892.4923491,0.018950017162741972,-0.006589249065124703,0.22926482864084394,1715943893.8425317,0.011581656337652204,0.013457529870465557,0.008161004697839737,1715943893.482418,0.013164711560761492,0.015094677395909972,0.017250235241390573,1715943893.4723907,0.014736847221239024,-0.006557520632066938,-1.7698557977604246
1715943892.3224447,0.0,0.0,0.0,1715943892.5325944,0.0,0.0,0.0,1715943892.5024116,0.02176536437191727,-0.006843639172669613,0.23150976567444181,1715943893.8824627,0.007672134057487745,0.01620467864299946,0.01152979726330412,1715943893.4924636,0.006451454185946417,0.016571054060497525,0.001561224548339632,1715943893.482418,0.01312367610610421,-0.006887125000612393,-1.7728429307489932
1715943892.452315,0.0,0.0,0.0,1715943892.5424097,0.0,0.0,0.0,1715943892.5123472,0.02018866098230873,-0.007406186186216468,0.23367759260712043,1715943893.8924673,0.008145023711986733,0.015316108989839261,0.004003860054210936,1715943893.832493,0.006546830234037911,0.016464776289299765,0.01895693281606306,1715943893.4924636,0.011644122455605643,-0.0073113453171271825,-1.7757333075083626
1715943892.462312,0.0,0.0,0.0,1715943892.5524213,0.0,0.0,0.0,1715943892.5325944,0.01962068593823456,-0.010391747614010072,0.23805053029821072,1715943893.9224434,0.005101735630395751,0.0027316848709919572,0.008544096179715917,1715943893.8425317,0.011581656337652204,0.013457529870465557,0.008161004697839737,1715943893.832493,-0.007359233431033285,-0.005609797766333191,-1.8793652581157723
1715943892.482382,0.0,0.0,0.0,1715943892.562504,0.0,0.0,0.0,1715943892.5424097,0.018414367475048557,-0.010576666700175208,0.24019701526343212,1715943893.9324806,0.0007426030850521395,0.0019076229201298034,0.00878372923454469,1715943893.8824627,0.007672134057487745,0.01620467864299946,0.01152979726330412,1715943893.8425317,-0.009676003730137772,-0.006410944686815467,-1.882284984191811
1715943892.4923491,0.0,0.0,0.0,1715943892.572448,0.0,0.0,0.0,1715943892.5524213,0.020581040595204617,-0.011206777512640098,0.24230036211331074,1715943893.942492,0.01610656799784795,0.013222160574547726,0.0098526031756137,1715943893.8924673,0.008145023711986733,0.015316108989839261,0.004003860054210936,1715943893.8824627,-0.0043165729821303955,-0.011287151207904023,-1.894438737315217
1715943892.5024116,0.0,0.0,0.0,1715943892.5824692,0.0,0.0,0.0,1715943892.562504,0.02303338984638724,-0.01173097406816992,0.24438360188405478,1715943893.9524477,0.01948905624285096,0.008235159354116783,0.015075625513470714,1715943893.9224434,0.005101735630395751,0.0027316848709919572,0.008544096179715917,1715943893.8924673,-0.005934117117873061,-0.012501668783150954,-1.8973889210608927
1715943892.5123472,0.0,0.0,0.0,1715943892.5923874,0.0,0.0,0.0,1715943892.572448,0.022896516390118207,-0.010319333084599425,0.24652091797329045,1715943893.9625127,0.01867111742073877,0.014741977795421635,0.017182824968358143,1715943893.9324806,0.0007426030850521395,0.0019076229201298034,0.00878372923454469,1715943893.9224434,-0.0020297482155227087,-0.011504626334856605,-1.9059028836770109
1715943892.5325944,0.0,0.0,0.0,1715943892.6023896,0.0,0.0,0.0,1715943892.5824692,0.02330068727811757,-0.008792378936461231,0.2486887008692235,1715943893.9724748,0.01811104732629538,0.01695992072254593,0.015211864212816718,1715943893.942492,0.01610656799784795,0.013222160574547726,0.0098526031756137,1715943893.9324806,-0.004130486217871265,-0.012864228637536224,-1.9087136055266223
1715943892.5424097,0.0,0.0,0.0,1715943892.612345,0.0,0.0,0.0,1715943892.5923874,0.0236607659607089,-0.007306997938950399,0.25088141081668813,1715943893.98248,0.012149531288633471,0.015025820615152341,0.009881395347535205,1715943893.9524477,0.01948905624285096,0.008235159354116783,0.015075625513470714,1715943893.942492,-0.006249685819258666,-0.013406474018196057,-1.9115660773116598
1715943892.5524213,0.0,0.0,0.0,1715943892.7423928,0.0,0.0,0.0,1715943892.6023896,0.025500895141459465,-0.0075945369946741614,0.2530735847148336,1715943893.9925117,4.060165503965568e-05,0.003443426107903047,0.005417495323832514,1715943893.9625127,0.01867111742073877,0.014741977795421635,0.017182824968358143,1715943893.9524477,-0.006282614414003351,-0.015430900794192404,-1.9143383028002088
1715943892.562504,0.0,0.0,0.0,1715943892.7624555,0.0,0.0,0.0,1715943892.612345,0.02747411745101902,-0.008962614359599774,0.2552719504879234,1715943894.0024464,0.014088517235268867,0.012114996608700856,0.012784753352846021,1715943893.9724748,0.01811104732629538,0.01695992072254593,0.015211864212816718,1715943893.9625127,-0.004639018110474069,-0.016355872659716386,-1.9173555108619462
1715943892.572448,0.0,0.0,0.0,1715943892.7724977,0.0,0.0,0.0,1715943892.7423928,0.02447650578969804,-0.01041715948367039,0.28635756400131973,1715943894.0125403,0.0077244227100826774,0.005320792221203963,0.005224635991569466,1715943893.98248,0.012149531288633471,0.015025820615152341,0.009881395347535205,1715943893.9724748,-0.007156082170847622,-0.017451671377719746,-1.9205079555202627
1715943892.5824692,0.0,0.0,0.0,1715943892.7824574,0.0,0.0,0.0,1715943892.7624555,0.025671855156002427,-0.011167178609590822,0.29111317120762215,1715943894.022514,0.006921093727387197,0.0054534995892152605,0.013050262556960643,1715943893.9925117,4.060165503965568e-05,0.003443426107903047,0.005417495323832514,1715943893.98248,-0.007995293981042373,-0.01872502470665216,-1.9236528772355221
1715943892.5923874,0.0,0.0,0.0,1715943892.7923698,0.0,0.0,0.0,1715943892.7724977,0.026645424592026956,-0.01207069518158499,0.2935669729851514,1715943894.0324926,0.002843451442861646,0.015949226867860045,0.011506443318370637,1715943894.0024464,0.014088517235268867,0.012114996608700856,0.012784753352846021,1715943893.9925117,-0.006600413171792496,-0.02043603215461709,-1.9269009944291007
1715943892.6023896,0.0,0.0,0.0,1715943892.8023512,0.0,0.0,0.0,1715943892.7824574,0.029359710807009748,-0.013178770356184977,0.29597984159882607,1715943894.0424874,0.005481223976910649,0.010217010581560881,0.010067779042114686,1715943894.0125403,0.0077244227100826774,0.005320792221203963,0.005224635991569466,1715943894.0024464,-0.008790248213170315,-0.021795730916453593,-1.9302834465417256
1715943892.612345,0.0,0.0,0.0,1715943892.8123817,0.0,0.0,0.0,1715943892.7923698,0.027834320531545775,-0.014106352900777441,0.29834930846317814,1715943894.0525222,0.016537876693003595,0.0095822856804062,0.005871526432486393,1715943894.022514,0.006921093727387197,0.0054534995892152605,0.013050262556960643,1715943894.0125403,-0.010483316539516174,-0.022503125520333844,-1.933573810530521
1715943892.7423928,0.0,0.0,0.0,1715943892.8224592,0.0,0.0,0.0,1715943892.8023512,0.028340841102834108,-0.01578756462735087,0.300762269808033,1715943894.0624917,0.01499706364896487,0.012898969798650572,0.004224118386303713,1715943894.0324926,0.002843451442861646,0.015949226867860045,0.011506443318370637,1715943894.022514,-0.008382188066075269,-0.02359005564493688,-1.936812136234698
1715943892.7624555,0.0,0.0,0.0,1715943892.8323572,0.0,0.0,0.0,1715943892.8123817,0.03005052117517415,-0.01744463990732803,0.3031094647868471,1715943894.0724726,0.00043437021408966863,0.0029059677234393178,0.0016681174574591797,1715943894.0424874,0.005481223976910649,0.010217010581560881,0.010067779042114686,1715943894.0324926,-0.0067087890658315,-0.02386378702390246,-1.939983890843088
1715943892.7724977,0.0,0.0,0.0,1715943892.8424065,0.0,0.0,0.0,1715943892.8224592,0.028638333526975562,-0.018591510348396456,0.30553867864718953,1715943894.0824807,0.005526629718875515,0.01250435556516094,0.012734635982057334,1715943894.0525222,0.016537876693003595,0.0095822856804062,0.005871526432486393,1715943894.0424874,-0.008572997175960939,-0.024515656597591695,-1.9429512617837972
1715943892.7824574,0.0,0.0,0.0,1715943892.8523352,0.0,0.0,0.0,1715943892.8323572,0.027121885203776674,-0.020078411338862123,0.3079788498149767,1715943894.0925064,0.0051158236564370985,0.007698276086099076,0.01904258718365474,1715943894.0624917,0.01499706364896487,0.012898969798650572,0.004224118386303713,1715943894.0525222,-0.006016074105399394,-0.02517669334548711,-1.946078083987187
1715943892.7923698,0.0,0.0,0.0,1715943892.862362,0.0,0.0,0.0,1715943892.8424065,0.028083039476206023,-0.02134301770941671,0.3103904440981292,1715943894.1024687,0.019081321921602088,0.0019767003742838796,0.013249880355159813,1715943894.0724726,0.00043437021408966863,0.0029059677234393178,0.0016681174574591797,1715943894.0624917,-0.003774307137462962,-0.025502502580180275,-1.9490504359240166
1715943892.8023512,0.0,0.0,0.0,1715943892.872413,0.0,0.0,0.0,1715943892.8523352,0.029256272398150263,-0.022715497987385147,0.31275151007316293,1715943894.1124966,0.0033938644627314394,0.010945863137656442,0.0035785661310857183,1715943894.0824807,0.005526629718875515,0.01250435556516094,0.012734635982057334,1715943894.0724726,-0.0017855318724935287,-0.024303688364395004,-1.9520767893943436
1715943892.8123817,0.0,0.0,0.0,1715943892.8824296,0.0,0.0,0.0,1715943892.862362,0.027811234160708326,-0.023504672875627852,0.3151616232134611,1715943894.122568,0.01815845994368378,0.007261149457849392,0.011327077621513018,1715943894.0925064,0.0051158236564370985,0.007698276086099076,0.01904258718365474,1715943894.0824807,0.000929281939050508,-0.023393748593852903,-1.955320720651251
1715943892.8224592,0.0,0.0,0.0,1715943892.8923876,0.0,0.0,0.0,1715943892.872413,0.025398222845069346,-0.023208624967722802,0.3176144671766534,1715943894.1325123,0.005040747619436011,0.01894902786671815,0.018626299401850108,1715943894.1024687,0.019081321921602088,0.0019767003742838796,0.013249880355159813,1715943894.0925064,0.0028665570352557346,-0.02169406309255928,-1.9583831644740943
1715943892.8323572,0.0,0.0,0.0,1715943892.90243,0.0,0.0,0.0,1715943892.8824296,0.027197511380640943,-0.02344279917901204,0.3200701004503319,1715943894.1525753,0.0026155114702133444,0.014246427143697282,0.0019479246122560165,1715943894.1124966,0.0033938644627314394,0.010945863137656442,0.0035785661310857183,1715943894.1024687,0.0020771227266971337,-0.020298954278630044,-1.9615082669754047
1715943892.8424065,0.0,0.0,0.0,1715943892.9123769,0.0,0.0,0.0,1715943892.8923876,0.02916939496761925,-0.022278892449089982,0.3226038175584732,1715943894.162516,0.006710922520613643,0.008355222190740808,0.016949299155250248,1715943894.122568,0.01815845994368378,0.007261149457849392,0.011327077621513018,1715943894.1124966,0.0010044944549214563,-0.019763201687549525,-1.9648289802413617
1715943892.8523352,0.0,0.0,0.0,1715943892.9224486,0.0,0.0,0.0,1715943892.90243,0.029942771133228185,-0.02037224697157014,0.3251530743198555,1715943894.17254,0.010820270868689188,0.01807683202551469,0.004525489275442836,1715943894.1325123,0.005040747619436011,0.01894902786671815,0.018626299401850108,1715943894.122568,2.6931968180488042e-05,-0.019582066605295267,-1.9681276071299774
1715943892.862362,0.0,0.0,0.0,1715943893.3024006,0.0,0.0,0.0,1715943892.9123769,0.03009442126862441,-0.018411184391734503,0.3277468984253684,1715943894.182509,0.00045757329632204347,0.019475654687922228,0.014841321767602184,1715943894.1525753,0.0026155114702133444,0.014246427143697282,0.0019479246122560165,1715943894.1325123,0.0013805243267759337,-0.017999279079374375,-1.971394994726647
1715943892.872413,0.0,0.0,0.0,1715943893.312523,0.0,0.0,0.0,1715943892.9224486,0.02824088039696343,-0.017471401562769273,0.3306022413360917,1715943894.192569,0.018288099638319136,0.006380984450498062,0.0044090311180804715,1715943894.162516,0.006710922520613643,0.008355222190740808,0.016949299155250248,1715943894.1525753,-0.001075272657144577,-0.01663982628441185,-1.9780651252941652
1715943892.8824296,0.0,0.0,0.0,1715943893.3224509,0.0,0.0,0.0,1715943893.3024006,0.02376567198434107,-0.006807622671765934,0.4414173184234398,1715943894.202495,0.009309614842599883,0.010144795983566768,0.0065642727712526645,1715943894.17254,0.010820270868689188,0.01807683202551469,0.004525489275442836,1715943894.162516,-0.002086781384008418,-0.017666709192239782,-1.9813356375539355
1715943892.8923876,0.0,0.0,0.0,1715943893.3325007,0.0,0.0,0.0,1715943893.312523,0.02441008198739192,-0.0053295725693784934,0.4443275624358437,1715943894.2126164,0.006690162164180702,0.009238380400099055,0.005021600318231039,1715943894.182509,0.00045757329632204347,0.019475654687922228,0.014841321767602184,1715943894.17254,-0.0017732074266940678,-0.01570241260801697,-1.9845323334390255
1715943892.90243,0.0,0.0,0.0,1715943893.34265,0.0,0.0,0.0,1715943893.3224509,0.023388315046218994,-0.004793438225230151,0.44721100525914026,1715943894.2226017,0.0067748904797979665,0.0006535203592168415,0.00879906174673074,1715943894.192569,0.018288099638319136,0.006380984450498062,0.0044090311180804715,1715943894.182509,-0.0029693679371116666,-0.014400363243320724,-1.98761484680311
1715943892.9123769,0.0,0.0,0.0,1715943893.352442,0.0,0.0,0.0,1715943893.3325007,0.023946564301919465,-0.0036730387244710005,0.4501350333850367,1715943894.2326012,0.00812828939886962,0.013876065250471692,0.0012674828927224952,1715943894.202495,0.009309614842599883,0.010144795983566768,0.0065642727712526645,1715943894.192569,-0.004805057569459592,-0.014333991268657531,-1.9906860226976102
1715943892.9224486,0.0,0.0,0.0,1715943893.3625066,0.0,0.0,0.0,1715943893.34265,0.022555997649632953,-0.004958073356656767,0.45304850619655346,1715943894.3825455,0.004451349085468631,0.01762501126085425,0.016649697388214334,1715943894.2126164,0.006690162164180702,0.009238380400099055,0.005021600318231039,1715943894.202495,-0.0061312394038028906,-0.013545749071773638,-1.9935506491839323
1715943893.3024006,0.0,0.0,0.0,1715943893.3724265,0.0,0.0,0.0,1715943893.352442,0.02137529476957367,-0.006907360586347222,0.4559671877337243,1715943894.4425554,0.01884922546089244,0.01778103774565909,0.01752030762586778,1715943894.2226017,0.0067748904797979665,0.0006535203592168415,0.00879906174673074,1715943894.2126164,-0.0044162853615064,-0.012536595218545887,-1.9966336697437388
1715943893.312523,0.0,0.0,0.0,1715943893.3825233,0.0,0.0,0.0,1715943893.3625066,0.02375894384324037,-0.007934154145925687,0.45890255124936596,1715943894.4724984,0.018084204901568632,0.0132395790998181,0.0162275064656014,1715943894.2326012,0.00812828939886962,0.013876065250471692,0.0012674828927224952,1715943894.2226017,-0.004232877184687123,-0.011007105989063737,-1.9996054736162012
1715943893.3224509,0.0,0.0,0.0,1715943893.3925533,0.0,0.0,0.0,1715943893.3724265,0.022876207312939517,-0.008269069821854602,0.4619824610018949,1715943894.4825234,0.01236612926637626,0.009288596170565544,0.005121929808438128,1715943894.3825455,0.004451349085468631,0.01762501126085425,0.016649697388214334,1715943894.2326012,-0.00403761777854772,-0.009567082669627691,-2.0026488310253905
1715943893.3325007,0.0,0.0,0.0,1715943893.4024262,0.0,0.0,0.0,1715943893.3825233,0.021405323387970382,-0.008477241545778558,0.4651143319655411,1715943894.4925456,0.008671591759488189,0.0007587286026460305,0.011223924931502588,1715943894.4325423,0.008925481970369412,0.01711195272839916,0.007983237395158375,1715943894.3825455,-0.008666485224317011,-0.014056484731042485,-2.04976851514024
1715943893.34265,0.0,0.0,0.0,1715943893.4124243,0.0,0.0,0.0,1715943893.3925533,0.02367347833899472,-0.008041400788328934,0.46816343744344613,1715943894.5025108,0.006420482270095048,0.00415876872331844,0.009341378354119927,1715943894.4724984,0.018084204901568632,0.0132395790998181,0.0162275064656014,1715943894.4425554,-0.01642205621831172,-0.015375896722790827,-2.068579013342413
1715943893.352442,0.0,0.0,0.0,1715943893.4223907,0.0,0.0,0.0,1715943893.4024262,0.023793623241478906,-0.006438873189593686,0.47110170422813613,1715943894.5325797,0.003323527832798908,0.00139579169283377,0.007698355850698136,1715943894.4825234,0.01236612926637626,0.009288596170565544,0.005121929808438128,1715943894.4724984,-0.014466108957133628,-0.01272585365316048,-2.0783632937615417
1715943893.3625066,0.0,0.0,0.0,1715943893.432418,0.0,0.0,0.0,1715943893.4124243,0.023062806770084182,-0.005495200901333597,0.474036553555335,1715943894.62254,0.018131333420248266,0.016487032590636996,0.01910068320776931,1715943894.4925456,0.008671591759488189,0.0007587286026460305,0.011223924931502588,1715943894.4825234,-0.01243648758125282,-0.012579072737211927,-2.0818084502704988
1715943893.3724265,0.0,0.0,0.0,1715943893.4424636,0.0,0.0,0.0,1715943893.4223907,0.023136103360135635,-0.0038760797264130176,0.47694889814758723,1715943894.6325467,0.0020281347748341287,7.868392659493573e-05,0.006693792187884686,1715943894.5025108,0.006420482270095048,0.00415876872331844,0.009341378354119927,1715943894.4925456,-0.015008194686213727,-0.013099938012056667,-2.08522178009577
1715943893.3825233,0.0,0.0,0.0,1715943893.782493,0.0,0.0,0.0,1715943893.432418,0.025503331980470362,-0.004147855308531012,0.4798590905280625,1715943894.6426768,0.008945908837292925,0.009931108176573833,0.011023133492971775,1715943894.5325797,0.003323527832798908,0.00139579169283377,0.007698355850698136,1715943894.5025108,-0.016136197966515997,-0.012577262021469027,-2.0884141180909808
1715943893.3925533,0.0,0.0,0.0,1715943893.7925317,0.0,0.0,0.0,1715943893.4424636,0.02797432783970258,-0.00456771256838695,0.48264908724419675,1715943894.6525767,0.014995799675352129,0.018424048261170167,0.0008255769325736474,1715943894.62254,0.018131333420248266,0.016487032590636996,0.01910068320776931,1715943894.5325797,-0.014248446307555618,-0.011293135956677913,-2.0983187600418987
1715943893.4024262,0.0,0.0,0.0,1715943893.8324625,0.0,0.0,0.0,1715943893.782493,0.04158657678099309,-0.009995650786768007,0.58206518759611,1715943894.6625547,0.009105288037496002,0.016469276998669624,0.002158578276540114,1715943894.6325467,0.0020281347748341287,7.868392659493573e-05,0.006693792187884686,1715943894.62254,-0.0044176068272721025,-0.013423028497235201,-2.1270244823755373
1715943893.4124243,0.0,0.0,0.0,1715943893.8424673,0.0,0.0,0.0,1715943893.7925317,0.04305652203937954,-0.010628431092986945,0.5848356464947788,1715943894.672506,0.014401697474871245,0.01830032127690817,0.011158743194599415,1715943894.6426768,0.008945908837292925,0.009931108176573833,0.011023133492971775,1715943894.6325467,-0.006143174220532455,-0.013102940335467661,-2.1303550583002266
1715943893.4223907,0.0,0.0,0.0,1715943893.8724432,0.0,0.0,0.0,1715943893.8324625,0.0373915567362848,-0.015342893544632918,0.5964495760902137,1715943894.682587,0.015141248196953682,0.010262678355750454,0.01850781856340276,1715943894.6525767,0.014995799675352129,0.018424048261170167,0.0008255769325736474,1715943894.6426768,-0.007694237159352912,-0.012540026209304722,-2.1336345363447293
1715943893.432418,0.0,0.0,0.0,1715943893.8824806,0.0,0.0,0.0,1715943893.8424673,0.03843755541205274,-0.016928545036759335,0.5993351647674374,1715943894.6927035,0.00710097672272113,0.002075022534754778,0.002167994611118359,1715943894.6625547,0.009105288037496002,0.016469276998669624,0.002158578276540114,1715943894.6525767,-0.009529447142033298,-0.012141514408998244,-2.136714576354537
1715943893.4424636,0.0,0.0,0.0,1715943893.892492,0.0,0.0,0.0,1715943893.8724432,0.03705500491015634,-0.015703204240128166,0.6075645440246249,1715943894.7025688,0.010918651038552687,0.008371345856843071,0.007752044429060238,1715943894.672506,0.014401697474871245,0.01830032127690817,0.011158743194599415,1715943894.6625547,-0.011338110413702474,-0.011436367026415706,-2.13994777062943
1715943893.4524088,0.0,0.0,0.0,1715943893.9024477,0.0,0.0,0.0,1715943893.8824806,0.037813188812081344,-0.017604597939207878,0.6101854913742366,1715943894.7125642,0.009637103281921603,0.009081128328267685,0.008800564947242339,1715943894.682587,0.015141248196953682,0.010262678355750454,0.01850781856340276,1715943894.672506,-0.011584056848824797,-0.009902537032533631,-2.143231634028039
1715943893.782493,0.0,0.0,0.0,1715943893.9125128,0.0,0.0,0.0,1715943893.892492,0.039547935448041915,-0.018079632876332186,0.612867419558825,1715943894.7225373,0.003995604734321832,0.016928224357700472,0.007346536633471486,1715943894.6927035,0.00710097672272113,0.002075022534754778,0.002167994611118359,1715943894.682587,-0.010819523031279754,-0.01221936969530768,-2.146619258727714
1715943893.7925317,0.0,0.0,0.0,1715943893.9224749,0.0,0.0,0.0,1715943893.9024477,0.04100383203260677,-0.020464674455637377,0.6155426781164717,1715943278.110413,0.008439563865232971,0.007671694487496605,0.0027276704712401994,1715943894.7025688,0.010918651038552687,0.008371345856843071,0.007752044429060238,1715943894.6927035,-0.011999159976922691,-0.014216718019881114,-2.150007893255218
1715943893.8324625,0.0,0.0,0.0,1715943893.93248,0.0,0.0,0.0,1715943893.9125128,0.038593717810456285,-0.02123501140278261,0.6184340280511929,1715943278.1204545,0.014956936313203632,0.011672607119444622,0.014723480958143671,1715943894.7125642,0.009637103281921603,0.009081128328267685,0.008800564947242339,1715943894.7025688,-0.011463766165755729,-0.016563358512887927,-2.1531932315710973
1715943893.8424673,0.0,0.0,0.0,1715943893.9425116,0.0,0.0,0.0,1715943893.9224749,0.039398185465747304,-0.02246055008866521,0.6213948998931271,1715943278.1303928,0.016012548708415612,0.01827803148982321,0.007104510153577133,1715943894.7225373,0.003995604734321832,0.016928224357700472,0.007346536633471486,1715943894.7125642,-0.009106314492859369,-0.01732152625336325,-2.1564635676578954
1715943893.8724432,0.0,0.0,0.0,1715943893.9524465,0.0,0.0,0.0,1715943893.93248,0.04160079737467287,-0.023901242513237886,0.624477560598367,1715943278.1404207,0.010376485293412258,0.019034799721397544,0.008897882690426271,1715943278.460462,0.012587195800174365,0.0073231376138951365,0.006872720962318455,1715943894.7225373,-0.006870389764595419,-0.01825558060768251,-2.1597549669401843
1715943893.8824806,0.0,0.0,0.0,1715943893.9625404,0.0,0.0,0.0,1715943893.9425116,0.04026982542067642,-0.025466842549618285,0.6276207889157019,1715943278.460462,0.012587195800174365,0.0073231376138951365,0.006872720962318455,1715943278.470422,0.004581894324331141,0.008926188982535166,0.007850918229347437,1715943278.110413,-0.005487941520252448,-0.014895765576779407,-2.1600499767891606
1715943893.892492,0.0,0.0,0.0,1715943893.9725142,0.0,0.0,0.0,1715943893.9524465,0.03995847835587679,-0.027287672774158223,0.6308308366231246,1715943278.470422,0.004581894324331141,0.008926188982535166,0.007850918229347437,1715943278.480456,0.0022241764874535216,0.013878255852489252,0.010966050799037225,1715943278.1204545,-0.007169991488576333,-0.014232728148424245,-2.1601389840488476
1715943893.9024477,0.0,0.0,0.0,1715943893.9824927,0.0,0.0,0.0,1715943893.9625404,0.041828644277592475,-0.02825456481667943,0.6339904064298341,1715943278.480456,0.0022241764874535216,0.013878255852489252,0.010966050799037225,1715943278.4905684,0.003034790025635733,0.004010526786757618,0.005007720860056078,1715943278.1303928,-0.005362908683412382,-0.013238524766322035,-2.1602957012555883
1715943893.9125128,0.0,0.0,0.0,1715943893.9924874,0.0,0.0,0.0,1715943893.9725142,0.04022895482404898,-0.02926671190266905,0.6371409085845945,1715943278.4905684,0.003034790025635733,0.004010526786757618,0.005007720860056078,1715943278.5004256,0.0011155290490712198,0.01949357148715647,0.01831183919164087,1715943278.1404207,-0.003175410370625631,-0.01335576828423779,-2.1605291921501912
1715943893.9224749,0.0,0.0,0.0,1715943894.0025222,0.0,0.0,0.0,1715943893.9824927,0.03775209672295621,-0.029679196530229213,0.6401870793469215,1715943278.5004256,0.0011155290490712198,0.01949357148715647,0.01831183919164087,1715943278.5104375,0.007595032957859812,0.01895437927221022,0.00502617060528227,1715943278.460462,0.01027999494080234,0.02556574747717666,-2.1654820778361445
1715943893.93248,0.0,0.0,0.0,1715943894.0124917,0.0,0.0,0.0,1715943893.9924874,0.03931996637176677,-0.030680058788432385,0.6430186058210676,1715943278.5104375,0.007595032957859812,0.01895437927221022,0.00502617060528227,1715943278.5204258,0.00029356925608251504,0.014649501122675934,0.012974001186019447,1715943278.470422,0.009494334038659957,0.023486294143158393,-2.1657485473420577
1715943893.9425116,0.0,0.0,0.0,1715943894.0224726,0.0,0.0,0.0,1715943894.0025222,0.03776301751494099,-0.031478067482838545,0.645911973513523,1715943278.5204258,0.00029356925608251504,0.014649501122675934,0.012974001186019447,1715943278.5304353,0.009712592111487528,0.007121132756763515,0.0027965599699576143,1715943278.480456,0.008519872916775029,0.021619373619508053,-2.1660495442530916
1715943893.9524465,0.0,0.0,0.0,1715943894.0324807,0.0,0.0,0.0,1715943894.0124917,0.035759763208505047,-0.031797376861649296,0.6487902614536915,1715943278.5304353,0.009712592111487528,0.007121132756763515,0.0027965599699576143,1715943278.5406137,0.01729957166590836,0.018522103500394627,0.008579313626697466,1715943278.4905684,0.00795229548962384,0.0195362911605077,-2.16625847246862
1715943893.9625404,0.0,0.0,0.0,1715943894.0425062,0.0,0.0,0.0,1715943894.0224726,0.03376821835024302,-0.03160475097007409,0.6517484860169388,1715943278.5406137,0.01729957166590836,0.018522103500394627,0.008579313626697466,1715943278.5505133,0.004524497994219199,0.011243271158133394,0.003227559491357832,1715943278.5004256,0.0067845661021022075,0.01797432606591598,-2.1664987906308752
1715943893.9725142,0.0,0.0,0.0,1715943894.0524688,0.0,0.0,0.0,1715943894.0324807,0.03250261648224578,-0.031119167320169616,0.6547838988589001,1715943278.5505133,0.004524497994219199,0.011243271158133394,0.003227559491357832,1715943278.5605369,0.008630783515560927,0.0028506469313192007,0.019302229434860135,1715943278.5104375,0.005718002472438588,0.016326784811471873,-2.1667429772584565
1715943893.9824927,0.0,0.0,0.0,1715943894.0624967,0.0,0.0,0.0,1715943894.0425062,0.031220588053578413,-0.03005636315700988,0.6578000403900596,1715943278.5605369,0.008630783515560927,0.0028506469313192007,0.019302229434860135,1715943278.5704193,0.017926171373144638,0.0039912376661208615,0.014411396082619973,1715943278.5204258,0.003944965937080269,0.01617694855003271,-2.1670428855022124
1715943893.9924874,0.0,0.0,0.0,1715943894.0725677,0.0,0.0,0.0,1715943894.0524688,0.032215094190759797,-0.028246812336461646,0.6608192222980223,1715943278.5704193,0.017926171373144638,0.0039912376661208615,0.014411396082619973,1715943278.5804706,0.007125582505462844,0.008992865877543332,0.008280819885784867,1715943278.5304353,0.002062366693509343,0.01572050432672123,-2.167298031835351
1715943894.0025222,0.0,0.0,0.0,1715943894.0825124,0.0,0.0,0.0,1715943894.0624967,0.03463524232810278,-0.02757149236163392,0.6639821456591385,1715943278.5804706,0.007125582505462844,0.008992865877543332,0.008280819885784867,1715943278.6004672,0.016678440575455592,0.018324639249624797,0.012928412145229804,1715943278.5406137,0.00016639827936915097,0.015978356325004883,-2.167417503500131
1715943894.0124917,0.0,0.0,0.0,1715943894.0925827,0.0,0.0,0.0,1715943894.0725677,0.03740473738696992,-0.02725390254474558,0.6671571412485995,1715943278.6004672,0.016678440575455592,0.018324639249624797,0.012928412145229804,1715943278.620475,0.014554853171044642,0.013777263007574758,0.013325068899608857,1715943278.5505133,-0.0015278482881950772,0.01607298386271694,-2.1677395401181414
1715943894.0224726,0.0,0.0,0.0,1715943894.1025753,0.0,0.0,0.0,1715943894.0825124,0.03615979171049477,-0.026274964778434606,0.6703338072047139,1715943278.620475,0.014554853171044642,0.013777263007574758,0.013325068899608857,1715943278.6304717,0.011955097068424975,0.004007880154152765,0.009617446854749412,1715943278.5605369,-0.00186498101873811,0.013669767788911491,-2.1680155274808914
1715943894.0324807,0.0,0.0,0.0,1715943894.112516,0.0,0.0,0.0,1715943894.0925827,0.03800084752192934,-0.0252549566995266,0.6734970261161859,1715943278.6304717,0.011955097068424975,0.004007880154152765,0.009617446854749412,1715943278.6406662,0.0001864327220352669,0.0158090379354352,0.010812379783001232,1715943278.5704193,-0.0027376740910138864,0.011742989975497276,-2.1682545140660574
1715943894.0425062,0.0,0.0,0.0,1715943894.12254,0.0,0.0,0.0,1715943894.1025753,0.03992305430032722,-0.024343711715214322,0.6765593843656199,1715943278.6406662,0.0001864327220352669,0.0158090379354352,0.010812379783001232,1715943278.650452,0.01213643086156829,0.018868768350775555,0.01857647869673491,1715943278.5804706,-0.002046409962723761,0.009494462211836474,-2.168503749251771
1715943894.0524688,0.0,0.0,0.0,1715943894.132509,0.0,0.0,0.0,1715943894.112516,0.04089386967184361,-0.0263097958687728,0.6796152151124661,1715943278.650452,0.01213643086156829,0.018868768350775555,0.01857647869673491,1715943278.6604939,0.007544536103679019,0.00699049685124109,0.01803985498418184,1715943278.6004672,0.000887208820903318,0.006079568419380843,-2.1688427699097037
1715943894.0624967,0.0,0.0,0.0,1715943894.142569,0.0,0.0,0.0,1715943894.12254,0.040017734432244545,-0.024740268391940434,0.6827030975313975,1715943278.6604939,0.007544536103679019,0.00699049685124109,0.01803985498418184,1715943278.6706622,0.01633569530007142,0.015022584589325927,0.0045200628910990115,1715943278.620475,0.0003668817093802623,0.0010515591926245627,-2.169337028450313
1715943894.0725677,0.0,0.0,0.0,1715943894.152495,0.0,0.0,0.0,1715943894.132509,0.04044200781883628,-0.0228479398043957,0.6856161372006122,1715943278.6706622,0.01633569530007142,0.015022584589325927,0.0045200628910990115,1715943278.680474,0.0165752246304239,0.012711128406358574,0.019675845408642374,1715943278.6304717,0.0008038430127284002,-0.001339233819101615,-2.169625574750661
1715943894.0825124,0.0,0.0,0.0,1715943894.1626165,0.0,0.0,0.0,1715943894.142569,0.04245529428622258,-0.02275944118105011,0.688536597392394,1715943278.680474,0.0165752246304239,0.012711128406358574,0.019675845408642374,1715943278.6905887,0.00021769413130286316,0.010526671572220758,0.005406087842042492,1715943278.6406662,0.0011328220984472281,-0.0038754325281391555,-2.169799161456722
1715943894.0925827,0.0,0.0,0.0,1715943894.1726017,0.0,0.0,0.0,1715943894.152495,0.044244419387681644,-0.021728166503042656,0.6913065622427231,1715943278.6905887,0.00021769413130286316,0.010526671572220758,0.005406087842042492,1715943278.7004566,0.0022146759709313923,0.0059055378226826605,0.002380048130605093,1715943278.650452,0.0012374890702946395,-0.006323637607065669,-2.1700843937426253
1715943894.1025753,0.0,0.0,0.0,1715943894.1826012,0.0,0.0,0.0,1715943894.1626165,0.04267683647143222,-0.020907909850565565,0.6941546277192112,1715943278.7004566,0.0022146759709313923,0.0059055378226826605,0.002380048130605093,1715943278.7104642,0.013434277522357731,0.018084460451384565,0.006309822264575237,1715943278.6604939,0.001342467679484649,-0.008537918189823746,-2.1703720359687955
1715943894.112516,0.0,0.0,0.0,1715943894.3524945,0.0,0.0,0.0,1715943894.1726017,0.041536918388864585,-0.019601323779779856,0.6970401111599642,1715943278.7104642,0.013434277522357731,0.018084460451384565,0.006309822264575237,1715943278.7204514,0.019236707086360265,0.01840582867175744,0.015331787202611635,1715943278.6706622,0.002145587959538453,-0.010717977053197103,-2.170636704252649
1715943894.12254,0.0,0.0,0.0,1715943894.3825424,0.0,0.0,0.0,1715943894.1826012,0.04089592799557756,-0.018310745082545488,0.6999392353268237,1715943278.7204514,0.019236707086360265,0.01840582867175744,0.015331787202611635,1715943278.740586,0.006006579631040964,0.007053229949126161,0.001236779324465656,1715943278.680474,0.002055986357464956,-0.012487332611623492,-2.170920675130505
1715943894.132509,0.0,0.0,0.0,1715943894.4425457,0.0,0.0,0.0,1715943894.3524945,0.045901984395782636,-0.021509656691041545,0.7509261792756492,1715943278.740586,0.006006579631040964,0.007053229949126161,0.001236779324465656,1715943278.750455,0.01101625254905539,0.016016141297907183,0.013211273669874709,1715943278.6905887,0.0015034746658737497,-0.014057054235736555,-2.1711533000699497
1715943894.142569,0.0,0.0,0.0,1715943894.4525108,0.0,0.0,0.0,1715943894.3925555,0.04025724089070387,-0.024467397325314444,0.762842146352807,1715943278.750455,0.01101625254905539,0.016016141297907183,0.013211273669874709,1715943278.7605026,0.006727844845698553,0.0013470584421610976,0.01076699270389191,1715943278.7004566,0.00020108132045182359,-0.015095504239445612,-2.1713889248053135
1715943894.152495,0.0,0.0,0.0,1715943894.4625406,0.0,0.0,0.0,1715943894.4425457,0.0375591824546595,-0.021969973342600202,0.7786112483667262,1715943278.7605026,0.006727844845698553,0.0013470584421610976,0.01076699270389191,1715943278.8205087,0.007778481107502745,0.014158623393467629,0.003707461070367405,1715943278.7104642,-0.0016495415574904193,-0.014332356293737414,-2.1714738682396373
1715943894.1626165,0.0,0.0,0.0,1715943894.4725053,0.0,0.0,0.0,1715943894.4525108,0.039879032339186826,-0.021286442335663347,0.7816452320854028,1715943278.8205087,0.007778481107502745,0.014158623393467629,0.003707461070367405,1715943278.8305013,0.009462258133780483,0.009350883099826568,0.01877436236677822,1715943278.7204514,-0.0028327009938133862,-0.012600653342263346,-2.1716813659776477
1715943894.1726017,0.0,0.0,0.0,1715943894.5125241,0.0,0.0,0.0,1715943894.4625406,0.03809369930835643,-0.021059728360173002,0.7847900841390216,1715943278.8305013,0.009462258133780483,0.009350883099826568,0.01877436236677822,1715943278.840641,0.007678921609352135,0.016468860966093235,0.0003761373745645,1715943278.740586,-0.0013014222746940973,-0.008940456251768758,-2.1718925944789387
1715943894.1826012,0.0,0.0,0.0,1715943894.57254,0.0,0.0,0.0,1715943894.4725053,0.036133010489019346,-0.020140031203436104,0.787924706177086,1715943278.840641,0.007678921609352135,0.016468860966093235,0.0003761373745645,1715943278.8504815,0.017889336833351636,0.011882756503434289,0.012474542366354322,1715943278.750455,-0.0007300683723503454,-0.007342646436980349,-2.172033512530077
1715943894.3524945,0.0,0.0,0.0,1715943894.5825467,0.0,0.0,0.0,1715943894.5125241,0.03709957063165392,-0.02144739433817011,0.8001833094184123,1715943278.8504815,0.017889336833351636,0.011882756503434289,0.012474542366354322,1715943278.8605351,0.007610922230159343,0.014317228395514414,0.007049133402188321,1715943278.7605026,0.0003185947628532304,-0.005658282512696733,-2.172348324611349
1715943894.3925555,0.0,0.0,0.0,1715943894.5926769,0.0,0.0,0.0,1715943894.57254,0.034349452237903255,-0.018661962146625743,0.8183404188474819,1715943278.8605351,0.007610922230159343,0.014317228395514414,0.007049133402188321,1715943278.8704627,0.016976281416584978,0.004902031418671848,0.012996797766212749,1715943278.8205087,0.002463832846263614,0.0007805514578236306,-2.1737891188992213
1715943894.4425457,0.0,0.0,0.0,1715943894.6025767,0.0,0.0,0.0,1715943894.5825467,0.036086631527742,-0.018078884874982215,0.8214083495206059,1715943278.8704627,0.016976281416584978,0.004902031418671848,0.012996797766212749,1715943278.890573,0.004407319765665379,0.008010660016949389,0.008545430642319652,1715943278.8305013,0.0008474234040716233,0.0016256246442689637,-2.1740601641530795
1715943894.4525108,0.0,0.0,0.0,1715943894.6125548,0.0,0.0,0.0,1715943894.5926769,0.03802099152310323,-0.017335143452664514,0.8244877211310759,1715943278.890573,0.004407319765665379,0.008010660016949389,0.008545430642319652,1715943278.900462,0.0074602795248252295,0.014005268006190397,0.0019508614499827706,1715943278.840641,-0.0006760942958052851,0.0018608370158634813,-2.1742172179099546
1715943894.4625406,0.0,0.0,0.0,1715943894.622506,0.0,0.0,0.0,1715943894.6025767,0.03960331024055358,-0.016742190772608412,0.82745251544656,1715943278.900462,0.0074602795248252295,0.014005268006190397,0.0019508614499827706,1715943278.9105325,0.004382159956639012,0.002115405938800885,0.012632213318537932,1715943278.8504815,-0.0012672977201577673,0.0034590756390255883,-2.1743525193890605
1715943894.4725053,0.0,0.0,0.0,1715943894.632587,0.0,0.0,0.0,1715943894.6125548,0.0411125137059713,-0.01591858073484964,0.8305235872645884,1715943278.9105325,0.004382159956639012,0.002115405938800885,0.012632213318537932,1715943278.9204545,0.007606691057411069,0.011332400720218239,0.00013975546827522164,1715943278.8605351,-0.003115746496778815,0.003913673776648752,-2.1745103724239154
1715943894.5125241,0.0,0.0,0.0,1715943894.6427035,0.0,0.0,0.0,1715943894.622506,0.03955084168910222,-0.014965843575652116,0.8337027779257602,1715943278.9204545,0.007606691057411069,0.011332400720218239,0.00013975546827522164,1715943278.9305143,0.01062614963564164,0.00251610647770506,0.0037220406716832358,1715943278.8704627,-0.004888950489713828,0.0034952577106104332,-2.1747617715099192
1715943894.57254,0.0,0.0,0.0,1715943894.6525688,0.0,0.0,0.0,1715943894.632587,0.03825443867462108,-0.01693592193667004,0.8369491148219572,1715943278.9305143,0.01062614963564164,0.00251610647770506,0.0037220406716832358,1715943278.94056,0.00034388509093816536,0.00356231133747853,0.0034085146272781223,1715943278.890573,-0.0014597092979458104,0.0006375919964520804,-2.175175323200614
1715943894.5825467,0.0,0.0,0.0,1715943894.6625643,0.0,0.0,0.0,1715943894.6427035,0.037914805493204085,-0.019202446692814235,0.8401682301212696,1715943278.94056,0.00034388509093816536,0.00356231133747853,0.0034085146272781223,1715943278.9504771,0.014863831212300234,0.0072162698925040125,0.010124470243924641,1715943278.900462,0.00032399228185386875,-0.00041820428098215956,-2.1753983876912466
1715943894.5926769,0.0,0.0,0.0,1715943894.672537,0.0,0.0,0.0,1715943894.6525688,0.0372072899721374,-0.021265531019464934,0.8431946359489269,1715943278.9504771,0.014863831212300234,0.0072162698925040125,0.010124470243924641,1715943278.9605916,0.0032883620517704746,0.002800796081377621,0.008226268837209356,1715943278.9105325,-0.0011286145551268056,-0.0018301505890445657,-2.1756243414388425
1715943894.6025767,0.0,0.0,0.0,1715943275.5101807,0.0,0.0,0.0,1715943894.6625643,0.03544284137726128,-0.021959035688442485,0.8463689372036337,1715943278.9605916,0.0032883620517704746,0.002800796081377621,0.008226268837209356,1715943278.9704971,0.018802337304394665,0.019236605866760792,0.004582575180920662,1715943278.9204545,0.0006779148987949846,-0.003337048396734099,-2.175855953829659
1715943894.6125548,0.0,0.0,0.0,1715943275.52021,0.0,0.0,0.0,1715943894.672537,0.03370487331231181,-0.022813221963868147,0.8495206287160153,1715943278.9704971,0.018802337304394665,0.019236605866760792,0.004582575180920662,1715943278.9805803,0.012333664257165014,0.0041484999890588625,0.000572986830704272,1715943278.9305143,0.002888607394031073,-0.004011807067901829,-2.176125375404146
1715943894.622506,0.0,0.0,0.0,1715943275.610233,0.0,0.0,0.0,1715943275.5101807,0.03370487331231181,-0.022813221963868147,0.8495206287160153,1715943278.9805803,0.012333664257165014,0.0041484999890588625,0.000572986830704272,1715943278.9906163,0.018350288412998638,0.009111806400628808,0.01739984129053351,1715943278.94056,0.0028459965278120336,-0.006082058624380826,-2.1762755953145563
1715943894.632587,0.0,0.0,0.0,1715943275.6201758,0.0,0.0,0.0,1715943275.52021,0.031790032788776346,-0.02324107420705701,0.8496613737136466,1715943278.9906163,0.018350288412998638,0.009111806400628808,0.01739984129053351,1715943279.0004988,0.011194865970070285,0.015670481174744788,0.009307737276017603,1715943278.9504771,0.00300647076063143,-0.004240577014759994,-2.1764081040685825
1715943894.6427035,0.0,0.0,0.0,1715943275.6301417,0.0,0.0,0.0,1715943275.610233,0.015575060429872778,-0.019989509047598553,0.8509319997774556,1715943279.0004988,0.011194865970070285,0.015670481174744788,0.009307737276017603,1715943279.0804932,0.008241508941209874,0.0007005428878230635,0.005266107533463654,1715943278.9605916,0.003859793924271937,-0.0026561531599140764,-2.1764301957540138
1715943894.6525688,0.0,0.0,0.0,1715943275.6401632,0.0,0.0,0.0,1715943275.6201758,0.01377589967242665,-0.020021720377222163,0.8510493532557002,1715943279.0804932,0.008241508941209874,0.0007005428878230635,0.005266107533463654,1715943279.0906363,0.017300140591122087,0.000496792493829501,0.014295045929491747,1715943278.9704971,0.0020061005088543027,-0.0034136181069135407,-2.176606948102699
1715943894.6625643,0.0,0.0,0.0,1715943275.650139,0.0,0.0,0.0,1715943275.6301417,0.012206161174144692,-0.018946360029221232,0.8511549417931343,1715943279.0906363,0.017300140591122087,0.000496792493829501,0.014295045929491747,1715943279.1004853,0.0061063719088144805,0.011388591687963467,0.019986669113012816,1715943278.9805803,0.0004061651618374462,-0.00411680146336324,-2.1767388634085645
1715943894.672537,0.0,0.0,0.0,1715943275.66014,0.0,0.0,0.0,1715943275.6401632,0.01052662670395249,-0.01993607497078287,0.8512714072720102,1715943279.1004853,0.0061063719088144805,0.011388591687963467,0.019986669113012816,1715943279.1104932,0.009356827790484704,0.00037860577901183134,0.015033734905367167,1715943278.9906163,-0.0009576712056671433,-0.005837245299442628,-2.1769968431717874
1715943275.5101807,0.0,0.0,0.0,1715943275.6701694,0.0,0.0,0.0,1715943275.650139,0.008675942350004573,-0.020682918123478222,0.8513618642390646,1715943279.1104932,0.009356827790484704,0.00037860577901183134,0.015033734905367167,1715943279.1305091,0.013002675871535129,0.009908815060278187,0.015316607221116616,1715943279.0004988,-0.0014665320353901556,-0.00806565428449968,-2.1773013579773117
1715943275.52021,0.0,0.0,0.0,1715943275.6801453,0.0,0.0,0.0,1715943275.66014,0.008179693373294328,-0.018784382570856017,0.8514899315902427,1715943279.1305091,0.013002675871535129,0.009908815060278187,0.015316607221116616,1715943279.1405869,0.0017363366573797598,0.014855448620351819,0.0196832903413567,1715943279.0804932,0.0020558383520374868,-0.025159884096560114,-2.1791184757241577
1715943275.610233,0.0,0.0,0.0,1715943275.6902092,0.0,0.0,0.0,1715943275.6701694,0.00997958725220277,-0.019884616302602298,0.8515800069587423,1715943279.1405869,0.0017363366573797598,0.014855448620351819,0.0196832903413567,1715943279.150532,0.0018684125732542477,0.016308598589544143,0.0155893492174495,1715943279.0906363,0.0015061940130300933,-0.02724272970167929,-2.1793527696196744
1715943275.6201758,0.0,0.0,0.0,1715943275.7001586,0.0,0.0,0.0,1715943275.6801453,0.008142670561293808,-0.020311070762977668,0.851791639732645,1715943279.150532,0.0018684125732542477,0.016308598589544143,0.0155893492174495,1715943279.4505248,0.012818140387382864,0.008160654633771136,0.0006793155979385491,1715943279.1004853,0.0008105185750069133,-0.02889649831343566,-2.17956355622243
1715943275.6301417,0.0,0.0,0.0,1715943275.7102177,0.0,0.0,0.0,1715943275.6902092,0.006313584743585177,-0.020872130084351737,0.851957245830719,1715943279.4505248,0.012818140387382864,0.008160654633771136,0.0006793155979385491,1715943279.4606397,0.018183373997808908,0.009876052899047139,0.0052602747815933175,1715943279.1104932,-0.0005683461470966655,-0.030136549960786185,-2.179750691083772
1715943275.6401632,0.0,0.0,0.0,1715943275.7203398,0.0,0.0,0.0,1715943275.7001586,0.005526785869590711,-0.019159208870920486,0.8520334455545742,1715943279.4606397,0.018183373997808908,0.009876052899047139,0.0052602747815933175,1715943279.4706354,0.009788541078932357,0.0014715800392393064,0.0002781529133700344,1715943279.1305091,-0.0038299654970597174,-0.027155570682758645,-2.1800431977520347
1715943275.650139,0.0,0.0,0.0,1715943275.7302613,0.0,0.0,0.0,1715943275.7102177,0.0061451626846419916,-0.01732044386713838,0.8521481317697766,1715943279.4706354,0.009788541078932357,0.0014715800392393064,0.0002781529133700344,1715943279.4805677,0.004119722505716266,0.01725835238527873,0.009976411707060602,1715943279.1405869,-0.004188906823372918,-0.025048419924531773,-2.1802816223169526
1715943275.66014,0.0,0.0,0.0,1715943275.7402487,0.0,0.0,0.0,1715943275.7203398,0.0058250462598387065,-0.019385627098020608,0.8522579900944953,1715943279.4805677,0.004119722505716266,0.01725835238527873,0.009976411707060602,1715943279.4905474,0.003191807759173315,0.007223705590678087,0.01750121558008452,1715943279.150532,-0.0035639760838512835,-0.023008388638254162,-2.180495127365635
1715943275.6701694,0.0,0.0,0.0,1715943275.750229,0.0,0.0,0.0,1715943275.7302613,0.004769880028346107,-0.01779973725206241,0.8523838341777754,1715943279.4905474,0.003191807759173315,0.007223705590678087,0.01750121558008452,1715943279.5005224,0.013525016720033456,0.013851868409248791,0.008745939039479315,1715943279.4505248,0.0027162521055510425,-0.010660356515625136,-2.187806090525828
1715943275.6801453,0.0,0.0,0.0,1715943275.760188,0.0,0.0,0.0,1715943275.7402487,0.006854140268899078,-0.017798711151403745,0.8524772490596969,1715943279.5005224,0.013525016720033456,0.013851868409248791,0.008745939039479315,1715943279.5105565,0.019290741903949558,0.018078782189293374,0.014121109248479934,1715943279.4606397,0.0031050790190714217,-0.008949641662416186,-2.1881136622322437
1715943275.6902092,0.0,0.0,0.0,1715943275.7717946,0.0,0.0,0.0,1715943275.750229,0.004959632435951988,-0.017609761146230918,0.8526153763221842,1715943279.5105565,0.019290741903949558,0.018078782189293374,0.014121109248479934,1715943279.5406451,0.019275746111932716,0.008311860876853316,0.006487835045536511,1715943279.4706354,0.001868638333888395,-0.008106323084925204,-2.188493604059497
1715943275.7001586,0.0,0.0,0.0,1715943275.7801921,0.0,0.0,0.0,1715943275.760188,0.005439410613763407,-0.01579264204013331,0.8527672207079279,1715943279.5406451,0.019275746111932716,0.008311860876853316,0.006487835045536511,1715943279.55054,0.01659329647739006,0.006399449821386405,0.006192016036935255,1715943279.4805677,6.575574713929555e-05,-0.008217183216603585,-2.1888301935747325
1715943275.7102177,0.0,0.0,0.0,1715943275.7901995,0.0,0.0,0.0,1715943275.7717946,0.007558097816710574,-0.016989998193170486,0.8528247252868706,1715943279.55054,0.01659329647739006,0.006399449821386405,0.006192016036935255,1715943279.5606203,0.010417856710981548,0.019754985643154477,0.006970879759576322,1715943279.4905474,-0.0011179446365585655,-0.009902812674802641,-2.1890501800173876
1715943275.7203398,0.0,0.0,0.0,1715943275.8001816,0.0,0.0,0.0,1715943275.7801921,0.0075022053638142405,-0.01532695598566014,0.852902765067356,1715943279.5606203,0.010417856710981548,0.019754985643154477,0.006970879759576322,1715943279.5705187,0.007834149718230658,0.0049908258290085605,0.0037186465111792738,1715943279.5005224,0.0009417527589055119,-0.010762158439972858,-2.1892986000156416
1715943275.7302613,0.0,0.0,0.0,1715943275.8101854,0.0,0.0,0.0,1715943275.7901995,0.00563807550851797,-0.014988767027061645,0.8530106921072569,1715943279.5705187,0.007834149718230658,0.0049908258290085605,0.0037186465111792738,1715943279.5805926,0.018463028671231563,0.0027779965780831972,0.013658163219040162,1715943279.5105565,0.0028586533997185803,-0.012243636096778143,-2.1894970986228426
1715943275.7402487,0.0,0.0,0.0,1715943275.8202622,0.0,0.0,0.0,1715943275.8001816,0.003863019520734534,-0.014462214091416126,0.8531105840633292,1715943279.5805926,0.018463028671231563,0.0027779965780831972,0.013658163219040162,1715943279.6006303,0.019847831883280712,0.007330313289217072,0.018219003488291027,1715943279.5406451,0.001508962055608798,-0.01884275521555745,-2.1902770317578604
1715943275.750229,0.0,0.0,0.0,1715943275.8301513,0.0,0.0,0.0,1715943275.8101854,0.0019502189334015263,-0.014595322907773323,0.8532164485054621,1715943279.5907338,0.0025326220005318194,0.010823610817031204,0.01050425896634431,1715943279.6106434,0.01370620845450475,0.010700403300192507,0.009640024792900524,1715943279.55054,0.000689991710534521,-0.020988254949829033,-2.1905320471637486
1715943275.760188,0.0,0.0,0.0,1715943275.8401725,0.0,0.0,0.0,1715943275.8202622,0.001927539156154845,-0.01667352457075144,0.8533196172637346,1715943279.6006303,0.019847831883280712,0.007330313289217072,0.018219003488291027,1715943279.6205513,0.010030505536157792,0.01710857493585216,0.011577681311583625,1715943279.5606203,0.0012130784252692983,-0.023476763459161498,-2.1908626386193717
1715943275.7717946,0.0,0.0,0.0,1715943275.8501422,0.0,0.0,0.0,1715943275.8301513,0.0005215809887332279,-0.015510136088856097,0.8534054111917412,1715943279.6106434,0.01370620845450475,0.010700403300192507,0.009640024792900524,1715943279.6305776,0.0032549574177316693,0.0010274852650085098,0.0018365109170710744,1715943279.5705187,0.002142792653608616,-0.025628356476642633,-2.1911420102416814
1715943275.7801921,0.0,0.0,0.0,1715943275.8601606,0.0,0.0,0.0,1715943275.8401725,0.0020605947454849227,-0.016934384920274104,0.8534984874425691,1715943279.6205513,0.010030505536157792,0.01710857493585216,0.011577681311583625,1715943279.640782,0.01119345182880329,0.003751556826979918,0.016992605782560052,1715943279.5805926,0.0016756153766710469,-0.02784481391671667,-2.191399773947852
1715943275.7901995,0.0,0.0,0.0,1715943275.8702571,0.0,0.0,0.0,1715943275.8501422,0.0037876119480032555,-0.01822058349057576,0.8535736196793656,1715943279.6305776,0.0032549574177316693,0.0010274852650085098,0.0018365109170710744,1715943279.6505961,0.002941187916816899,0.006672495390978472,0.014329646089631696,1715943279.6006303,-0.0011053139429701986,-0.030839371494628454,-2.191792907977887
1715943275.8001816,0.0,0.0,0.0,1715943275.8801785,0.0,0.0,0.0,1715943275.8601606,0.0038341893756010936,-0.01630239182451043,0.853683814453337,1715943279.640782,0.01119345182880329,0.003751556826979918,0.016992605782560052,1715943279.6606677,0.014183847567650185,0.008353554385499118,0.017470320608773182,1715943279.6106434,-0.0014538820443874556,-0.03282608412606436,-2.1920441635821994
1715943275.8101854,0.0,0.0,0.0,1715943275.890232,0.0,0.0,0.0,1715943275.8702571,0.005778938039006476,-0.015789534534294436,0.8537614024474882,1715943279.6505961,0.002941187916816899,0.006672495390978472,0.014329646089631696,1715943279.6907108,0.0017406494881035232,0.0002484829841149505,0.01800680885751539,1715943279.6205513,-0.0035604957550550154,-0.0319555931215485,-2.192211027284614
1715943275.8202622,0.0,0.0,0.0,1715943275.950256,0.0,0.0,0.0,1715943275.8801785,0.004551339133163468,-0.014432185657515584,0.85387964779845,1715943279.6606677,0.014183847567650185,0.008353554385499118,0.017470320608773182,1715943279.7005508,0.015771330680280138,0.01287507942210353,0.015347411273948145,1715943279.6305776,-0.004225232573744631,-0.029928000930746546,-2.19231454773316
1715943275.8301513,0.0,0.0,0.0,1715943275.9602137,0.0,0.0,0.0,1715943275.890232,0.0027836626487667826,-0.013953301268266216,0.8540143196640704,1715943279.6907108,0.0017406494881035232,0.0002484829841149505,0.01800680885751539,1715943279.7105696,0.01218377153205645,0.005639610213039381,0.002439070658810132,1715943279.640782,-0.003024979904540981,-0.028347787270353697,-2.1925642831651775
1715943275.8401725,0.0,0.0,0.0,1715943275.9702907,0.0,0.0,0.0,1715943275.950256,0.0028632932401527755,-0.013079922163610425,0.8547010852128538,1715943279.7005508,0.015771330680280138,0.01287507942210353,0.015347411273948145,1715943279.7205396,0.010530191041362739,0.00020235443199112524,0.010663054206395415,1715943279.6505961,-0.0018960065436313123,-0.026814522132936336,-2.192920886865185
1715943275.8501422,0.0,0.0,0.0,1715943275.9802063,0.0,0.0,0.0,1715943275.9602137,0.004935646735105215,-0.012959851108174325,0.8547346705364327,1715943279.7105696,0.01218377153205645,0.005639610213039381,0.002439070658810132,1715943279.7305753,0.0035154828781906507,0.013979909240540378,0.011471178099192991,1715943279.6606677,-0.0005378897106815828,-0.025229319556302032,-2.1931313469336313
1715943275.8601606,0.0,0.0,0.0,1715943275.9902277,0.0,0.0,0.0,1715943275.9702907,0.0066233861673222205,-0.014227392199129163,0.8548339952869655,1715943279.7205396,0.010530191041362739,0.00020235443199112524,0.010663054206395415,1715943279.7506177,0.01426692596123436,0.005913705133311575,0.003818538110931494,1715943279.6907108,0.003909726621468046,-0.02067136430700467,-2.1938658024009445
1715943275.8702571,0.0,0.0,0.0,1715943276.0001905,0.0,0.0,0.0,1715943275.9802063,0.006585402563642373,-0.016344051900505363,0.8549283642313535,1715943279.7305753,0.0035154828781906507,0.013979909240540378,0.011471178099192991,1715943279.760601,0.011281375940807168,0.005422377198674555,0.01211798493356708,1715943279.7005508,0.006318515609999853,-0.020271269426284766,-2.1942814815440332
1715943275.8801785,0.0,0.0,0.0,1715943276.0101933,0.0,0.0,0.0,1715943275.9902277,0.004728920104092704,-0.016129854621048656,0.8550389859952419,1715943279.7506177,0.01426692596123436,0.005913705133311575,0.003818538110931494,1715943279.9005919,0.0010136983429993342,0.0008689092942382182,0.0017198991508943534,1715943279.7105696,0.007609988248412858,-0.018442586979335873,-2.1947467714143905
1715943275.890232,0.0,0.0,0.0,1715943276.0201874,0.0,0.0,0.0,1715943276.0001905,0.0029352065294717677,-0.01553805614232373,0.8551624146216,1715943279.760601,0.011281375940807168,0.005422377198674555,0.01211798493356708,1715943279.9106038,0.01501434449155117,0.014885813191310993,0.003011490657450322,1715943279.7205396,0.006229262076579367,-0.017338580038832152,-2.195172676470558
1715943275.950256,0.0,0.0,0.0,1715943276.0301757,0.0,0.0,0.0,1715943276.0101933,0.0038605200208178814,-0.013847574171781396,0.8552749702495277,1715943279.9005919,0.0010136983429993342,0.0008689092942382182,0.0017198991508943534,1715943279.9205785,0.012662307447664329,0.001087949668041599,0.015737504411474264,1715943279.7305753,0.005053637581911463,-0.016466714123468007,-2.195606825525674
1715943275.9602137,0.0,0.0,0.0,1715943276.0401964,0.0,0.0,0.0,1715943276.0201874,0.003294855477960601,-0.0157590429199872,0.8553821918106993,1715943279.9106038,0.01501434449155117,0.014885813191310993,0.003011490657450322,1715943279.9305928,0.014645036177962301,0.007656068693692841,0.010276602794308476,1715943279.7506177,0.007392008776971437,-0.013585840729948506,-2.1959574842129275
1715943275.9702907,0.0,0.0,0.0,1715943276.0701642,0.0,0.0,0.0,1715943276.0301757,0.0015010443143224639,-0.015274384908525729,0.8555775416750069,1715943279.9205785,0.012662307447664329,0.001087949668041599,0.015737504411474264,1715943279.940693,0.00908750119354829,0.007672451865764263,0.01757232858138767,1715943279.760601,0.005610760648887769,-0.013075491515398774,-2.1961944423530992
1715943275.9802063,0.0,0.0,0.0,1715943276.0802064,0.0,0.0,0.0,1715943276.0401964,0.0016064840889661869,-0.017401030645659565,0.8556841610174764,1715943279.9305928,0.014645036177962301,0.007656068693692841,0.010276602794308476,1715943279.9806416,0.0032909480897782666,0.005834565622582,0.01793897038415998,1715943279.9005919,0.0012333159622630596,-0.017218613556926332,-2.1997107021527533
1715943275.9902277,0.0,0.0,0.0,1715943276.0902545,0.0,0.0,0.0,1715943276.0701642,0.005753621000413267,-0.017332968497043355,0.8559378181862092,1715943279.940693,0.00908750119354829,0.007672451865764263,0.01757232858138767,1715943279.9906745,0.003832489411532974,0.009102687111596452,0.005145688251982786,1715943279.9106038,0.0008081676498354895,-0.01953146648760229,-2.2000422527414027
1715943276.0001905,0.0,0.0,0.0,1715943276.1002393,0.0,0.0,0.0,1715943276.0802064,0.005658911590024074,-0.01536523587026295,0.8560636426346125,1715943279.9806416,0.0032909480897782666,0.005834565622582,0.01793897038415998,1715943280.0006838,0.003717155166719339,0.003898713172578727,0.004348917357246113,1715943279.9205785,0.0015429268671445229,-0.02179697341778719,-2.2003999446225544
1715943276.0101933,0.0,0.0,0.0,1715943276.1502335,0.0,0.0,0.0,1715943276.0902545,0.004070383679176781,-0.016420215815865502,0.8562233558053719,1715943279.9906745,0.003832489411532974,0.009102687111596452,0.005145688251982786,1715943280.010699,0.007162288821526717,0.0031578263180662702,0.002332804256782595,1715943279.9305928,0.0015244753886287654,-0.02397134248240196,-2.2007682831341775
1715943276.0201874,0.0,0.0,0.0,1715943276.1602576,0.0,0.0,0.0,1715943276.1002393,0.0027662118908676203,-0.015060000869263623,0.856327043913794,1715943280.0006838,0.003717155166719339,0.003898713172578727,0.004348917357246113,1715943280.0206728,0.013740781800141533,0.008040682349878203,0.004168319190673674,1715943279.940693,0.00047182650628352363,-0.025648375792403977,-2.201024524225378
1715943276.0301757,0.0,0.0,0.0,1715943276.1702719,0.0,0.0,0.0,1715943276.1502335,0.0009724595716946172,-0.016649665197583152,0.8568617463465722,1715943280.010699,0.007162288821526717,0.0031578263180662702,0.002332804256782595,1715943280.0306287,0.01866378065509962,0.006037608254206184,0.011319984733544437,1715943279.9806416,0.0022962360164568985,-0.02270435268933646,-2.201962436403358
1715943276.0401964,0.0,0.0,0.0,1715943276.180248,0.0,0.0,0.0,1715943276.1602576,0.0013353351127231572,-0.014799631206323216,0.8569185252043798,1715943280.0206728,0.013740781800141533,0.008040682349878203,0.004168319190673674,1715943280.0406735,0.009776170731873696,0.0015138245968615571,0.01137048429732901,1715943279.9906745,0.004061550529517177,-0.021333832853544843,-2.2022613074636554
1715943276.0701642,0.0,0.0,0.0,1715943276.1903136,0.0,0.0,0.0,1715943276.1702719,0.003384835315963286,-0.01493914199555002,0.8569912593389879,1715943280.0306287,0.01866378065509962,0.006037608254206184,0.011319984733544437,1715943280.050593,0.01646251383770819,0.012871492840778265,0.008715617506371304,1715943280.0006838,0.0036426761607617486,-0.019659250731191902,-2.2025493821225535
1715943276.0802064,0.0,0.0,0.0,1715943276.2002232,0.0,0.0,0.0,1715943276.180248,0.004227707928647073,-0.016914407076719096,0.8570813710801262,1715943280.0406735,0.009776170731873696,0.0015138245968615571,0.01137048429732901,1715943280.3106823,0.0006743693142621148,0.00803494980439523,0.010331688471022896,1715943280.010699,0.0019976271419701597,-0.01888147854878408,-2.2027763413900736
1715943276.0902545,0.0,0.0,0.0,1715943276.2103074,0.0,0.0,0.0,1715943276.1903136,0.0025285831729686126,-0.016087529097228215,0.8572826762185393,1715943280.050593,0.01646251383770819,0.012871492840778265,0.008715617506371304,1715943280.7912369,0.01022136742970079,0.005598043449737133,0.0023682962865624393,1715943280.0206728,0.000564335816663597,-0.018339497057062948,-2.2029418400804612
1715943276.1002393,0.0,0.0,0.0,1715943276.2204273,0.0,0.0,0.0,1715943276.2002232,0.0026798776503577093,-0.014214332001303953,0.8573559063787268,1715943280.3106823,0.0006743693142621148,0.00803494980439523,0.010331688471022896,1715943280.8007066,0.007947989199580606,0.0030703774351423796,0.007328283058604268,1715943280.0306287,0.0018390856968508729,-0.017022116687859024,-2.2032603415175354
1715943276.1502335,0.0,0.0,0.0,1715943276.230204,0.0,0.0,0.0,1715943276.2103074,0.0041747268029662665,-0.015728946077194994,0.8573970902577325,1715943280.7912369,0.01022136742970079,0.005598043449737133,0.0023682962865624393,1715943280.8106906,0.008865896333912588,0.0024215182534257362,0.0048163939697939764,1715943280.0406735,0.0002908372020091754,-0.015860922253644327,-2.2034615088648852
1715943276.1602576,0.0,0.0,0.0,1715943276.240251,0.0,0.0,0.0,1715943276.2204273,0.0027325882832420767,-0.0170222075431663,0.85751449353988,1715943280.8007066,0.007947989199580606,0.0030703774351423796,0.007328283058604268,1715943280.8207633,0.01662214988843759,0.0019288396178955836,0.005001246556397311,1715943280.050593,-0.0012233255048688108,-0.014797470792406564,-2.203600782400663
1715943276.1702719,0.0,0.0,0.0,1715943276.2501981,0.0,0.0,0.0,1715943276.230204,0.0013903138028206197,-0.015856643825787664,0.8576378933704645,1715943280.8106906,0.008865896333912588,0.0024215182534257362,0.0048163939697939764,1715943280.8306842,0.010628164855119316,0.011994120174960043,0.01097324816161773,1715943280.3106823,0.000318279085062656,-0.02263060943126538,-2.2132679365312855
1715943276.180248,0.0,0.0,0.0,1715943276.2602084,0.0,0.0,0.0,1715943276.240251,0.0012553519306165994,-0.01790021944005371,0.8577262374587957,1715943280.8207633,0.01662214988843759,0.0019288396178955836,0.005001246556397311,1715943280.950681,0.01106601424931177,0.01578439126519271,0.015658572152854093,1715943280.7912369,0.009474327705760288,-0.021601023067655545,-2.2353913279281574
1715943276.1903136,0.0,0.0,0.0,1715943276.2701986,0.0,0.0,0.0,1715943276.2501981,0.0016470852672499925,-0.016057695438050246,0.8578609775339819,1715943280.8306842,0.010628164855119316,0.011994120174960043,0.01097324816161773,1715943280.960709,0.018440797911280497,0.0019668643648156348,0.0016142212500711486,1715943280.8007066,0.010144498089662779,-0.023353954227258056,-2.235782773142491
1715943276.2002232,0.0,0.0,0.0,1715943276.280208,0.0,0.0,0.0,1715943276.2602084,0.0020058692628558417,-0.014180977042542064,0.8579499591415896,1715943280.950681,0.01106601424931177,0.01578439126519271,0.015658572152854093,1715943280.9707065,0.017119260648303603,0.008191335453337834,0.017691431167063676,1715943280.8106906,0.008312921845578192,-0.024005208425882163,-2.2362046460312133
1715943276.2103074,0.0,0.0,0.0,1715943276.290315,0.0,0.0,0.0,1715943276.2701986,0.003920670972760387,-0.0148425260312115,0.8580258707221402,1715943280.960709,0.018440797911280497,0.0019668643648156348,0.0016142212500711486,1715943280.9807234,0.016484153743685805,0.014585065880218684,0.011669686755021117,1715943280.8207633,0.006807531380670362,-0.024794822017175644,-2.2365014537365937
1715943276.2204273,0.0,0.0,0.0,1715943276.3002133,0.0,0.0,0.0,1715943276.280208,0.0043199134481392565,-0.0168625541471894,0.8580801743233197,1715943280.9707065,0.017119260648303603,0.008191335453337834,0.017691431167063676,1715943280.9923933,0.008253287266852372,0.007996825649078998,0.009299354879566388,1715943280.8306842,0.008061900644261932,-0.026298836284248894,-2.236792467084882
1715943276.230204,0.0,0.0,0.0,1715943276.3102674,0.0,0.0,0.0,1715943276.290315,0.0025499847381211804,-0.017592473608702086,0.8582069638685829,1715943280.9807234,0.016484153743685805,0.014585065880218684,0.011669686755021117,1715943281.0006897,0.007472470968142152,0.01691318385698093,0.004614591365968075,1715943280.950681,0.006813204012363183,-0.009340370650483765,-2.2407075686319438
1715943276.240251,0.0,0.0,0.0,1715943276.3202088,0.0,0.0,0.0,1715943276.3002133,0.0025396230670198805,-0.01571344839750144,0.8582692021305467,1715943280.9923933,0.008253287266852372,0.007996825649078998,0.009299354879566388,1715943281.060729,0.018175790421193026,0.009298047026030654,0.008727355375110206,1715943280.960709,0.00533212868873445,-0.00793782834752954,-2.2410573422175846
1715943276.2501981,0.0,0.0,0.0,1715943276.3303096,0.0,0.0,0.0,1715943276.3102674,0.0028786760415508428,-0.013786528080694138,0.8583409794796171,1715943281.0006897,0.007472470968142152,0.01691318385698093,0.004614591365968075,1715943281.0707278,0.0003710075396809871,0.0024105759805581606,0.0010404345377261494,1715943280.9707065,0.007864527598393511,-0.0068393707968392725,-2.2413101024302495
1715943276.2602084,0.0,0.0,0.0,1715943276.3403275,0.0,0.0,0.0,1715943276.3202088,0.0027922027534343363,-0.015814842622687175,0.8584232979042523,1715943281.060729,0.018175790421193026,0.009298047026030654,0.008727355375110206,1715943281.0807204,0.011072470416386076,0.004514325897335025,0.002822715372592657,1715943280.9807234,0.010287407684911543,-0.005967679922628699,-2.2414738112843757
1715943276.2701986,0.0,0.0,0.0,1715943276.3503342,0.0,0.0,0.0,1715943276.3303096,0.001450288533230648,-0.01453005607707114,0.8586003755598997,1715943281.0707278,0.0003710075396809871,0.0024105759805581606,0.0010404345377261494,1715943281.090782,0.0033529867401716996,0.007340830862446079,0.013379055534401309,1715943280.9923933,0.008211463595786395,-0.004117951941247089,-2.241886557814235
1715943276.280208,0.0,0.0,0.0,1715943276.3603456,0.0,0.0,0.0,1715943276.3403275,0.0018624287272585027,-0.016568734369990956,0.8587048442117746,1715943281.0807204,0.011072470416386076,0.004514325897335025,0.002822715372592657,1715943281.1007166,0.010885756564715377,0.00751427774115454,0.007434256142924122,1715943281.0006897,0.007348649785007488,-0.003413096210212796,-2.2422660634683993
1715943276.290315,0.0,0.0,0.0,1715943276.3702645,0.0,0.0,0.0,1715943276.3503342,0.003886907479089763,-0.017036929485866104,0.8587556530297766,1715943281.090782,0.0033529867401716996,0.007340830862446079,0.013379055534401309,1715943281.1107414,0.015455005946308347,0.01177353824670102,0.012444320147901108,1715943281.060729,0.011589165549958924,-0.004212170181637331,-2.246458811061647
1715943276.3002133,0.0,0.0,0.0,1715943276.3802977,0.0,0.0,0.0,1715943276.3603456,0.005006917723480331,-0.015414081570498173,0.8588423756371397,1715943281.1007166,0.010885756564715377,0.00751427774115454,0.007434256142924122,1715943281.1206899,0.012893863138724822,0.002197666359774919,0.018907818163440553,1715943281.0707278,0.010295671819274599,-0.0038906548825052845,-2.2472836261456486
1715943276.3102674,0.0,0.0,0.0,1715943276.4002724,0.0,0.0,0.0,1715943276.3702645,0.006155016252663514,-0.017185019933221968,0.8589129081688731,1715943281.1107414,0.015455005946308347,0.01177353824670102,0.012444320147901108,1715943281.130851,0.009381543001168837,0.006366995823307464,0.013496758325393947,1715943281.0807204,0.011186488818582419,-0.002225721580893847,-2.248335926790795
1715943276.3202088,0.0,0.0,0.0,1715943276.5502837,0.0,0.0,0.0,1715943276.3802977,0.007155709912110786,-0.01898543613373893,0.8590076427078778,1715943281.1206899,0.012893863138724822,0.002197666359774919,0.018907818163440553,1715943281.1406941,0.012715609344054414,0.009313599990869337,0.004258091641792748,1715943281.090782,0.013280720640510335,-0.002067209208603593,-2.2491396589546344
1715943276.3303096,0.0,0.0,0.0,1715943276.5602748,0.0,0.0,0.0,1715943276.4002724,0.0038738589973595916,-0.017785218892035104,0.8592607235480072,1715943281.130851,0.009381543001168837,0.006366995823307464,0.013496758325393947,1715943281.1507413,0.0009452965119829656,0.005467786987040757,0.00226466179240161,1715943281.1007166,0.01509634547138372,-0.003356856780568851,-2.2499545707620614
1715943276.3403275,0.0,0.0,0.0,1715943276.5703318,0.0,0.0,0.0,1715943276.5502837,0.003556924906146064,-0.01837034188707687,0.8606786541182216,1715943281.1406941,0.012715609344054414,0.009313599990869337,0.004258091641792748,1715943281.1709156,0.018728203836453714,0.0029011266245329015,0.014391997968831529,1715943281.1107414,0.012988052657646243,-0.0035405757389461723,-2.250626988144888
1715943276.3503342,0.0,0.0,0.0,1715943276.5802605,0.0,0.0,0.0,1715943276.5602748,0.0043106570478664286,-0.016566114928048714,0.8607651190024477,1715943281.1507413,0.0009452965119829656,0.005467786987040757,0.00226466179240161,1715943281.1807697,0.019293899438425167,0.0021576337108810684,0.0012736361055635248,1715943281.1206899,0.011148632991099916,-0.004280287150283613,-2.251295908927295
1715943276.3603456,0.0,0.0,0.0,1715943276.5903082,0.0,0.0,0.0,1715943276.5703318,0.006350215145373872,-0.01703233829797335,0.8607933770345455,1715943281.1709156,0.018728203836453714,0.0029011266245329015,0.014391997968831529,1715943281.190734,0.006234399357607306,0.015286085343642064,0.0042545241968475365,1715943281.130851,0.01090210883413123,-0.006625792988044887,-2.25195807327367
1715943276.3702645,0.0,0.0,0.0,1715943276.600256,0.0,0.0,0.0,1715943276.5802605,0.007085145341499677,-0.015222714738935661,0.8609332481965337,1715943281.1807697,0.019293899438425167,0.0021576337108810684,0.0012736361055635248,1715943281.3907208,0.00043939574286623075,0.00791768617230848,0.01980674515197036,1715943281.1406941,0.00956404918539544,-0.008544643833434229,-2.252680527632603
1715943276.3802977,0.0,0.0,0.0,1715943276.610284,0.0,0.0,0.0,1715943276.5903082,0.005496292911888023,-0.016259488013148138,0.8610714191264826,1715943281.190734,0.006234399357607306,0.015286085343642064,0.0042545241968475365,1715943281.4008837,0.01407761055996981,0.00608342329427658,0.017264565572626518,1715943281.1507413,0.007808642668261978,-0.009605076024754355,-2.253550478201042
1715943276.4002724,0.0,0.0,0.0,1715943276.660254,0.0,0.0,0.0,1715943276.600256,0.0038928596565597773,-0.015263398376168302,0.8611607303815823,1715943281.3907208,0.00043939574286623075,0.00791768617230848,0.01980674515197036,1715943281.41078,0.019068661872403466,0.004582568654895036,0.015295008503817266,1715943281.1709156,0.010980001056326127,-0.012671275491238365,-2.255454921793458
1715943276.5502837,0.0,0.0,0.0,1715943276.6703062,0.0,0.0,0.0,1715943276.610284,0.005789015382222873,-0.016242133947666826,0.8612481069797573,1715943281.4008837,0.01407761055996981,0.00608342329427658,0.017264565572626518,1715943281.4207737,0.017657102916699856,0.005752862639573975,0.0010315560568780902,1715943281.1807697,0.00872649745204157,-0.013077175665625829,-2.2562798532691355
1715943276.5602748,0.0,0.0,0.0,1715943276.6802783,0.0,0.0,0.0,1715943276.660254,0.004800885078371175,-0.017539304184511773,0.8616742574481938,1715943281.41078,0.019068661872403466,0.004582568654895036,0.015295008503817266,1715943281.43077,0.00039791063988659035,3.950472823865958e-05,0.014314620228896992,1715943281.190734,0.006983573431883272,-0.013143959267577499,-2.256877241159585
1715943276.5703318,0.0,0.0,0.0,1715943276.6903317,0.0,0.0,0.0,1715943276.6703062,0.006855020765612174,-0.017663660528553393,0.8617201714923223,1715943281.4207737,0.017657102916699856,0.005752862639573975,0.0010315560568780902,1715943281.440751,0.0026767086300162296,0.01229913351138956,0.010311327545901309,1715943281.3907208,0.00921003187520908,-0.011706852712097371,-2.269041403397523
1715943276.5802605,0.0,0.0,0.0,1715943276.7002456,0.0,0.0,0.0,1715943276.6802783,0.008955563225606034,-0.01778469614010736,0.8617920020434728,1715943281.43077,0.00039791063988659035,3.950472823865958e-05,0.014314620228896992,1715943281.4507494,0.004920627662826336,0.006328799360945547,0.00033244370047742994,1715943281.4008837,0.007766818170592327,-0.011598916994504327,-2.2694481151664068
1715943276.5903082,0.0,0.0,0.0,1715943276.710299,0.0,0.0,0.0,1715943276.6903317,0.007031344476863488,-0.01746778860014664,0.8619367143897272,1715943281.440751,0.0026767086300162296,0.01229913351138956,0.010311327545901309,1715943281.4607701,0.001745843949018,0.006891259191703414,0.016916031601983173,1715943281.41078,0.009377238179393732,-0.010132189793336188,-2.2698340736359714
1715943276.600256,0.0,0.0,0.0,1715943276.7204204,0.0,0.0,0.0,1715943276.7002456,0.005885356079569748,-0.01594537297970766,0.862073308791167,1715943281.4507494,0.004920627662826336,0.006328799360945547,0.00033244370047742994,1715943281.4707558,0.0016061043753822606,0.008063785703978699,0.018397031040640797,1715943281.4207737,0.010614482174581052,-0.009022283481116666,-2.270258447202348
1715943276.610284,0.0,0.0,0.0,1715943276.7302928,0.0,0.0,0.0,1715943276.710299,0.007155265006001388,-0.017672200336420474,0.8621181196603078,1715943281.4607701,0.001745843949018,0.006891259191703414,0.016916031601983173,1715943281.480749,0.0070425684699934,0.014162004004604878,0.011917399027049,1715943281.43077,0.0084807174102135,-0.008813295392396947,-2.2705910380734045
1715943276.660254,0.0,0.0,0.0,1715943276.7403712,0.0,0.0,0.0,1715943276.7204204,0.006183552924047098,-0.019550988183990148,0.8622264539582924,1715943281.4707558,0.0016061043753822606,0.008063785703978699,0.018397031040640797,1715943281.6707952,0.006083025192470631,0.012127391376357544,0.017227114930286516,1715943281.440751,0.007560776400816316,-0.007902456116452239,-2.2708018308614397
1715943276.6703062,0.0,0.0,0.0,1715943276.7502806,0.0,0.0,0.0,1715943276.7302928,0.004613059250827889,-0.018625723018510287,0.8623230409300687,1715943281.480749,0.0070425684699934,0.014162004004604878,0.011917399027049,1715943281.6807842,0.019670127483213683,0.015474282313235221,0.01593379287025964,1715943281.4507494,0.010241387398541857,-0.008269924821298957,-2.2710645246271035
1715943276.6802783,0.0,0.0,0.0,1715943276.7603064,0.0,0.0,0.0,1715943276.7403712,0.00540670657779313,-0.020608249161286674,0.8623685433934691,1715943281.6707952,0.006083025192470631,0.012127391376357544,0.017227114930286516,1715943281.7107878,0.009790988186127874,0.00397136984333013,0.0036349549740547406,1715943281.4607701,0.011895722398073794,-0.009062592092043964,-2.271510661269436
1715943276.6903317,0.0,0.0,0.0,1715943276.770449,0.0,0.0,0.0,1715943276.7502806,0.0042278405920812,-0.019234396913198504,0.8625998801646304,1715943281.6807842,0.019670127483213683,0.015474282313235221,0.01593379287025964,1715943281.7207737,0.0104466663029513,0.01118645911986138,0.007529241656373559,1715943281.4707558,0.010030190218740298,-0.009791237775576445,-2.2718615431053877
1715943276.7002456,0.0,0.0,0.0,1715943276.7802613,0.0,0.0,0.0,1715943276.7603064,0.00449550050637787,-0.017332058297179653,0.862681764792584,1715943281.7107878,0.009790988186127874,0.00397136984333013,0.0036349549740547406,1715943281.7308235,0.0017482007102529512,0.0039688363427319295,0.01204214807847133,1715943281.480749,0.00896148982224032,-0.009887222595275524,-2.2720684895347993
1715943276.710299,0.0,0.0,0.0,1715943276.790322,0.0,0.0,0.0,1715943276.770449,0.006568563262035199,-0.017748656640656835,0.8627383356764171,1715943281.7207737,0.0104466663029513,0.01118645911986138,0.007529241656373559,1715943281.7407794,0.019139751780501653,0.012741402248226175,0.004820732387094783,1715943281.6707952,0.009817650934029087,-0.015387648818293576,-2.2787325200931745
1715943276.7204204,0.0,0.0,0.0,1715943276.8004959,0.0,0.0,0.0,1715943276.7802613,0.005031629444805008,-0.018922164123766905,0.86288512151745,1715943281.7308235,0.0017482007102529512,0.0039688363427319295,0.01204214807847133,1715943281.8708482,0.00027544371387093784,0.01073036420983775,0.003256990252389063,1715943281.6807842,0.007864081664369804,-0.015198323580091655,-2.279002417508524
1715943276.7302928,0.0,0.0,0.0,1715943276.8103182,0.0,0.0,0.0,1715943276.790322,0.0033193866543395623,-0.01819077647524492,0.8630293484944127,1715943281.7407794,0.019139751780501653,0.012741402248226175,0.004820732387094783,1715943281.9007828,0.009873290055808602,0.009166746614986732,0.01292294267873244,1715943281.7107878,0.0032931949927772486,-0.01080480527784089,-2.2797144037880095
1715943276.7403712,0.0,0.0,0.0,1715943276.8203905,0.0,0.0,0.0,1715943276.8004959,0.001847532130769991,-0.017000552318303885,0.863107207152914,1715943281.8708482,0.00027544371387093784,0.01073036420983775,0.003256990252389063,1715943281.9107997,0.003987838237351967,0.017753806760701485,0.01440329844759034,1715943281.7207737,0.0018201722685904365,-0.010123514970824754,-2.279785536506566
1715943276.7502806,0.0,0.0,0.0,1715943276.8302624,0.0,0.0,0.0,1715943276.8103182,0.002177640602708475,-0.01513308217949949,0.863160542420697,1715943281.9007828,0.009873290055808602,0.009166746614986732,0.01292294267873244,1715943281.9208002,0.007274657711535379,0.007060330713382079,0.018613423880088426,1715943281.7308235,0.004595099927511503,-0.009873192900547556,-2.2801326100716333
1715943276.7603064,0.0,0.0,0.0,1715943276.8402824,0.0,0.0,0.0,1715943276.8203905,0.0003755718725320101,-0.015705305631063204,0.8632508271574538,1715943281.9107997,0.003987838237351967,0.017753806760701485,0.01440329844759034,1715943281.9308498,0.013532411435726272,0.0096680883194602,0.000494994728812639,1715943281.7407794,0.00652594672820328,-0.010183428286444585,-2.2804023057677725
1715943276.770449,0.0,0.0,0.0,1715943276.8502507,0.0,0.0,0.0,1715943276.8302624,-0.0011703506621149051,-0.014600450458379655,0.8633159088137623,1715943281.9208002,0.007274657711535379,0.007060330713382079,0.018613423880088426,1715943281.9407785,0.015898158485259946,0.0020286469792980544,0.017990321818308064,1715943281.8708482,0.012627490285948895,-0.009503354111548568,-2.2838304909605824
1715943276.7802613,0.0,0.0,0.0,1715943276.8602736,0.0,0.0,0.0,1715943276.8402824,-0.0026142043977718243,-0.015882064890958336,0.8634115900704138,1715943281.9308498,0.013532411435726272,0.0096680883194602,0.000494994728812639,1715943281.960842,0.0023685320767483937,0.009644692446932446,0.0008551929302457169,1715943281.9007828,0.011274557147083364,-0.010182648710528541,-2.2850400942337856
1715943276.790322,0.0,0.0,0.0,1715943276.8703625,0.0,0.0,0.0,1715943276.8502507,-0.0006429893780700024,-0.015164347338090911,0.8634296586722305,1715943281.9407785,0.015898158485259946,0.0020286469792980544,0.017990321818308064,1715943282.0407798,0.013177156824316257,0.015050743735468108,0.0008062573555256353,1715943281.9107997,0.013648009038166542,-0.010937914780456248,-2.2853582964392016
1715943276.8004959,0.0,0.0,0.0,1715943276.880283,0.0,0.0,0.0,1715943276.8602736,0.0009478180014844129,-0.013890814180365307,0.8635254368919056,1715943281.960842,0.0023685320767483937,0.009644692446932446,0.0008551929302457169,1715943282.1108336,0.015348421088928046,0.012238138168508828,0.008468565173987561,1715943281.9208002,0.01166731337895488,-0.010719343066939446,-2.2856068953719495
1715943276.8103182,0.0,0.0,0.0,1715943276.890301,0.0,0.0,0.0,1715943276.8703625,0.0030073085619143347,-0.013705420612724506,0.8635703288004766,1715943282.0407798,0.013177156824316257,0.015050743735468108,0.0008062573555256353,1715943282.1208062,0.0011970830894981236,0.016291286726904497,0.008730435357092758,1715943281.9308498,0.0099871347423921,-0.01086098041084349,-2.2859600449140194
1715943276.8203905,0.0,0.0,0.0,1715943276.9503582,0.0,0.0,0.0,1715943276.880283,0.003130576965040599,-0.01573949336719349,0.863660263196543,1715943282.1108336,0.015348421088928046,0.012238138168508828,0.008468565173987561,1715943282.1308136,0.010493509202541499,0.013383076732320642,0.0060239921124679435,1715943281.9407785,0.012319371505309151,-0.01001254043969535,-2.286252254980167
1715943276.8302624,0.0,0.0,0.0,1715943276.9603033,0.0,0.0,0.0,1715943276.890301,0.0012950326896622455,-0.016136443571684644,0.8637422335130504,1715943282.1208062,0.0011970830894981236,0.016291286726904497,0.008730435357092758,1715943282.1408362,0.008828453323282708,0.008722750058870687,0.011634554027480886,1715943281.960842,0.00811389127709794,-0.010412840354685704,-2.2869976998831465
1715943276.8402824,0.0,0.0,0.0,1715943276.9704895,0.0,0.0,0.0,1715943276.9503582,0.0016659046304687841,-0.018094273446968234,0.8643781322948876,1715943282.1308136,0.010493509202541499,0.013383076732320642,0.0060239921124679435,1715943282.1508205,0.014371781672870206,0.011103797867387577,0.016089526257784408,1715943282.0407798,0.007859933132404073,-0.00847419264706839,-2.2892203762371226
1715943276.8502507,0.0,0.0,0.0,1715943276.9803438,0.0,0.0,0.0,1715943276.9603033,0.00207770912652655,-0.01622099786705622,0.8644665341525326,1715943282.1408362,0.008828453323282708,0.008722750058870687,0.011634554027480886,1715943282.1609263,0.0066066145397426475,0.015472674056477231,0.015176254582968656,1715943282.1108336,0.0075064264627153765,-0.010037117946895213,-2.291213780403451
1715943276.8602736,0.0,0.0,0.0,1715943276.9903936,0.0,0.0,0.0,1715943276.9704895,0.0041720084338782715,-0.016849739171455047,0.8645547143098269,1715943282.1508205,0.014371781672870206,0.011103797867387577,0.016089526257784408,1715943282.1708262,0.005857857523768093,0.011346846261637511,0.017347424356212962,1715943282.1208062,0.0061332098610653585,-0.010125635305355152,-2.2915396890957496
1715943276.8703625,0.0,0.0,0.0,1715943277.0003235,0.0,0.0,0.0,1715943276.9803438,0.006190591934817746,-0.017094460184081894,0.8646221936385131,1715943282.1609263,0.0066066145397426475,0.015472674056477231,0.015176254582968656,1715943282.180924,0.010867480227953408,0.008807733573863219,0.017154980865237084,1715943282.1308136,0.007716532488070582,-0.011125176032676487,-2.2917177274242775
1715943276.880283,0.0,0.0,0.0,1715943277.0103152,0.0,0.0,0.0,1715943276.9903936,0.004394972023196553,-0.016628675408115745,0.8647709307542022,1715943282.1708262,0.005857857523768093,0.011346846261637511,0.017347424356212962,1715943282.1908782,0.0002404595248587508,0.0022075528645293385,0.005798655421724915,1715943282.1408362,0.005775565593448162,-0.012618584738174787,-2.291999701067894
1715943276.890301,0.0,0.0,0.0,1715943277.0203803,0.0,0.0,0.0,1715943277.0003235,0.003409618375057488,-0.01504256247528124,0.8649163631129692,1715943282.180924,0.010867480227953408,0.008807733573863219,0.017154980865237084,1715943282.2008796,0.0015011242883968242,0.0069025959156843175,0.014551399571405419,1715943282.1508205,0.003936415414856009,-0.012874635479002805,-2.2922585923539414
1715943276.9503582,0.0,0.0,0.0,1715943277.0302944,0.0,0.0,0.0,1715943277.0103152,0.002850885816732651,-0.017047725296495786,0.8650354725199401,1715943282.1908782,0.0002404595248587508,0.0022075528645293385,0.005798655421724915,1715943282.2108998,0.01146594411383647,0.0005303559049918416,0.014002367354910776,1715943282.1609263,0.005651949310786941,-0.01408335338130029,-2.292617029678863
1715943276.9603033,0.0,0.0,0.0,1715943277.040311,0.0,0.0,0.0,1715943277.0203803,0.0018101472269008712,-0.0187602659738495,0.865083642367919,1715943282.2008796,0.0015011242883968242,0.0069025959156843175,0.014551399571405419,1715943282.2208416,0.0002998093437377213,0.00036792149023567866,0.015433647440343892,1715943282.1708262,0.007233798928254487,-0.015122711516546206,-2.292934444837835
1715943276.9704895,0.0,0.0,0.0,1715943277.050276,0.0,0.0,0.0,1715943277.0302944,0.0011913109182549175,-0.01696547900957479,0.8652075870716494,1715943282.2108998,0.01146594411383647,0.0005303559049918416,0.014002367354910776,1715943282.2311802,0.006779600086760102,0.01863777531434696,0.0193550890510696,1715943282.180924,0.008603047528770835,-0.016349472938576692,-2.293245562536982
1715943276.9803438,0.0,0.0,0.0,1715943277.0602918,0.0,0.0,0.0,1715943277.040311,0.0033022179880815017,-0.017325040449187812,0.86528004628475,1715943282.2208416,0.0002998093437377213,0.00036792149023567866,0.015433647440343892,1715943282.2408576,0.005606482542689711,0.004195883597479799,0.002514711817895897,1715943282.1908782,0.007753213740904874,-0.01439109995200627,-2.2934696384307625
1715943276.9903936,0.0,0.0,0.0,1715943277.1503146,0.0,0.0,0.0,1715943277.050276,0.0013848227699305715,-0.01748129148952904,0.8654178156954039,1715943282.2311802,0.006779600086760102,0.01863777531434696,0.0193550890510696,1715943282.2508407,0.0013106719863047022,0.014038431358654568,0.012470106569364552,1715943282.2008796,0.007829253382430679,-0.012341676584566086,-2.2937479693900373
1715943277.0003235,0.0,0.0,0.0,1715943277.1603384,0.0,0.0,0.0,1715943277.0602918,0.002559448053216562,-0.015883181009402447,0.8654946083384962,1715943282.2408576,0.005606482542689711,0.004195883597479799,0.002514711817895897,1715943282.2611694,0.000311516129408578,0.006779109066316513,0.01096456283698136,1715943282.2108998,0.007306154105747975,-0.010584725284962904,-2.293973475969614
1715943277.0103152,0.0,0.0,0.0,1715943277.1704302,0.0,0.0,0.0,1715943277.1503146,0.0025362729228028402,-0.016542571509853277,0.8664269451252817,1715943282.2508407,0.0013106719863047022,0.014038431358654568,0.012470106569364552,1715943282.2708082,0.010078211456145125,0.013293255950304061,0.005941528958079892,1715943282.2208416,0.005974711965381685,-0.009579676946800841,-2.294333702106922
1715943277.0203803,0.0,0.0,0.0,1715943277.1803055,0.0,0.0,0.0,1715943277.1603384,0.003118198646707593,-0.014718455598416114,0.8665190583727831,1715943282.2611694,0.000311516129408578,0.006779109066316513,0.01096456283698136,1715943282.2808259,0.017915641862385187,0.006853231518985314,0.00570999092845247,1715943282.2311802,0.004446509261438525,-0.010319038824440296,-2.2947497469968807
1715943277.0302944,0.0,0.0,0.0,1715943277.1903834,0.0,0.0,0.0,1715943277.1704302,0.0047714575700090744,-0.015974474377779657,0.8666096427311452,1715943282.2708082,0.010078211456145125,0.013293255950304061,0.005941528958079892,1715943282.2908325,0.0004690800185771487,0.015227464935083201,0.014603840676220408,1715943282.2408576,0.0054771805877367186,-0.012504779718696568,-2.2952424497817123
1715943277.040311,0.0,0.0,0.0,1715943277.2003143,0.0,0.0,0.0,1715943277.1803055,0.006484933153976136,-0.017137788564503875,0.8667433517682919,1715943282.2808259,0.017915641862385187,0.006853231518985314,0.00570999092845247,1715943282.3108823,0.019611477279658545,0.004321550935607599,0.01798580632225796,1715943282.2508407,0.003589548992121383,-0.013504085818152545,-2.295654853474425
1715943277.050276,0.0,0.0,0.0,1715943277.2103755,0.0,0.0,0.0,1715943277.1903834,0.004560195610330886,-0.016778095460719733,0.8668460811798058,1715943282.2908325,0.0004690800185771487,0.015227464935083201,0.014603840676220408,1715943282.3308718,0.01399805463413151,0.009796347858900711,0.0023222149661131604,1715943282.2611694,0.0016206535069893668,-0.014286436866010943,-2.295987551426734
1715943277.0602918,0.0,0.0,0.0,1715943277.22029,0.0,0.0,0.0,1715943277.2003143,0.003730926974830795,-0.015124814410361509,0.86697273703224,1715943282.3108823,0.019611477279658545,0.004321550935607599,0.01798580632225796,1715943282.3708608,0.014266503333412332,0.016065262849602746,0.0018841467823508644,1715943282.2708082,0.0003612014970080235,-0.013278731357225126,-2.296158319665947
1715943277.1503146,0.0,0.0,0.0,1715943277.2303073,0.0,0.0,0.0,1715943277.2103755,0.005625575931441917,-0.014342185200697743,0.8670315237633126,1715943282.3308718,0.01399805463413151,0.009796347858900711,0.0023222149661131604,1715943282.3908398,0.01809219561188336,0.0019467063416678254,0.012578419708215428,1715943282.2808259,0.0018439039593818318,-0.011818848619848943,-2.2965019071491817
1715943277.1603384,0.0,0.0,0.0,1715943277.2403212,0.0,0.0,0.0,1715943277.22029,0.005112241511739057,-0.016264847185042397,0.8671297913576695,1715943282.3708608,0.014266503333412332,0.016065262849602746,0.0018841467823508644,1715943282.4008834,0.013834889786215075,0.010774705433131526,0.004129115462207154,1715943282.2908325,0.001612491091340873,-0.009852475332858157,-2.296801759157111
1715943277.1704302,0.0,0.0,0.0,1715943277.2502944,0.0,0.0,0.0,1715943277.2303073,0.003201458182422845,-0.01613427323064398,0.867233603402936,1715943282.3908398,0.01809219561188336,0.0019467063416678254,0.012578419708215428,1715943282.4108768,0.007597852618731295,0.0006187837166060639,0.015672950406107788,1715943282.3108823,0.0048719420314760065,-0.007274754544269513,-2.2974627162847163
1715943277.1803055,0.0,0.0,0.0,1715943277.2603292,0.0,0.0,0.0,1715943277.2403212,0.004752588166408056,-0.017542355420648192,0.8672682444097588,1715943282.4008834,0.013834889786215075,0.010774705433131526,0.004129115462207154,1715943282.4209268,0.003130392991780634,0.016289901950763186,0.009999967435165416,1715943282.3308718,0.0009917957682257228,-0.007764204221748505,-2.2978918396382033
1715943277.1903834,0.0,0.0,0.0,1715943277.2702892,0.0,0.0,0.0,1715943277.2502944,0.005242912687797419,-0.019535122581773035,0.8673531249390768,1715943282.4108768,0.007597852618731295,0.0006187837166060639,0.015672950406107788,1715943282.430904,0.00788679930553978,0.007948745439406046,0.007238688016818312,1715943282.3708608,0.0004548460660875886,-0.011550120894413318,-2.2990270142965565
1715943277.2003143,0.0,0.0,0.0,1715943277.2803056,0.0,0.0,0.0,1715943277.2603292,0.0037292602700585986,-0.01848014187118019,0.867474352942714,1715943282.4209268,0.003130392991780634,0.016289901950763186,0.009999967435165416,1715943282.440865,0.002443575833195111,0.004867819489324576,0.016549763370425973,1715943282.3908398,-0.0038831442855220555,-0.011612420857397332,-2.2995907220952665
1715943277.2103755,0.0,0.0,0.0,1715943277.290426,0.0,0.0,0.0,1715943277.2702892,0.00579371326740491,-0.018417675088023833,0.8675223706073427,1715943282.430904,0.00788679930553978,0.007948745439406046,0.007238688016818312,1715943282.460923,0.01321891112025363,0.018656827870368264,0.014301379122114623,1715943282.4008834,-0.005744486496539913,-0.011843561106402722,-2.2999151133157296
1715943277.22029,0.0,0.0,0.0,1715943277.3003268,0.0,0.0,0.0,1715943277.2803056,0.0077802709107075985,-0.018000871881545644,0.8675852414373879,1715943282.440865,0.002443575833195111,0.004867819489324576,0.016549763370425973,1715943282.4709425,0.00904845233940233,0.0014944096990343603,0.0035422018611666038,1715943282.4108768,-0.0033929278708313415,-0.011539514499374404,-2.300191853050661
1715943277.2303073,0.0,0.0,0.0,1715943277.3104246,0.0,0.0,0.0,1715943277.290426,0.006237104279952943,-0.019236088512320393,0.8677718206520821,1715943282.460923,0.01321891112025363,0.018656827870368264,0.014301379122114623,1715943282.4808567,0.012315209829950035,0.019673953816994105,0.011933121728826131,1715943282.4209268,-0.0015809491178708779,-0.011819318617801722,-2.3005011241811637
1715943277.2403212,0.0,0.0,0.0,1715943277.320344,0.0,0.0,0.0,1715943277.3003268,0.004916236524457551,-0.01791105445666985,0.8678907487790477,1715943282.4709425,0.00904845233940233,0.0014944096990343603,0.0035422018611666038,1715943282.4908419,0.0019273615049753105,0.019000544970538158,0.013583167043077443,1715943282.430904,-0.003422590880065801,-0.011889193154748456,-2.300707938748757
1715943277.2502944,0.0,0.0,0.0,1715943277.3303518,0.0,0.0,0.0,1715943277.3104246,0.006491678220688912,-0.016760155252024678,0.8679870807703174,1715943282.4808567,0.012315209829950035,0.019673953816994105,0.011933121728826131,1715943282.5108702,0.010964933488403574,0.0001164161854949608,0.011654637501000029,1715943282.440865,-0.004621724447337439,-0.01313460665726307,-2.3010033691722325
1715943277.2603292,0.0,0.0,0.0,1715943277.3404322,0.0,0.0,0.0,1715943277.320344,0.006447522850926479,-0.018839021350646412,0.8680695209952094,1715943282.4908419,0.0019273615049753105,0.019000544970538158,0.013583167043077443,1715943282.5208523,0.007196832709292334,0.009111750603164825,0.016157497193750748,1715943282.460923,-0.008413597193356992,-0.011786315068283093,-2.3015463557753155
1715943277.2702892,0.0,0.0,0.0,1715943277.3503547,0.0,0.0,0.0,1715943277.3303518,0.00491584863922645,-0.01772841107158518,0.8681918661909216,1715943282.5108702,0.010964933488403574,0.0001164161854949608,0.011654637501000029,1715943282.5408607,0.009355040422459448,0.0014881522694947247,0.0036218548490005273,1715943282.4709425,-0.01003909908591738,-0.01130973762409715,-2.301979403137084
1715943277.2803056,0.0,0.0,0.0,1715943277.3603938,0.0,0.0,0.0,1715943277.3404322,0.005332857132278324,-0.01983352517941439,0.8682795699390524,1715943282.5208523,0.007196832709292334,0.009111750603164825,0.016157497193750748,1715943282.5508566,0.005220167351437493,0.012712159888123242,0.003372273513859773,1715943282.4808567,-0.008113096728840752,-0.010101258773361765,-2.302328126676077
1715943277.290426,0.0,0.0,0.0,1715943277.3703175,0.0,0.0,0.0,1715943277.3503547,0.004452307836364522,-0.01819753294941462,0.86837999749827,1715943282.5408607,0.009355040422459448,0.0014881522694947247,0.0036218548490005273,1715943282.5708938,0.0008803487420986518,0.007361144489985261,0.002923644176417734,1715943282.4908419,-0.007673048932532733,-0.008385459545944718,-2.3027589594206868
1715943277.3003268,0.0,0.0,0.0,1715943277.3804061,0.0,0.0,0.0,1715943277.3603938,0.003951747832941499,-0.01636336749741152,0.868444306633,1715943282.5508566,0.005220167351437493,0.012712159888123242,0.003372273513859773,1715943282.5809178,0.0019326643572996002,0.008475681659746215,0.01676563534947761,1715943282.5108702,-0.009813742074129772,-0.0060616616456155015,-2.3033773435338247
1715943277.3104246,0.0,0.0,0.0,1715943277.3904774,0.0,0.0,0.0,1715943277.3703175,0.0057865176649885,-0.017219716239473604,0.868476889230375,1715943282.5708938,0.0008803487420986518,0.007361144489985261,0.002923644176417734,1715943282.5908878,0.004719467785101408,0.0005028414370675804,0.006094999331483821,1715943282.5208523,-0.00752264526378954,-0.0062780016061250166,-2.30367158043126
1715943277.320344,0.0,0.0,0.0,1715943277.4003448,0.0,0.0,0.0,1715943277.3804061,0.004685272178834299,-0.015664626597163833,0.8686302890094451,1715943282.5809178,0.0019326643572996002,0.008475681659746215,0.01676563534947761,1715943282.6009166,0.008710346569103761,0.0027222382825136116,0.016512355595510037,1715943282.5408607,-0.012206108925133075,-0.007927560550069712,-2.3040647722718486
1715943277.3303518,0.0,0.0,0.0,1715943277.4104307,0.0,0.0,0.0,1715943277.3904774,0.0034395771213079906,-0.017372147328264864,0.868756979428629,1715943282.5908878,0.004719467785101408,0.0005028414370675804,0.006094999331483821,1715943282.6109676,0.0022574431026715345,0.00703095590205316,0.0021955681826118065,1715943282.5508566,-0.013752696265392217,-0.008040625409514224,-2.304186127821484
1715943277.3404322,0.0,0.0,0.0,1715943277.4904993,0.0,0.0,0.0,1715943277.4003448,0.002855936073901888,-0.015624261835875952,0.868848885666211,1715943282.6009166,0.008710346569103761,0.0027222382825136116,0.016512355595510037,1715943282.6209042,0.004313536909049295,0.015214276447358621,0.016334418898008355,1715943282.5708938,-0.010271240161189743,-0.009284290292911557,-2.304897005048815
1715943277.3503547,0.0,0.0,0.0,1715943277.500385,0.0,0.0,0.0,1715943277.4104307,0.003735090682034592,-0.013886978648023574,0.8688968686746946,1715943282.6109676,0.0022574431026715345,0.00703095590205316,0.0021955681826118065,1715943282.640857,0.0029128271701604615,0.00021246823112130997,0.009748152997328077,1715943282.5809178,-0.008201190090180166,-0.008958607118953799,-2.3052546147193382
1715943277.3603938,0.0,0.0,0.0,1715943277.5503957,0.0,0.0,0.0,1715943277.4904993,0.005588488118879575,-0.01779085137520764,0.8696657787311516,1715943282.6209042,0.004313536909049295,0.015214276447358621,0.016334418898008355,1715943282.6508949,0.017187482645725213,0.0019965315594183686,0.0006468245935657094,1715943282.5908878,-0.005899765778321742,-0.008400384978214381,-2.305594571026231
1715943277.3703175,0.0,0.0,0.0,1715943277.5603883,0.0,0.0,0.0,1715943277.500385,0.004886525383588081,-0.01606279591957649,0.869776580855343,1715943282.640857,0.0029128271701604615,0.00021246823112130997,0.009748152997328077,1715943282.660906,0.009577923751206908,0.005918916001106833,0.015101937447040584,1715943282.6009166,-0.004040618153010822,-0.007547470848389359,-2.3059231663790634
1715943277.3804061,0.0,0.0,0.0,1715943277.570422,0.0,0.0,0.0,1715943277.5503957,0.002257516411112659,-0.017240097836239254,0.8702089523925032,1715943282.6508949,0.017187482645725213,0.0019965315594183686,0.0006468245935657094,1715943282.6708896,0.0054242757825241576,0.0013991799587991238,0.0007561967210612986,1715943282.6109676,-0.005945810502293591,-0.006828491102882195,-2.306257691560395
1715943277.3904774,0.0,0.0,0.0,1715943277.5803514,0.0,0.0,0.0,1715943277.5603883,0.0023941123707260648,-0.015293142617335054,0.8702957857561247,1715943282.660906,0.009577923751206908,0.005918916001106833,0.015101937447040584,1715943282.680887,0.0075150017382022115,0.015335099056904777,0.0026427196215295175,1715943282.6209042,-0.007795644388165712,-0.006437213528740715,-2.3064979394244363
1715943277.4003448,0.0,0.0,0.0,1715943277.5904975,0.0,0.0,0.0,1715943277.570422,0.004306674013315026,-0.01614203431763972,0.8703375364049923,1715943282.6708896,0.0054242757825241576,0.0013991799587991238,0.0007561967210612986,1715943282.6909044,0.014755511530024825,0.01859192524472264,0.014583505916685155,1715943282.640857,-0.003994987359791757,-0.006524396465602766,-2.3069385273896597
1715943277.4104307,0.0,0.0,0.0,1715943277.600388,0.0,0.0,0.0,1715943277.5803514,0.006358528906140248,-0.016393874655457275,0.8703764600400441,1715943282.680887,0.0075150017382022115,0.015335099056904777,0.0026427196215295175,1715943282.7809875,0.010171338438757189,0.0021027680267233784,0.00041366798731538954,1715943282.6508949,-0.005609816841709359,-0.008123605760530062,-2.307105390374403
1715943277.4904993,0.0,0.0,0.0,1715943277.6103592,0.0,0.0,0.0,1715943277.5904975,0.004443119296923759,-0.016884257938545755,0.8705211715611497,1715943282.6909044,0.014755511530024825,0.01859192524472264,0.014583505916685155,1715943282.7908764,0.0061533185803343445,0.0016379781608901745,0.0020268547188625305,1715943282.660906,-0.002909821096237053,-0.00882929597641735,-2.307399001395657
1715943277.500385,0.0,0.0,0.0,1715943277.6203814,0.0,0.0,0.0,1715943277.600388,0.0030915072282197698,-0.015666483701984202,0.8706406492514833,1715943282.7809875,0.010171338438757189,0.0021027680267233784,0.00041366798731538954,1715943282.8009315,0.01878356049634245,0.013442125540670258,0.010731121529464045,1715943282.6708896,-0.0009378226592338113,-0.010080272541276525,-2.307645295767246
1715943277.5503957,0.0,0.0,0.0,1715943277.6304061,0.0,0.0,0.0,1715943277.6103592,0.004763757218645914,-0.01693376372202926,0.8707308279337498,1715943282.7908764,0.0061533185803343445,0.0016379781608901745,0.0020268547188625305,1715943282.8109603,0.006975378477067879,0.007065495521959786,0.013186576908613922,1715943282.680887,-0.0025644332633261158,-0.011353356906802281,-2.3079075812829313
1715943277.5603883,0.0,0.0,0.0,1715943277.640553,0.0,0.0,0.0,1715943277.6203814,0.00573302116032387,-0.018736283129131337,0.8708289164406608,1715943282.8009315,0.01878356049634245,0.013442125540670258,0.010731121529464045,1715943282.8209305,0.019095631550228163,0.00010099648668782102,0.010811416579869181,1715943282.6909044,-0.0034809081904019212,-0.01277955049056434,-2.308122526118404
1715943277.570422,0.0,0.0,0.0,1715943277.6503842,0.0,0.0,0.0,1715943277.6304061,0.00420072105521202,-0.017673660543186864,0.8709628404283376,1715943282.8109603,0.006975378477067879,0.007065495521959786,0.013186576908613922,1715943282.8309102,0.007986834016058753,0.0016876082443133544,0.002063084688086372,1715943282.7809875,0.0012278973553427885,-0.010377892729265925,-2.3116111264504955
1715943277.5803514,0.0,0.0,0.0,1715943277.6603665,0.0,0.0,0.0,1715943277.640553,0.003346443880037131,-0.01948736182604449,0.8711282605321231,1715943282.8209305,0.019095631550228163,0.00010099648668782102,0.010811416579869181,1715943282.8409371,0.001356597984355864,0.009753267426943824,0.0019019859975363475,1715943282.7908764,-0.00025851759295991705,-0.01153198989257187,-2.311991305630528
1715943277.5904975,0.0,0.0,0.0,1715943277.6703396,0.0,0.0,0.0,1715943277.6503842,0.00434279057692305,-0.017882849928775313,0.8712079093570391,1715943282.8309102,0.007986834016058753,0.0016876082443133544,0.002063084688086372,1715943282.851154,0.0013992328895110818,0.002436013558325678,0.0037702323866477473,1715943282.8009315,0.0003005726307134804,-0.009539633161054661,-2.312317815818477
1715943277.600388,0.0,0.0,0.0,1715943277.680361,0.0,0.0,0.0,1715943277.6603665,0.004423626873174491,-0.01594518634641262,0.8712690628937523,1715943282.8409371,0.001356597984355864,0.009753267426943824,0.0019019859975363475,1715943282.861072,0.005223617268705553,0.003665749058809009,0.006880889771113588,1715943282.8109603,-0.0006579415169642999,-0.007858752816998216,-2.3127770332207422
1715943277.6103592,0.0,0.0,0.0,1715943277.6904986,0.0,0.0,0.0,1715943277.6703396,0.006368541686038676,-0.01540011071896652,0.8712881713439937,1715943282.851154,0.0013992328895110818,0.002436013558325678,0.0037702323866477473,1715943282.880899,0.010325047800746782,0.010505614288340404,0.011891313594332022,1715943282.8209305,-0.0013505522485472987,-0.005677956107673854,-2.313152527055239
1715943277.6203814,0.0,0.0,0.0,1715943277.700361,0.0,0.0,0.0,1715943277.680361,0.006782323693433567,-0.017380081328799646,0.8713958537634402,1715943282.861072,0.005223617268705553,0.003665749058809009,0.006880889771113588,1715943282.8909242,0.0097550160042113,0.014116419997733942,0.010662936363091246,1715943282.8309102,0.0009025434577192293,-0.004949961329004715,-2.31363550539617
1715943277.6304061,0.0,0.0,0.0,1715943277.7103863,0.0,0.0,0.0,1715943277.6904986,0.005275666440991811,-0.018642343806629658,0.8715666630074759,1715943282.880899,0.010325047800746782,0.010505614288340404,0.011891313594332022,1715943282.9610565,0.0038172859897612384,0.013252053253247631,0.0008112464417968899,1715943282.8409371,-8.560847349659007e-05,-0.0031370043012812765,-2.313861785466499
1715943277.640553,0.0,0.0,0.0,1715943277.720338,0.0,0.0,0.0,1715943277.700361,0.004431004666147542,-0.01704361710004898,0.8716632131523884,1715943282.8909242,0.0097550160042113,0.014116419997733942,0.010662936363091246,1715943282.970917,0.005270813358270465,0.010799747888513789,0.00416149627545955,1715943282.851154,0.001435448885953594,-0.001498312506936328,-2.3140664730840004
1715943277.6503842,0.0,0.0,0.0,1715943277.7303953,0.0,0.0,0.0,1715943277.7103863,0.0064977676184297395,-0.01673342542096723,0.8716817667930623,1715943282.9610565,0.0038172859897612384,0.013252053253247631,0.0008112464417968899,1715943282.9809716,0.0024772802764609107,0.0037553266502323712,0.015253310791194356,1715943282.861072,0.0008319206179199234,0.0004992687957825481,-2.3143201041188957
1715943277.6603665,0.0,0.0,0.0,1715943277.7403917,0.0,0.0,0.0,1715943277.720338,0.004966912111628752,-0.018010602711020063,0.8717857280269876,1715943282.970917,0.005270813358270465,0.010799747888513789,0.00416149627545955,1715943282.9908936,0.007352109104143163,0.008891177952097706,0.004040092356521473,1715943282.880899,0.003840212915315,0.0036937772219844955,-2.314853642670936
1715943277.6703396,0.0,0.0,0.0,1715943277.750367,0.0,0.0,0.0,1715943277.7303953,0.003331219718445133,-0.017153506098223525,0.8718782170264978,1715943282.9809716,0.0024772802764609107,0.0037553266502323712,0.015253310791194356,1715943283.0009606,0.016292539642346962,0.0039787127838311065,0.003711446169891078,1715943282.8909242,0.0033792776993093465,0.005179173703655948,-2.3151857622517342
1715943277.680361,0.0,0.0,0.0,1715943277.7603774,0.0,0.0,0.0,1715943277.7403917,0.0027659293053147738,-0.019152058309217512,0.8720032577614789,1715943282.9908936,0.007352109104143163,0.008891177952097706,0.004040092356521473,1715943283.011083,0.01642159042874563,0.014805713184742553,0.012632257535232921,1715943282.9610565,-0.0010121044772755106,9.624529006879712e-06,-2.3175426778014616
1715943277.6904986,0.0,0.0,0.0,1715943277.7703648,0.0,0.0,0.0,1715943277.750367,0.003647887373084191,-0.021064303639741322,0.8720875065385819,1715943283.0009606,0.016292539642346962,0.0039787127838311065,0.003711446169891078,1715943283.020981,0.005891018718895458,0.013844702438154055,0.008424223194708239,1715943282.970917,0.00017057166645151334,-0.002213828857301481,-2.317964405140403
1715943277.700361,0.0,0.0,0.0,1715943277.7803674,0.0,0.0,0.0,1715943277.7603774,0.004114823917071797,-0.01918900389544609,0.8722091786623125,1715943283.011083,0.01642159042874563,0.014805713184742553,0.012632257535232921,1715943283.0509317,0.0029893559495976136,0.015920684665829743,0.003779542545158152,1715943282.9809716,0.002130578476056355,-0.003972505420574368,-2.318282686178101
1715943277.7103863,0.0,0.0,0.0,1715943277.7905118,0.0,0.0,0.0,1715943277.7703648,0.005944435782288149,-0.01834382395470424,0.8721968758662026,1715943283.020981,0.005891018718895458,0.013844702438154055,0.008424223194708239,1715943283.070968,0.00777165979920723,0.01861057636494179,0.00758982293227348,1715943282.9908936,0.0006536252244369045,-0.005947837884290319,-2.318642820664381
1715943277.720338,0.0,0.0,0.0,1715943277.8003507,0.0,0.0,0.0,1715943277.7803674,0.007299250930641321,-0.016839607844899573,0.8722929068821889,1715943283.0509317,0.0029893559495976136,0.015920684665829743,0.003779542545158152,1715943283.0908933,0.0045699985452588325,0.0015695308465908386,0.005059104419299946,1715943283.0009606,0.0011370296254773482,-0.008630600105728137,-2.3188261035875772
1715943277.7303953,0.0,0.0,0.0,1715943277.880365,0.0,0.0,0.0,1715943277.7905118,0.006342986996032807,-0.018650014062221887,0.8723637652195346,1715943283.070968,0.00777165979920723,0.01861057636494179,0.00758982293227348,1715943283.100909,0.008708604988831825,0.011894554454048523,0.011877342125417438,1715943283.011083,0.0012211682337643914,-0.011225783426584979,-2.319144514075392
1715943277.7403917,0.0,0.0,0.0,1715943277.8904321,0.0,0.0,0.0,1715943277.8003507,0.005525100487279999,-0.017010385415403118,0.8724618829620712,1715943283.0908933,0.0045699985452588325,0.0015695308465908386,0.005059104419299946,1715943283.1309395,0.015838357495389862,0.0144986875634876,0.01437556398575421,1715943283.020981,0.0010895279978986316,-0.013595377426554478,-2.3194125609807275
1715943277.750367,0.0,0.0,0.0,1715943277.9003618,0.0,0.0,0.0,1715943277.880365,0.0062958716315849594,-0.016560497589700685,0.8732720163724411,1715943283.100909,0.008708604988831825,0.011894554454048523,0.011877342125417438,1715943283.3509886,0.001955738442966538,0.012012121460798664,0.017114876123188145,1715943283.0509317,0.0015438944604044824,-0.019163580556349702,-2.3208879601955124
1715943277.7603774,0.0,0.0,0.0,1715943277.9104059,0.0,0.0,0.0,1715943277.8904321,0.0043595008996159534,-0.01705393623528617,0.87339437436238,1715943283.1309395,0.015838357495389862,0.0144986875634876,0.01437556398575421,1715943283.3610373,0.007265905040233082,0.01890327095478761,0.003882894139187937,1715943283.070968,-0.0003698793539324008,-0.022116113887210798,-2.3213873551749
1715943277.7703648,0.0,0.0,0.0,1715943277.9204109,0.0,0.0,0.0,1715943277.9003618,0.003007443844829649,-0.015742632485345354,0.8734637953981796,1715943283.3509886,0.001955738442966538,0.012012121460798664,0.017114876123188145,1715943283.3709776,0.014581101603551295,0.006046035238552738,0.0064390766519348995,1715943283.0908933,-0.0011990352183262054,-0.01783363870446375,-2.3218753530384797
1715943277.7803674,0.0,0.0,0.0,1715943277.9304159,0.0,0.0,0.0,1715943277.9104059,0.003271540568193676,-0.017824274319940603,0.8735553259885622,1715943283.3610373,0.007265905040233082,0.01890327095478761,0.003882894139187937,1715943283.3810391,0.004101676461811848,0.016127659034427255,0.003293651402184304,1715943283.100909,0.0005227357288688506,-0.016180141732745623,-2.3222392003062895
1715943277.7905118,0.0,0.0,0.0,1715943277.940475,0.0,0.0,0.0,1715943277.9204109,0.0014562786845639941,-0.01828083804053704,0.8737130791241765,1715943283.3709776,0.014581101603551295,0.006046035238552738,0.0064390766519348995,1715943283.3909743,0.014568579689254485,0.005299217834642267,0.008099437196371798,1715943283.1309395,0.0009392094478284374,-0.011551930291808565,-2.3232524852708973
1715943277.8003507,0.0,0.0,0.0,1715943277.9503767,0.0,0.0,0.0,1715943277.9304159,0.0012176542345834207,-0.01639597843808782,0.8738539458223762,1715943283.3810391,0.004101676461811848,0.016127659034427255,0.003293651402184304,1715943283.400994,0.01928450433617866,0.0032519056461015605,0.016514090259771252,1715943283.3509886,-0.0005037547902637662,-0.015285020324869558,-2.3294836394251504
1715943277.880365,0.0,0.0,0.0,1715943277.9603946,0.0,0.0,0.0,1715943277.940475,0.0025814633849003954,-0.018036964369640307,0.8739267800669486,1715943283.3909743,0.014568579689254485,0.005299217834642267,0.008099437196371798,1715943283.4110172,0.01849113033254484,0.00307597937073667,0.00015417780012242158,1715943283.3610373,-0.0015409603346878686,-0.01712480142791528,-2.3298056425799167
1715943277.8904321,0.0,0.0,0.0,1715943277.970464,0.0,0.0,0.0,1715943277.9503767,0.004596036445772611,-0.017720264075516745,0.8739644442497125,1715943283.400994,0.01928450433617866,0.0032519056461015605,0.016514090259771252,1715943283.4309876,0.00960945909458698,0.004700041639667862,0.0036975990313097788,1715943283.3709776,-0.0033595369189181046,-0.017440682282897413,-2.3301694500424617
1715943277.9003618,0.0,0.0,0.0,1715943277.9804473,0.0,0.0,0.0,1715943277.9603946,0.004230155505276778,-0.015854976308399937,0.8740626815579147,1715943283.4110172,0.01849113033254484,0.00307597937073667,0.00015417780012242158,1715943283.4410303,0.009281511420806292,0.013025855376238793,0.008390277718246186,1715943283.3810391,-0.0007009176527525973,-0.017813266680798856,-2.3306473367665737
1715943277.9104059,0.0,0.0,0.0,1715943277.9904587,0.0,0.0,0.0,1715943277.970464,0.0050523731560191965,-0.014003917248059494,0.8741562622921026,1715943283.4309876,0.00960945909458698,0.004700041639667862,0.0036975990313097788,1715943283.4509516,0.009432479049399327,0.01769435110907147,0.0050234756424310835,1715943283.3909743,0.0012745364394317615,-0.018620465851773016,-2.331054126566121
1715943277.9204109,0.0,0.0,0.0,1715943278.0003934,0.0,0.0,0.0,1715943277.9804473,0.005821555220651475,-0.01598952140876908,0.8742550053719753,1715943283.4410303,0.009281511420806292,0.013025855376238793,0.008390277718246186,1715943283.6009865,0.00996552669809735,0.01714377849702098,0.0033254652666922374,1715943283.400994,-0.0008215715369181975,-0.018307588973912825,-2.3313684823530023
1715943277.9304159,0.0,0.0,0.0,1715943278.010428,0.0,0.0,0.0,1715943277.9904587,0.004025325167131166,-0.01553636985390483,0.8743829575955896,1715943283.4509516,0.009432479049399327,0.01769435110907147,0.0050234756424310835,1715943283.611466,0.007520794857133915,0.004723123423557629,0.013516863375462975,1715943283.4110172,-0.001803016048946171,-0.016804823532742708,-2.331671136976108
1715943277.940475,0.0,0.0,0.0,1715943278.02041,0.0,0.0,0.0,1715943278.0003934,0.0025719393456409834,-0.014423657003319601,0.8744616082223438,1715943283.6009865,0.00996552669809735,0.01714377849702098,0.0033254652666922374,1715943283.6210067,0.01281692922844196,0.016056675383178343,0.013837091214861921,1715943283.4309876,-0.0012906378658310569,-0.012586550881698466,-2.3322568291815617
1715943277.9503767,0.0,0.0,0.0,1715943278.0303924,0.0,0.0,0.0,1715943278.010428,0.004133561297221311,-0.015760804539493023,0.8744916328456191,1715943283.611466,0.007520794857133915,0.004723123423557629,0.013516863375462975,1715943283.6309876,0.016948744402755317,0.019342939332368525,0.005750991623936578,1715943283.4410303,-0.002820271862897794,-0.011735535527791496,-2.3324611908476887
1715943277.9603946,0.0,0.0,0.0,1715943278.040412,0.0,0.0,0.0,1715943278.02041,0.002575053847466202,-0.016976282470613446,0.874644745034777,1715943283.6210067,0.01281692922844196,0.016056675383178343,0.013837091214861921,1715943283.6410193,0.0068815425275683085,0.003275664793733757,0.017987712087181924,1715943283.4509516,-0.0002306968044569757,-0.010847817227579437,-2.3326443693083347
1715943277.970464,0.0,0.0,0.0,1715943278.0503678,0.0,0.0,0.0,1715943278.0303924,0.0010809396132288596,-0.015902360509531865,0.8748188642628529,1715943283.6309876,0.016948744402755317,0.019342939332368525,0.005750991623936578,1715943283.6610389,0.0019510548911900313,0.006084768702362631,0.007453759054494577,1715943283.6009865,0.0013213181251907624,0.001280323093518998,-2.336915261017097
1715943277.9804473,0.0,0.0,0.0,1715943278.0604131,0.0,0.0,0.0,1715943278.040412,0.0006813819080804251,-0.017950141050749435,0.8749267968264692,1715943283.6410193,0.0068815425275683085,0.003275664793733757,0.017987712087181924,1715943283.6710014,0.007815315338946981,0.014337759758194624,0.00578453597492609,1715943283.611466,-0.0009367025427973186,0.0007086854989466485,-2.33725873163762
1715943277.9904587,0.0,0.0,0.0,1715943278.0704546,0.0,0.0,0.0,1715943278.0503678,0.002783105619434456,-0.01830548917595909,0.8749744393795227,1715943283.6610389,0.0019510548911900313,0.006084768702362631,0.007453759054494577,1715943283.6809824,0.009253871915968187,0.002929281359130176,0.011933070042676394,1715943283.6210067,-0.001024144262400828,-0.0014497744881010188,-2.337591421439331
1715943278.0003934,0.0,0.0,0.0,1715943278.0803928,0.0,0.0,0.0,1715943278.0604131,0.00401222293427228,-0.016772367685099043,0.8750419319238257,1715943283.6710014,0.007815315338946981,0.014337759758194624,0.00578453597492609,1715943283.690954,0.004905752651324038,0.0017452854253143801,0.006853053337339827,1715943283.6309876,0.0007380389554167976,-0.002658492328219797,-2.338022520307735
1715943278.010428,0.0,0.0,0.0,1715943278.0904207,0.0,0.0,0.0,1715943278.0704546,0.005987819257958826,-0.017551129778549335,0.8750791586153688,1715943283.6809824,0.009253871915968187,0.002929281359130176,0.011933070042676394,1715943283.7009814,0.011248935372877935,0.006184137744281504,0.003512219404452633,1715943283.6410193,-0.0009510227038127539,-0.004090282949887891,-2.3384040408635554
1715943278.02041,0.0,0.0,0.0,1715943278.1003838,0.0,0.0,0.0,1715943278.0803928,0.005912546977816735,-0.019556319553583057,0.8751682783732962,1715943283.690954,0.004905752651324038,0.0017452854253143801,0.006853053337339827,1715943283.7209716,0.0028693330890206155,0.01779755419985074,0.019494906767520206,1715943283.6610389,0.0038829680933807342,-0.0038042665725845914,-2.338844778154347
1715943278.0303924,0.0,0.0,0.0,1715943278.3804495,0.0,0.0,0.0,1715943278.0904207,0.004056121712658567,-0.019580448117386018,0.875303264660923,1715943283.7009814,0.011248935372877935,0.006184137744281504,0.003512219404452633,1715943283.8110278,0.006686798706075548,0.0007492695365853841,0.018815310573327956,1715943283.6710014,0.00591411412224474,-0.003628673668201632,-2.3391335171694263
1715943278.040412,0.0,0.0,0.0,1715943278.390584,0.0,0.0,0.0,1715943278.1003838,0.003584333189953992,-0.017795129506628538,0.8754272410646365,1715943283.7209716,0.0028693330890206155,0.01779755419985074,0.019494906767520206,1715943284.0411246,0.015266703628461997,0.018358510895720492,0.0015509259921160966,1715943283.6809824,0.004132702760125673,-0.0032636324966648367,-2.339373381493333
1715943278.0503678,0.0,0.0,0.0,1715943278.4004178,0.0,0.0,0.0,1715943278.3804495,0.007295302001446402,-0.049242357788608304,0.8797112429840925,1715943283.8110278,0.006686798706075548,0.0007492695365853841,0.018815310573327956,1715943284.061052,0.015726794918614076,0.011387783538484353,0.018455123815610548,1715943283.690954,0.0023369551296321678,-0.0034484542268449214,-2.3396066384885907
1715943278.0604131,0.0,0.0,0.0,1715943278.410462,0.0,0.0,0.0,1715943278.390584,0.007362901427864055,-0.046965751930900135,0.8798259275949702,1715943284.0411246,0.015266703628461997,0.018358510895720492,0.0015509259921160966,1715943284.0710282,0.00024893260639203543,0.018385048858375663,0.006711671605181154,1715943283.7009814,0.0010855223434691474,-0.005054269566352021,-2.3397311802704546
1715943278.0704546,0.0,0.0,0.0,1715943278.420422,0.0,0.0,0.0,1715943278.4004178,0.007203927794769416,-0.04500436110006145,0.8799471671352492,1715943284.061052,0.015726794918614076,0.011387783538484353,0.018455123815610548,1715943284.08102,0.017687979068857572,0.013596120552165747,0.0008135172279091132,1715943283.7209716,0.005299938279829108,-0.006232639592794298,-2.3400499179406795
1715943278.0803928,0.0,0.0,0.0,1715943278.4304562,0.0,0.0,0.0,1715943278.410462,0.006870079391249562,-0.04310724747003114,0.8801438835832363,1715943284.0710282,0.00024893260639203543,0.018385048858375663,0.006711671605181154,1715943284.1009998,0.005190874193880682,0.007909368529066096,0.016281095235628436,1715943283.8110278,0.0017379041745522184,-0.00721530180211305,-2.3382780877352767
1715943278.0904207,0.0,0.0,0.0,1715943278.4405684,0.0,0.0,0.0,1715943278.420422,0.00663099576756826,-0.04135530494510431,0.8803343224126929,1715943284.08102,0.017687979068857572,0.013596120552165747,0.0008135172279091132,1715943284.1110294,0.0078932498099221,0.01851136358967298,0.014976852020940876,1715943284.0411246,-0.0011638313718775883,-0.0009853554019785271,-2.333961081407645
1715943278.1003838,0.0,0.0,0.0,1715943278.4504254,0.0,0.0,0.0,1715943278.4304562,0.006511843398876449,-0.03949929612882075,0.88055974736013,1715943284.1009998,0.005190874193880682,0.007909368529066096,0.016281095235628436,1715943284.1210024,0.015661405365535504,0.015185691857848349,0.018443102761308502,1715943284.061052,-0.004772767610735196,-0.0035277010133865083,-2.334199388852026
1715943278.3804495,0.0,0.0,0.0,1715943278.4604375,0.0,0.0,0.0,1715943278.4405684,0.00616319453666353,-0.03767128788429708,0.8806790468885148,1715943284.1110294,0.0078932498099221,0.01851136358967298,0.014976852020940876,1715943284.1310909,0.017175782392443436,0.008579732889953284,0.0010220025963852825,1715943284.0710282,-0.006530791522213475,-0.003233111256647714,-2.3342198593244046
1715943278.390584,0.0,0.0,0.0,1715943278.4704258,0.0,0.0,0.0,1715943278.4504254,0.006586566175402708,-0.035779729197636945,0.8808415771049025,1715943284.1210024,0.015661405365535504,0.015185691857848349,0.018443102761308502,1715943284.191133,0.011886333042167888,0.010794121823107572,0.016797336163071504,1715943284.08102,-0.00625362522791395,-0.0016118846809423104,-2.334206701982296
1715943278.4004178,0.0,0.0,0.0,1715943278.4804354,0.0,0.0,0.0,1715943278.4604375,0.006665085613414612,-0.033799807372153046,0.8810057930011795,1715943284.1310909,0.017175782392443436,0.008579732889953284,0.0010220025963852825,1715943284.201117,0.010068209535744783,0.017178530169903894,0.01818536077146617,1715943284.1009998,-0.0022377082758058275,-0.0030441631263165014,-2.334456345941324
1715943278.410462,0.0,0.0,0.0,1715943278.4906137,0.0,0.0,0.0,1715943278.4704258,0.00655591979105935,-0.03178246459254619,0.8812370111317889,1715943284.191133,0.011886333042167888,0.010794121823107572,0.016797336163071504,1715943284.2110243,0.01589637050903013,0.016213129691307504,0.011525662938901886,1715943284.1110294,7.181991842575286e-05,-0.0037155846195762177,-2.334528051354049
1715943278.420422,0.0,0.0,0.0,1715943278.5005133,0.0,0.0,0.0,1715943278.4804354,0.007391564586542554,-0.02998276944403222,0.881408849041823,1715943284.201117,0.010068209535744783,0.017178530169903894,0.01818536077146617,1715943284.2210145,0.0022756739802931433,0.01475023470456871,0.0008715639461928085,1715943284.1210024,0.0023218872315788897,-0.004139035323579954,-2.3345260095587452
1715943278.4304562,0.0,0.0,0.0,1715943278.510537,0.0,0.0,0.0,1715943278.4906137,0.00772279702081119,-0.02808216491313842,0.8815530065054236,1715943284.2110243,0.01589637050903013,0.016213129691307504,0.011525662938901886,1715943284.2810555,0.0065309423952366035,0.013274333619370138,0.013457092048813938,1715943284.1310909,0.0008245722286275292,-0.0054583699363204286,-2.334554532215609
1715943278.4405684,0.0,0.0,0.0,1715943278.5204194,0.0,0.0,0.0,1715943278.5005133,0.007924589679594751,-0.026338944556644428,0.8816901177293757,1715943284.2210145,0.0022756739802931433,0.01475023470456871,0.0008715639461928085,1715943284.2910776,0.01853677661472277,0.017321970497214734,0.009984821004621593,1715943284.191133,0.0010994920373776917,-0.006901128431274994,-2.3355118538275503
1715943278.4504254,0.0,0.0,0.0,1715943278.5304706,0.0,0.0,0.0,1715943278.510537,0.007767955192820919,-0.024588841326828037,0.8819095618522449,1715943284.2810555,0.0065309423952366035,0.013274333619370138,0.013457092048813938,1715943284.3010397,0.015870893038338753,0.002439043957136011,0.016912726180363484,1715943284.201117,-0.000481526123552678,-0.0073109842744720765,-2.335829437985134
1715943278.4604375,0.0,0.0,0.0,1715943278.540641,0.0,0.0,0.0,1715943278.5204194,0.009601231326900883,-0.023768091505506517,0.8821115528947541,1715943284.2910776,0.01853677661472277,0.017321970497214734,0.009984821004621593,1715943284.3110495,0.0053463480891801475,0.0031261686973853564,0.018179598994402555,1715943284.2110243,-0.0023834941886859973,-0.006932105834069446,-2.3360050774085663
1715943278.4704258,0.0,0.0,0.0,1715943278.5504673,0.0,0.0,0.0,1715943278.5304706,0.008196655787665763,-0.025170037260426437,0.8824254004035967,1715943284.3010397,0.015870893038338753,0.002439043957136011,0.016912726180363484,1715943284.3210301,0.0010011205337750202,0.004080334919402517,0.015242458242051326,1715943284.2210145,-0.004140503956738817,-0.006570256937747487,-2.336124118288681
1715943278.4804354,0.0,0.0,0.0,1715943278.560467,0.0,0.0,0.0,1715943278.540641,0.006389709678173039,-0.025587657410309328,0.8826964596114724,1715943284.3110495,0.0053463480891801475,0.0031261686973853564,0.018179598994402555,1715943284.331261,0.01640932140264417,0.010093762496328429,0.015330255324441763,1715943284.2810555,-0.009017078520012323,-0.0018195177852708966,-2.337094287576607
1715943278.4906137,0.0,0.0,0.0,1715943278.570475,0.0,0.0,0.0,1715943278.5504673,0.004535263119216371,-0.02580313321654759,0.8828143806164079,1715943284.3210301,0.0010011205337750202,0.004080334919402517,0.015242458242051326,1715943284.3410306,0.0068006672768466635,0.009808618248309475,0.007304570790268316,1715943284.2910776,-0.01094299900059359,-0.0016686198480884151,-2.336999948895116
1715943278.5005133,0.0,0.0,0.0,1715943278.5804718,0.0,0.0,0.0,1715943278.560467,0.0059189857773501164,-0.02737183033429247,0.8828483117451573,1715943284.331261,0.01640932140264417,0.010093762496328429,0.015330255324441763,1715943284.3510575,0.011328071779489005,0.008959816144177069,0.005455711494503248,1715943284.3010397,-0.010009261187026608,-6.701026931299481e-05,-2.337092515719358
1715943278.510537,0.0,0.0,0.0,1715943278.5906663,0.0,0.0,0.0,1715943278.570475,0.007115714329327949,-0.02952748056890364,0.882904706733121,1715943284.3410306,0.0068006672768466635,0.009808618248309475,0.007304570790268316,1715943284.3710508,0.008096008969833722,0.01354239502257415,0.0192749580106657,1715943284.3110495,-0.008376602268146627,0.0005423449067889496,-2.3372358975589504
1715943278.5204194,0.0,0.0,0.0,1715943278.600452,0.0,0.0,0.0,1715943278.5804718,0.0063339617744465615,-0.03168154573655224,0.8831021453853396,1715943284.3510575,0.011328071779489005,0.008959816144177069,0.005455711494503248,1715943284.3810823,0.004666719538488586,0.01571477257699061,0.011508273575752553,1715943284.3210301,-0.006118653636046689,-9.829177283493529e-05,-2.3373431067133223
1715943278.5304706,0.0,0.0,0.0,1715943278.610494,0.0,0.0,0.0,1715943278.5906663,0.006189281785181411,-0.03406914852216625,0.883299571337811,1715943284.3710508,0.008096008969833722,0.01354239502257415,0.0192749580106657,1715943284.4010842,0.000862603352851674,0.015502635091767303,0.0006177539544025727,1715943284.331261,-0.004221130891786773,0.0002651822556722916,-2.33750083364336
1715943278.540641,0.0,0.0,0.0,1715943278.6206622,0.0,0.0,0.0,1715943278.600452,0.006323377333611602,-0.036394981871179954,0.8835009049094154,1715943284.3810823,0.004666719538488586,0.01571477257699061,0.011508273575752553,1715943284.41109,0.007648879913584651,0.01830846969166733,0.017045275658154023,1715943284.3410306,-0.006072669433146327,0.00015928049818447754,-2.337685344599901
1715943278.5504673,0.0,0.0,0.0,1715943278.630474,0.0,0.0,0.0,1715943278.610494,0.0064904529386403675,-0.03848675963322323,0.8837322358038802,1715943284.4010842,0.000862603352851674,0.015502635091767303,0.0006177539544025727,1715943284.4211187,0.00968302650568837,0.018738076930144176,0.007668600716567886,1715943284.3510575,-0.0045151681616624195,0.0012973525176660505,-2.3378473222751928
1715943278.560467,0.0,0.0,0.0,1715943278.6405888,0.0,0.0,0.0,1715943278.6206622,0.006298640422196522,-0.040468698947761395,0.8839433887966825,1715943284.41109,0.007648879913584651,0.01830846969166733,0.017045275658154023,1715943284.4310691,0.00636045747877211,0.00110987281410857,0.0154411224804937,1715943284.3710508,-0.00019735703669709892,0.0001883910345641393,-2.3380827813728255
1715943278.570475,0.0,0.0,0.0,1715943278.6504567,0.0,0.0,0.0,1715943278.630474,0.006140832125297535,-0.04210476152789244,0.8842067151137214,1715943284.4211187,0.00968302650568837,0.018738076930144176,0.007668600716567886,1715943284.5210607,0.008565890512740636,0.010674726261161505,0.017601439887041007,1715943284.3810823,0.00240584669455024,-0.0001116693368048427,-2.3382630908551443
1715943278.5804718,0.0,0.0,0.0,1715943278.660464,0.0,0.0,0.0,1715943278.6405888,0.007148857883901183,-0.0435591877980126,0.8843829112088526,1715943284.4310691,0.00636045747877211,0.00110987281410857,0.0154411224804937,1715943284.59107,0.01583757693927589,0.007653585866344903,0.01807882976705796,1715943284.4010842,-0.0005998830247160303,-0.0015513013312604684,-2.3388289166324796
1715943278.5906663,0.0,0.0,0.0,1715943278.6704514,0.0,0.0,0.0,1715943278.6504567,0.009023684491357875,-0.04418682720868072,0.8844762886872244,1715943284.5310993,0.01713036099206975,0.004297358965565046,0.0018900007565147226,1715943284.6010993,0.012002259682273964,0.012160434035355827,0.007136628551082838,1715943284.41109,-0.001593213972858054,-0.0008404249369311501,-2.338940355674768
1715943278.600452,0.0,0.0,0.0,1715943278.6804638,0.0,0.0,0.0,1715943278.660464,0.010147690996692937,-0.04208009539051005,0.8844713683292278,1715943284.59107,0.01583757693927589,0.007653585866344903,0.01807882976705796,1715943284.6112955,0.008098968394494385,0.013973975838558417,0.010454035006729078,1715943284.4211187,0.000721125742775719,-0.0007711401115531036,-2.3390623398867185
1715943278.610494,0.0,0.0,0.0,1715943278.690586,0.0,0.0,0.0,1715943278.6704514,0.011010285425814503,-0.039926213449746895,0.8846374344837887,1715943284.6010993,0.012002259682273964,0.012160434035355827,0.007136628551082838,1715943284.6211092,0.01135527460118443,0.011479198818484138,0.006620085561112086,1715943284.4310691,-0.001054031083144169,-0.00036007065459409127,-2.3390810190174482
1715943278.6206622,0.0,0.0,0.0,1715943278.700455,0.0,0.0,0.0,1715943278.6804638,0.012027711205778946,-0.038015708982128915,0.8846688341017134,1715943284.6112955,0.008098968394494385,0.013973975838558417,0.010454035006729078,1715943284.6314952,0.004475969608158446,0.012159033214717896,0.00070662110934328,1715943284.5210607,-0.003461317733059799,-0.005614012178321692,-2.3402872453991392
1715943278.630474,0.0,0.0,0.0,1715943278.7805014,0.0,0.0,0.0,1715943278.690586,0.011331824877533148,-0.035972020147726935,0.8847468179671342,1715943284.6211092,0.01135527460118443,0.011479198818484138,0.006620085561112086,1715943284.6411176,0.006283379341605326,0.005193943150974434,0.01370998501720001,1715943284.59107,-0.011248261295591755,-0.0033784865879742387,-2.3413217486955222
1715943278.6405888,0.0,0.0,0.0,1715943278.7906408,0.0,0.0,0.0,1715943278.700455,0.010524426202964787,-0.0341588725819757,0.8849432373955661,1715943284.6314952,0.004475969608158446,0.012159033214717896,0.00070662110934328,1715943284.6511335,0.004329607545679568,0.009302867390341474,0.013647584986663568,1715943284.6010993,-0.008948881826406963,-0.003572674838253853,-2.3414103743027237
1715943278.6504567,0.0,0.0,0.0,1715943278.8004816,0.0,0.0,0.0,1715943278.7805014,0.006691989292687717,-0.021925891796505947,0.8867201071044033,1715943284.6411176,0.006283379341605326,0.005193943150974434,0.01370998501720001,1715943284.6612396,0.00901660921652252,0.0037282203874973163,0.003736660051748108,1715943284.6112955,-0.00694269753815191,-0.0039335833059561676,-2.3416211299340635
1715943278.660464,0.0,0.0,0.0,1715943278.8105352,0.0,0.0,0.0,1715943278.7906408,0.00852177488851602,-0.020607868081254477,0.8867959383783716,1715943284.6511335,0.004329607545679568,0.009302867390341474,0.013647584986663568,1715943284.6710997,0.00705759818917087,0.017269727636413545,0.011529681983962753,1715943284.6211092,-0.005590441710386473,-0.006091774740609512,-2.3418502950763775
1715943278.6704514,0.0,0.0,0.0,1715943278.8204627,0.0,0.0,0.0,1715943278.8004816,0.008914969568159348,-0.01870106134381988,0.8868968474480734,1715943284.6612396,0.00901660921652252,0.0037282203874973163,0.003736660051748108,1715943284.681099,0.008345993566624181,0.008121687052635274,0.017651676666881697,1715943284.6314952,-0.0029861675828000145,-0.0068378496197649685,-2.3420082456911246
1715943278.6804638,0.0,0.0,0.0,1715943278.8304875,0.0,0.0,0.0,1715943278.8105352,0.010139948069470661,-0.0172037361620081,0.8869645859819617,1715943284.6710997,0.00705759818917087,0.017269727636413545,0.011529681983962753,1715943284.691063,0.019793243683055156,0.010191220181702265,0.010885550014177042,1715943284.6411176,-0.0023497902952973604,-0.008928009596927522,-2.3420511886920576
1715943278.690586,0.0,0.0,0.0,1715943278.840573,0.0,0.0,0.0,1715943278.8204627,0.011690185951088838,-0.01604543663257152,0.887117856335355,1715943284.681099,0.008345993566624181,0.008121687052635274,0.017651676666881697,1715943284.761698,0.010963421656433728,0.0026468533883914347,0.01920975874803918,1715943284.6511335,-0.0037362916831915616,-0.010456723320766415,-2.341991981452705
1715943278.700455,0.0,0.0,0.0,1715943278.8504617,0.0,0.0,0.0,1715943278.8304875,0.011764427602516447,-0.014163018671005778,0.8872971130029355,1715943284.691063,0.019793243683055156,0.010191220181702265,0.010885550014177042,1715943284.7711084,0.010920166899234104,0.008317500954003743,0.015125903947754838,1715943284.6612396,-0.001739603457244554,-0.009369120324699942,-2.3420127859842905
1715943278.7805014,0.0,0.0,0.0,1715943278.8605323,0.0,0.0,0.0,1715943278.840573,0.009845836080646486,-0.014332303421328296,0.8874926892659819,1715943284.761698,0.010963421656433728,0.0026468533883914347,0.01920975874803918,1715943284.7811394,0.018163172606777703,0.0030352166918379275,0.0012471274358603224,1715943284.6710997,-0.002941662801618561,-0.007954977930143547,-2.3419362845996403
1715943278.7906408,0.0,0.0,0.0,1715943278.8704545,0.0,0.0,0.0,1715943278.8504617,0.007883350532152056,-0.014304517554552199,0.8877149530130304,1715943284.7711084,0.010920166899234104,0.008317500954003743,0.015125903947754838,1715943285.1112478,0.011118793200963609,0.015112393713097694,0.015196468269306727,1715943284.681099,-0.004620209800677122,-0.007186479831952752,-2.3419820348535145
1715943278.8004816,0.0,0.0,0.0,1715943278.8805144,0.0,0.0,0.0,1715943278.8605323,0.009721657812737095,-0.013485252167242612,0.8878945629081703,1715943284.7811394,0.018163172606777703,0.0030352166918379275,0.0012471274358603224,1715943285.1311512,0.013202492424559288,0.007999022181064408,0.007059083839618242,1715943284.691063,-0.005826561236455641,-0.006212269177809926,-2.3420540831501713
1715943278.8105352,0.0,0.0,0.0,1715943278.8905602,0.0,0.0,0.0,1715943278.8704545,0.008017734820478073,-0.013487163830517845,0.8881308761137187,1715943285.1112478,0.011118793200963609,0.015112393713097694,0.015196468269306727,1715943285.1411529,0.00476554932983567,0.01871576680655962,0.0033705198383336813,1715943284.761698,-0.008425892751833253,-0.010231193452601373,-2.3425522832195775
1715943278.8204627,0.0,0.0,0.0,1715943278.9004772,0.0,0.0,0.0,1715943278.8805144,0.006108223850053163,-0.013723784812250006,0.8883871053409829,1715943285.1311512,0.013202492424559288,0.007999022181064408,0.007059083839618242,1715943285.1511836,9.699673408562152e-05,0.012271806432111232,0.004877705201558944,1715943284.7711084,-0.0066804740291970255,-0.009714575429177419,-2.342638819847709
1715943278.8304875,0.0,0.0,0.0,1715943278.9105916,0.0,0.0,0.0,1715943278.8905602,0.004375184481309025,-0.014703461310794808,0.8885417034626274,1715943285.1411529,0.00476554932983567,0.01871576680655962,0.0033705198383336813,1715943285.1613152,0.016137263343989888,0.014290294637747891,0.010725041623806785,1715943284.7811394,-0.005581462941253168,-0.008074641992250609,-2.342672388562177
1715943278.840573,0.0,0.0,0.0,1715943278.9204972,0.0,0.0,0.0,1715943278.9004772,0.003303492195381008,-0.013307042432556093,0.8886331317527356,1715943285.1511836,9.699673408562152e-05,0.012271806432111232,0.004877705201558944,1715943285.171137,0.013815500670346342,0.00046575195023956795,0.019389066613849752,1715943285.1112478,0.0024002307859616323,-0.0023459858791965438,-2.3463485659559424
1715943278.8504617,0.0,0.0,0.0,1715943278.9305804,0.0,0.0,0.0,1715943278.9105916,0.0022233348208083314,-0.011780180149290942,0.8886745985371862,1715943285.1613152,0.016137263343989888,0.014290294637747891,0.010725041623806785,1715943285.1811862,0.018401916917458003,0.019062920610422696,0.009402093615441136,1715943285.1311512,-0.0003626408738219844,-0.0018721833386405873,-2.3468325010080213
1715943278.8605323,0.0,0.0,0.0,1715943278.9406164,0.0,0.0,0.0,1715943278.9204972,0.004143174713732323,-0.012131744831712643,0.8887840864527647,1715943285.171137,0.013815500670346342,0.00046575195023956795,0.019389066613849752,1715943285.191158,0.0018302391766550517,0.014194490304661356,0.01086917057274124,1715943285.1411529,0.002062816456679606,-0.001683711080854744,-2.3471008161792244
1715943278.8704545,0.0,0.0,0.0,1715943278.9504988,0.0,0.0,0.0,1715943278.9305804,0.006370297106102485,-0.01250260304126427,0.8889091170171092,1715943285.1811862,0.018401916917458003,0.019062920610422696,0.009402093615441136,1715943285.20123,0.002305848090538961,0.009113504461618849,0.005844139991581522,1715943285.1511836,0.002685674242323355,-0.00020808655509663154,-2.3474586309597805
1715943278.8805144,0.0,0.0,0.0,1715943279.0406363,0.0,0.0,0.0,1715943278.9406164,0.007893813513865366,-0.014099576393350688,0.8890880624938877,1715943285.191158,0.0018302391766550517,0.014194490304661356,0.01086917057274124,1715943285.2113008,0.0076522042763404585,0.013331003374959183,0.005183259042441341,1715943285.1613152,0.0008127486438409548,-0.0004981983247767108,-2.347602855249345
1715943278.8905602,0.0,0.0,0.0,1715943279.0504854,0.0,0.0,0.0,1715943278.9504988,0.00825220933604337,-0.016255293278407468,0.8893484207590525,1715943285.20123,0.002305848090538961,0.009113504461618849,0.005844139991581522,1715943285.221173,0.0003991168426566395,0.005997653397824765,0.015906375657540432,1715943285.171137,-0.000707105679485176,-0.001882161613811384,-2.3478237242433284
1715943278.9004772,0.0,0.0,0.0,1715943279.0604932,0.0,0.0,0.0,1715943279.0406363,0.006064476821716236,-0.034202555677201874,0.8913022086123761,1715943285.2113008,0.0076522042763404585,0.013331003374959183,0.005183259042441341,1715943285.2311475,0.01122140537449752,0.01515702420259224,0.016078730070388448,1715943285.1811862,0.0016550550896392568,-0.002800448244705267,-2.3480941682249306
1715943278.9105916,0.0,0.0,0.0,1715943279.0704842,0.0,0.0,0.0,1715943279.0504854,0.006808897079697951,-0.03590501618048281,0.8914518877404523,1715943285.221173,0.0003991168426566395,0.005997653397824765,0.015906375657540432,1715943285.2511551,0.016912886457615784,0.01344133830871641,0.017385849605091274,1715943285.191158,0.0033434860789522958,-0.004432473409426985,-2.3484375603921936
1715943278.9204972,0.0,0.0,0.0,1715943279.0805092,0.0,0.0,0.0,1715943279.0604932,0.00723787414828686,-0.0375872895595224,0.8916130679616028,1715943285.2311475,0.01122140537449752,0.01515702420259224,0.016078730070388448,1715943285.261317,0.014720096413749766,0.019539762081537848,0.005181768911483268,1715943285.20123,0.0019579073338591435,-0.005894380857160764,-2.3486504953134695
1715943278.9305804,0.0,0.0,0.0,1715943279.090587,0.0,0.0,0.0,1715943279.0704842,0.009085675939744686,-0.03789939459933245,0.891804758617998,1715943285.2511551,0.016912886457615784,0.01344133830871641,0.017385849605091274,1715943285.281329,0.005847964387163868,0.014772264940138724,0.00992485140677208,1715943285.2113008,0.0003376981581162397,-0.006372540733727838,-2.3488221658465815
1715943278.9406164,0.0,0.0,0.0,1715943279.100532,0.0,0.0,0.0,1715943279.0805092,0.010780562180609854,-0.03654071714980933,0.8918959642450713,1715943285.261317,0.014720096413749766,0.019539762081537848,0.005181768911483268,1715943285.3011444,0.0007715636626104277,0.004095750252792074,0.018989617853603574,1715943285.221173,-0.0014326761930147924,-0.00642449269053702,-2.3487782496833463
1715943278.9504988,0.0,0.0,0.0,1715943279.4206355,0.0,0.0,0.0,1715943279.090587,0.011080008420625342,-0.03420522495128653,0.892135053667678,1715943285.281329,0.005847964387163868,0.014772264940138724,0.00992485140677208,1715943285.3111532,0.0034208715019031386,0.009563642340967737,0.0058224811504942455,1715943285.2311475,-0.0017840521151224475,-0.00487223625059241,-2.348815170200303
1715943279.0406363,0.0,0.0,0.0,1715943279.4305677,0.0,0.0,0.0,1715943279.100532,0.010219682248596873,-0.032120804196980934,0.8923082059469585,1715943285.3011444,0.0007715636626104277,0.004095750252792074,0.018989617853603574,1715943285.3211312,0.013850763810127838,0.01515999347512098,0.017775542012448863,1715943285.2511551,0.0027123331234684134,-0.005129661885709957,-2.348803342288713
1715943279.0504854,0.0,0.0,0.0,1715943279.4405475,0.0,0.0,0.0,1715943279.4206355,0.009734767464800953,-0.013138053469434974,0.8982332491186654,1715943285.3111532,0.0034208715019031386,0.009563642340967737,0.0058224811504942455,1715943285.3311512,0.018683656580186503,0.002664679426576999,0.011035236486152754,1715943285.261317,0.0007513014842956967,-0.005393505349325034,-2.3489342329804543
1715943279.0604932,0.0,0.0,0.0,1715943279.4505224,0.0,0.0,0.0,1715943279.4305677,0.011662097869109767,-0.012930939113190432,0.8985266316420832,1715943285.3211312,0.013850763810127838,0.01515999347512098,0.017775542012448863,1715943285.3411427,0.003315960994397334,0.013479742896947755,0.007538399235505315,1715943285.281329,-0.0007073489832487567,-0.009366276900359072,-2.349257084030305
1715943279.0704842,0.0,0.0,0.0,1715943279.4605565,0.0,0.0,0.0,1715943279.4405475,0.011508696047450084,-0.015153460277265829,0.8987773915261381,1715943285.3311512,0.018683656580186503,0.002664679426576999,0.011035236486152754,1715943285.351179,0.002661183055772758,0.009929052144562522,0.007259111997555187,1715943285.3011444,0.0008581273360976915,-0.013225964728780903,-2.3493290187769604
1715943279.0805092,0.0,0.0,0.0,1715943279.470517,0.0,0.0,0.0,1715943279.4505224,0.009629885226163148,-0.015792510531921877,0.8990158316515603,1715943285.3411427,0.003315960994397334,0.013479742896947755,0.007538399235505315,1715943285.371148,0.019574786764576815,0.003955320502386117,0.0011889094007987416,1715943285.3111532,-0.0011672529221586903,-0.013630734789388477,-2.3494268316623446
1715943279.090587,0.0,0.0,0.0,1715943279.4805424,0.0,0.0,0.0,1715943279.4605565,0.008020705225202429,-0.017049272394095594,0.8991728118190283,1715943285.351179,0.002661183055772758,0.009929052144562522,0.007259111997555187,1715943286.1413004,0.016287638418234923,0.00684100388575315,0.015394777151589613,1715943285.3211312,-0.002423809301880908,-0.012337078290934667,-2.3495147671201186
1715943279.100532,0.0,0.0,0.0,1715943279.4906452,0.0,0.0,0.0,1715943279.470517,0.008576762689035733,-0.019195016109763374,0.8992696168081888,1715943285.371148,0.019574786764576815,0.003955320502386117,0.0011889094007987416,1715943286.1612985,0.01375366971496986,0.015354308661950533,0.008479843967956032,1715943285.3311512,-0.0005179498918737035,-0.0118635996964358,-2.3495913412252643
1715943279.4206355,0.0,0.0,0.0,1715943279.5005398,0.0,0.0,0.0,1715943279.4805424,0.010023927880685346,-0.021032791413680085,0.8993651148809119,1715943286.1413004,0.016287638418234923,0.00684100388575315,0.015394777151589613,1715943286.171214,0.017605938074143058,0.01302768678408528,0.014358632280439338,1715943285.3411427,-0.000784605456600973,-0.010119093052070705,-2.349746223994835
1715943279.4305677,0.0,0.0,0.0,1715943279.5106204,0.0,0.0,0.0,1715943279.4906452,0.010455405661252859,-0.02326422028183539,0.8995182294036741,1715943286.1612985,0.01375366971496986,0.015354308661950533,0.008479843967956032,1715943286.1812682,0.006689122925369226,0.009128329800353052,0.009662526216161116,1715943285.351179,-0.0023075956940263875,-0.009648460762770705,-2.349836026250032
1715943279.4405475,0.0,0.0,0.0,1715943279.5205188,0.0,0.0,0.0,1715943279.5005398,0.010840768189937455,-0.02549244215411428,0.8997476148535877,1715943286.171214,0.017605938074143058,0.01302768678408528,0.014358632280439338,1715943286.1912634,0.012056595732873985,0.019795168392670925,0.006082789532498032,1715943285.371148,0.00032151804500446524,-0.007599918077330736,-2.3500881446330073
1715943279.4505224,0.0,0.0,0.0,1715943279.5305927,0.0,0.0,0.0,1715943279.5106204,0.010371760200447722,-0.027765303322240253,0.8999421629166541,1715943286.1812682,0.006689122925369226,0.009128329800353052,0.009662526216161116,1715943286.2012665,0.015554466529117739,0.01474441771847057,0.014203821655768327,1715943286.1413004,-0.00592551395459906,-0.008264689628675548,-2.35548091530533
1715943279.4605565,0.0,0.0,0.0,1715943279.5407338,0.0,0.0,0.0,1715943279.5205188,0.00959402970628176,-0.029766356617084933,0.9001975141100811,1715943286.1912634,0.012056595732873985,0.019795168392670925,0.006082789532498032,1715943286.2112985,0.008744113195866906,0.005599606527181278,0.002657223790140702,1715943286.1612985,-0.002927532086389073,-0.007667284924347095,-2.355917255078775
1715943279.470517,0.0,0.0,0.0,1715943279.5705514,0.0,0.0,0.0,1715943279.5305927,0.009657165156621295,-0.03188077322970129,0.9004277799672608,1715943286.2012665,0.015554466529117739,0.01474441771847057,0.014203821655768327,1715943286.22129,0.012187870571883256,0.011836113733461717,0.0017832208192783304,1715943286.171214,-0.005539894891610109,-0.007690820986887115,-2.355945695077411
1715943279.4805424,0.0,0.0,0.0,1715943279.5805776,0.0,0.0,0.0,1715943279.5407338,0.010587653322191026,-0.03359150192619231,0.9006410038029995,1715943286.2112985,0.008744113195866906,0.005599606527181278,0.002657223790140702,1715943286.241322,0.012631573734963774,0.009808081112930633,0.0003909544678541337,1715943286.1812682,-0.006888924680821695,-0.007076255022878453,-2.3561121299142003
1715943279.4906452,0.0,0.0,0.0,1715943279.5907822,0.0,0.0,0.0,1715943279.5705514,0.012669001860938778,-0.037341803154479436,0.900964438393936,1715943286.22129,0.012187870571883256,0.011836113733461717,0.0017832208192783304,1715943286.251273,0.008320311467306328,0.009024314252696009,0.019807233452028672,1715943286.1912634,-0.004669521606451843,-0.007473371967941622,-2.356110097079469
1715943279.5005398,0.0,0.0,0.0,1715943279.6005962,0.0,0.0,0.0,1715943279.5805776,0.012916687379774028,-0.03502912781915546,0.9010872430678786,1715943286.241322,0.012631573734963774,0.009808081112930633,0.0003909544678541337,1715943286.2613482,0.014287825906115636,0.018018660154925925,0.008097898662161379,1715943286.2012665,-0.0029817467215402793,-0.007920908114391612,-2.3563404316142686
1715943279.5106204,0.0,0.0,0.0,1715943279.6106677,0.0,0.0,0.0,1715943279.5907822,0.01130575989256688,-0.033555055529778555,0.9012432841264351,1715943286.251273,0.008320311467306328,0.009024314252696009,0.019807233452028672,1715943286.2712486,0.008543374998721117,0.015435695766250923,0.013542524396099135,1715943286.2112985,-0.0048824021485924796,-0.008249024968377094,-2.356450828906279
1715943279.5205188,0.0,0.0,0.0,1715943279.6205618,0.0,0.0,0.0,1715943279.6005962,0.009689686307703116,-0.03214404297645901,0.9014603035439928,1715943286.2613482,0.014287825906115636,0.018018660154925925,0.008097898662161379,1715943286.2812567,0.008764397105237349,0.013957888354599879,0.016051149575684702,1715943286.22129,-0.0025679280305657137,-0.008679332498506831,-2.3566199218961295
1715943279.5305927,0.0,0.0,0.0,1715943279.6305757,0.0,0.0,0.0,1715943279.6106677,0.008291792580929325,-0.030692799037238094,0.901639705502441,1715943286.2712486,0.008543374998721117,0.015435695766250923,0.013542524396099135,1715943286.5614753,0.01253815327528049,0.012836237992177146,0.01493898646402381,1715943286.241322,0.0015012085805046205,-0.00964910487759263,-2.3569793369558747
1715943279.5407338,0.0,0.0,0.0,1715943279.6407106,0.0,0.0,0.0,1715943279.6205618,0.007169913968376129,-0.02901036858514794,0.9018297206480048,1715943286.2812567,0.008764397105237349,0.013957888354599879,0.016051149575684702,1715943286.5712986,0.011716719829434338,0.01724511333613865,0.00012403966534069253,1715943286.251273,-0.00030002611251078726,-0.010111986039055942,-2.3571920407439233
1715943279.5705514,0.0,0.0,0.0,1715943279.6505508,0.0,0.0,0.0,1715943279.6305757,0.006883920911362418,-0.026930966419753233,0.9020180026864593,1715943286.5614753,0.01253815327528049,0.012836237992177146,0.01493898646402381,1715943286.6013067,0.01808287722903542,0.0057870296004893795,0.012373388146367318,1715943286.2613482,0.0022212645251007412,-0.010339996790798889,-2.357292169866759
1715943279.5805776,0.0,0.0,0.0,1715943279.6605697,0.0,0.0,0.0,1715943279.6407106,0.00548434451977553,-0.025804671965726556,0.9022733137470604,1715943286.5712986,0.011716719829434338,0.01724511333613865,0.00012403966534069253,1715943286.611368,0.0026980350382373878,0.006813865601117408,0.009634938301150545,1715943286.2712486,0.00432126494191909,-0.01049858770320622,-2.3575414685117524
1715943279.5907822,0.0,0.0,0.0,1715943279.6705396,0.0,0.0,0.0,1715943279.6505508,0.0038892021795044474,-0.025388864524341637,0.9025857653193545,1715943286.6013067,0.01808287722903542,0.0057870296004893795,0.012373388146367318,1715943286.6214025,0.011503918828084912,0.0002102980930505094,0.0002777416278788008,1715943286.2812567,0.002445633457193841,-0.010731172177709691,-2.3576414364533997
1715943279.6005962,0.0,0.0,0.0,1715943279.6805754,0.0,0.0,0.0,1715943279.6605697,0.0027681280214837956,-0.023721035471307106,0.9029432505914703,1715943286.611368,0.0026980350382373878,0.006813865601117408,0.009634938301150545,1715943286.6313214,0.004368443158974171,0.010688634048715118,0.005886873304840715,1715943286.5614753,0.003710726381941365,-0.0107026424072032,-2.360645231878241
1715943279.6106677,0.0,0.0,0.0,1715943279.6907601,0.0,0.0,0.0,1715943279.6705396,0.004364826698633917,-0.02231467474138893,0.9032803529987561,1715943286.6214025,0.011503918828084912,0.0002102980930505094,0.0002777416278788008,1715943286.641368,0.013800002127336494,0.012360040980628595,0.018900371264547418,1715943286.5712986,0.0017684377050435351,-0.010061553528528888,-2.3607977844991286
1715943279.6205618,0.0,0.0,0.0,1715943279.7006178,0.0,0.0,0.0,1715943279.6805754,0.00640696000155655,-0.021148080132921132,0.9036155355806834,1715943286.6313214,0.004368443158974171,0.010688634048715118,0.005886873304840715,1715943286.6512938,0.013181135798913023,0.0021559566418651865,0.01597720282794085,1715943286.6013067,0.007730445324130475,-0.01069168685350097,-2.3614096988323294
1715943279.6305757,0.0,0.0,0.0,1715943279.850592,0.0,0.0,0.0,1715943279.6907601,0.005174275691585184,-0.020040438205235267,0.903922797740808,1715943286.641368,0.013800002127336494,0.012360040980628595,0.018900371264547418,1715943286.6613944,0.017630414056430937,0.005211712336852248,0.019497141986259982,1715943286.611368,0.00591656686014419,-0.011332677142061431,-2.361433420478854
1715943279.6407106,0.0,0.0,0.0,1715943279.8606038,0.0,0.0,0.0,1715943279.7006178,0.003606450798148697,-0.018815944765471215,0.9041273732571389,1715943286.6512938,0.013181135798913023,0.0021559566418651865,0.01597720282794085,1715943286.6712902,0.007026054404425402,0.012752081396264492,0.01975293236958688,1715943286.6214025,0.004704568712419199,-0.012753784686144742,-2.361569557906747
1715943279.6505508,0.0,0.0,0.0,1715943279.8705783,0.0,0.0,0.0,1715943279.850592,0.005088367917414349,-0.019931632391317677,0.9071352975213554,1715943286.6613944,0.017630414056430937,0.005211712336852248,0.019497141986259982,1715943286.6913157,0.001045075366594064,0.00010068448168709665,0.0028410710675718424,1715943286.6313214,0.006140289181591818,-0.014267087276925494,-2.3616302586862146
1715943279.6605697,0.0,0.0,0.0,1715943279.8805928,0.0,0.0,0.0,1715943279.8606038,0.005499389893209472,-0.022152519356881895,0.9074338779237765,1715943286.6712902,0.007026054404425402,0.012752081396264492,0.01975293236958688,1715943286.7114518,0.012964091574007103,0.01565883839536575,0.0172049508878479,1715943286.641368,0.004437816569582198,-0.01455899779442471,-2.3616342715975165
1715943279.6705396,0.0,0.0,0.0,1715943279.890693,0.0,0.0,0.0,1715943279.8705783,0.004877408498457414,-0.024239034610627597,0.9077588254525072,1715943286.6913157,0.001045075366594064,0.00010068448168709665,0.0028410710675718424,1715943286.7212846,0.019166752795677977,0.0029813159277196633,0.0018434698186316316,1715943286.6512938,0.0027401418457368987,-0.01392104915810477,-2.3617470042344957
1715943279.6805754,0.0,0.0,0.0,1715943279.9406745,0.0,0.0,0.0,1715943279.8805928,0.004467396090684472,-0.02621837721726661,0.908014052069548,1715943286.7114518,0.012964091574007103,0.01565883839536575,0.0172049508878479,1715943286.7313187,0.005665195695975308,0.009640424658912128,0.006043497576182522,1715943286.6613944,0.001398538877309452,-0.012742733464256029,-2.361944773384735
1715943279.6907601,0.0,0.0,0.0,1715943279.9506838,0.0,0.0,0.0,1715943279.890693,0.005501370507170644,-0.027937535054114226,0.9081862902274851,1715943286.7212846,0.019166752795677977,0.0029813159277196633,0.0018434698186316316,1715943286.7413518,0.015157202135970521,0.0030260641957107204,0.008404487563410588,1715943286.6712902,0.0036710147839131846,-0.012478441356017278,-2.362175621364713
1715943279.7006178,0.0,0.0,0.0,1715943279.9606988,0.0,0.0,0.0,1715943279.9406745,0.0023260093297179374,-0.02467991375604961,0.909251590742005,1715943286.7313187,0.005665195695975308,0.009640424658912128,0.006043497576182522,1715943286.7614284,0.007191800000630605,0.0157847591756628,0.01185493447904555,1715943286.6913157,-0.00016389090153645647,-0.012850004124146608,-2.362461458230106
1715943279.850592,0.0,0.0,0.0,1715943279.9706728,0.0,0.0,0.0,1715943279.9506838,0.002406444379983108,-0.022775151416760675,0.9094613986273545,1715943286.7413518,0.015157202135970521,0.0030260641957107204,0.008404487563410588,1715943286.7713335,0.014745936138226546,0.006296817073416117,0.016537940674722616,1715943286.7114518,0.0020595480835015056,-0.009927251520887026,-2.362728555570098
1715943279.8606038,0.0,0.0,0.0,1715943279.9806287,0.0,0.0,0.0,1715943279.9606988,0.00407148475218061,-0.021947233319481674,0.9096295683602862,1715943286.7614284,0.007191800000630605,0.0157847591756628,0.01185493447904555,1715943286.9213066,0.018910405666976146,0.00865290511258876,0.007973395269360698,1715943286.7212846,0.00033441840306092097,-0.00891349991142043,-2.362830100249427
1715943279.8705783,0.0,0.0,0.0,1715943279.9906735,0.0,0.0,0.0,1715943279.9706728,0.006012290099974449,-0.021202218473267198,0.9097944473279675,1715943286.7713335,0.014745936138226546,0.006296817073416117,0.016537940674722616,1715943286.9413557,0.008858831473804849,0.002803108326663528,0.00630263854467663,1715943286.7313187,-0.0004145248894931175,-0.007531350829825811,-2.3628722055778706
1715943279.8805928,0.0,0.0,0.0,1715943280.000593,0.0,0.0,0.0,1715943279.9806287,0.004304625698352216,-0.020264630455945287,0.9100006618767188,1715943286.9213066,0.018910405666976146,0.00865290511258876,0.007973395269360698,1715943286.9513195,0.003008042493378502,0.0061806308783640684,0.0014324855923596985,1715943286.7413518,0.001956382804334744,-0.007803323362097325,-2.362999646027634
1715943279.890693,0.0,0.0,0.0,1715943280.0106804,0.0,0.0,0.0,1715943279.9906735,0.005326763567208959,-0.018771353492142095,0.9102133863926521,1715943286.9413557,0.008858831473804849,0.002803108326663528,0.00630263854467663,1715943286.9613397,0.007113528382503643,0.009142378973888254,0.002227217727452679,1715943286.7614284,-0.0022907581271727206,-0.008657503824423873,-2.36313083244199
1715943279.9406745,0.0,0.0,0.0,1715943280.2706366,0.0,0.0,0.0,1715943280.000593,0.00658983075850933,-0.01761085047287425,0.9103539499452813,1715943286.9513195,0.003008042493378502,0.0061806308783640684,0.0014324855923596985,1715943286.9713624,0.009693917830235139,5.7039709935091665e-05,0.01268156167334577,1715943286.7713335,8.633969399141073e-05,-0.009557504941449801,-2.3631989778972047
1715943279.9506838,0.0,0.0,0.0,1715943280.741237,0.0,0.0,0.0,1715943280.0106804,0.007368047776399156,-0.01596393163942844,0.910512810175435,1715943286.9613397,0.007113528382503643,0.009142378973888254,0.002227217727452679,1715943286.981347,0.01559165127795845,0.007768788221257372,0.015366252996523909,1715943286.9213066,0.0034660666858910005,-0.013189950691370855,-2.366652059678316
1715943279.9606988,0.0,0.0,0.0,1715943280.7507064,0.0,0.0,0.0,1715943280.2706366,0.007761684251447243,-0.022560748923196705,0.9187984096842088,1715943286.9713624,0.009693917830235139,5.7039709935091665e-05,0.01268156167334577,1715943286.991354,0.0052692813549831945,0.004647591604364454,0.010792216905106662,1715943286.9413557,0.0025436866719508178,-0.01139628657391012,-2.366891075835561
1715943279.9706728,0.0,0.0,0.0,1715943280.7606907,0.0,0.0,0.0,1715943280.741237,0.001774461990063425,-0.0219641940297175,0.9375269251728537,1715943286.981347,0.01559165127795845,0.007768788221257372,0.015366252996523909,1715943287.0013611,0.007062005187805272,0.00010051222901963364,0.0007445581915212669,1715943286.9513195,0.001179352133261924,-0.010619961647740928,-2.367012055707897
1715943279.9806287,0.0,0.0,0.0,1715943280.7707632,0.0,0.0,0.0,1715943280.7507064,0.0012268166551872572,-0.02344996028919777,0.9379195344694677,1715943286.991354,0.0052692813549831945,0.004647591604364454,0.010792216905106662,1715943287.0113564,0.017813703514204898,0.005770941709371202,0.006738168460821856,1715943286.9613397,0.003253942548872679,-0.00970071063148481,-2.367225801963755
1715943279.9906735,0.0,0.0,0.0,1715943280.7806842,0.0,0.0,0.0,1715943280.7606907,0.002493570953919111,-0.024552483879414444,0.9382396775622002,1715943287.0013611,0.007062005187805272,0.00010051222901963364,0.0007445581915212669,1715943287.0214083,0.013245268479518714,0.019475301544639168,0.004853794192174274,1715943286.9713624,0.004000033881032428,-0.00798420785159859,-2.3675757785144276
1715943280.000593,0.0,0.0,0.0,1715943280.9107091,0.0,0.0,0.0,1715943280.7707632,0.004054613855970612,-0.025790511561923024,0.938460133230106,1715943287.0113564,0.017813703514204898,0.005770941709371202,0.006738168460821856,1715943287.0313663,0.0058782440945858855,0.002527974777906339,0.016153139470119888,1715943286.981347,0.0020807020202153748,-0.007641435655902251,-2.3678208240302796
1715943280.0106804,0.0,0.0,0.0,1715943280.9207065,0.0,0.0,0.0,1715943280.7806842,0.003224411408518202,-0.027042745578764293,0.9387374179679395,1715943287.0214083,0.013245268479518714,0.019475301544639168,0.004853794192174274,1715943287.0614638,0.005641081799344756,0.0175942770521047,0.007556961361213973,1715943286.991354,0.0008524922062140838,-0.006657043654873185,-2.3681226511354625
1715943280.2706366,0.0,0.0,0.0,1715943280.9307234,0.0,0.0,0.0,1715943280.9107091,0.004086781694856434,-0.007694565950605581,0.9422006983328822,1715943287.0313663,0.0058782440945858855,0.002527974777906339,0.016153139470119888,1715943287.0713809,0.015389461268792056,0.018646988792980768,0.008505002852364324,1715943287.0013611,0.002662379640101964,-0.005760876862039188,-2.3683230129307393
1715943280.741237,0.0,0.0,0.0,1715943280.9423933,0.0,0.0,0.0,1715943280.9207065,0.0028616391970495703,-0.0067812154460358265,0.9424243389289271,1715943287.0614638,0.005641081799344756,0.0175942770521047,0.007556961361213973,1715943287.0814567,0.018733074298573016,0.01820317140506056,0.017940526836007373,1715943287.0113564,0.0020278628806724708,-0.0042695245271331395,-2.3685629190851234
1715943280.7507064,0.0,0.0,0.0,1715943280.9506898,0.0,0.0,0.0,1715943280.9307234,0.0012786623974697653,-0.005906547714911392,0.9425508848717992,1715943287.0713809,0.015389461268792056,0.018646988792980768,0.008505002852364324,1715943287.0913208,0.016899781512519207,0.017828968964545444,0.003010559176087388,1715943287.0214083,0.0005542434247463035,-0.0037638371256543124,-2.368627798116508
1715943280.7606907,0.0,0.0,0.0,1715943280.9607227,0.0,0.0,0.0,1715943280.9423933,0.002161615568723907,-0.0036339030242851234,0.942842720800757,1715943287.0814567,0.018733074298573016,0.01820317140506056,0.017940526836007373,1715943287.1013415,0.0052551269484005635,0.01654301134515701,0.017645150816632482,1715943287.0313663,0.0031416595473596765,-0.004087385893816409,-2.368781147229512
1715943280.7707632,0.0,0.0,0.0,1715943281.010729,0.0,0.0,0.0,1715943280.9506898,0.004252604521662429,-0.0027493511487381994,0.9431722145353852,1715943287.0913208,0.016899781512519207,0.017828968964545444,0.003010559176087388,1715943287.1713324,0.01452297313336827,0.0006776054232657813,0.007622970250974563,1715943287.0614638,0.0005957285091910958,-0.009563548253510135,-2.3688403913381872
1715943280.7806842,0.0,0.0,0.0,1715943281.0207276,0.0,0.0,0.0,1715943280.9607227,0.003703073534262191,-0.0010444701998539863,0.9435250556235368,1715943287.1013415,0.0052551269484005635,0.01654301134515701,0.017645150816632482,1715943287.1813781,0.015381093943652314,0.0007480390522263125,0.00556840583962534,1715943287.0713809,0.0029566185958733726,-0.010503918250878597,-2.368986739470726
1715943280.9107091,0.0,0.0,0.0,1715943281.0307202,0.0,0.0,0.0,1715943281.010729,0.003940964539030201,-6.365448546463703e-05,0.9468571504570411,1715943287.1713324,0.01452297313336827,0.0006776054232657813,0.007622970250974563,1715943287.191327,0.010003639191095138,0.005686424150262104,0.002538352494717229,1715943287.0814567,0.004857885241227988,-0.009337419035933214,-2.3691529847691717
1715943280.9207065,0.0,0.0,0.0,1715943281.040782,0.0,0.0,0.0,1715943281.0207276,0.0064730315884432565,0.00036174130732624654,0.9476605814637953,1715943287.1813781,0.015381093943652314,0.0007480390522263125,0.00556840583962534,1715943287.2013543,0.013466320197782978,0.0028540581231630835,0.0035937453926480206,1715943287.0913208,0.004567809426067271,-0.007503798163233322,-2.3694506731947684
1715943280.9307234,0.0,0.0,0.0,1715943281.0507166,0.0,0.0,0.0,1715943281.0307202,0.0048908643272689845,0.0014617115599540043,0.9484706347224785,1715943287.191327,0.010003639191095138,0.005686424150262104,0.002538352494717229,1715943287.2114382,0.0005706999265791199,0.0024316773058763452,0.013089945884238672,1715943287.1013415,0.003528563229880932,-0.006489007057756124,-2.3697655760720755
1715943280.9423933,0.0,0.0,0.0,1715943281.0607412,0.0,0.0,0.0,1715943281.040782,0.002859036669630999,0.0015067938508201983,0.9492122305641204,1715943287.2013543,0.013466320197782978,0.0028540581231630835,0.0035937453926480206,1715943287.2214375,0.018182263284017675,0.01755908015514107,0.007314213692225174,1715943287.1713324,-0.0016681932041835434,-0.013927137050180782,-2.37093854116969
1715943280.9506898,0.0,0.0,0.0,1715943281.07069,0.0,0.0,0.0,1715943281.0507166,0.0009776760611868163,0.00108570204166214,0.9498706489510076,1715943287.2114382,0.0005706999265791199,0.0024316773058763452,0.013089945884238672,1715943287.231397,0.015328910851318258,0.00816993628524787,0.019201287856680502,1715943287.1813781,0.0006715321271697494,-0.014844779672942066,-2.3711762443672786
1715943280.9607227,0.0,0.0,0.0,1715943281.080851,0.0,0.0,0.0,1715943281.0607412,0.0028004799608368214,0.0007197787015700285,0.9504676276122557,1715943287.2214375,0.018182263284017675,0.01755908015514107,0.007314213692225174,1715943287.2513628,0.014427093920531448,0.00033195777503025603,0.0030536988077198212,1715943287.191327,0.0022537502259798448,-0.015662519159410637,-2.371449971629083
1715943281.010729,0.0,0.0,0.0,1715943281.0906942,0.0,0.0,0.0,1715943281.07069,0.004743606820544921,-0.00021019629452134758,0.9511045685921669,1715943287.231397,0.015328910851318258,0.00816993628524787,0.019201287856680502,1715943287.2614825,0.01413175228146215,0.017318222635063663,0.007588368822185134,1715943287.2013543,0.0014069044371216588,-0.017388348302271428,-2.3716090520751862
1715943281.0207276,0.0,0.0,0.0,1715943281.1007414,0.0,0.0,0.0,1715943281.080851,0.004056087769632399,-0.0023266088534588114,0.9517781274238817,1715943287.2513628,0.014427093920531448,0.00033195777503025603,0.0030536988077198212,1715943287.2713456,0.0056905083041921545,0.0026979046793293993,0.01325034488927623,1715943287.2114382,0.003885563384190327,-0.017507506439105702,-2.3717998836704886
1715943281.0307202,0.0,0.0,0.0,1715943281.110814,0.0,0.0,0.0,1715943281.0906942,0.0031958169293073158,-0.0043999850074212254,0.9524585208769674,1715943287.2614825,0.01413175228146215,0.017318222635063663,0.007588368822185134,1715943287.2813592,0.015877175651011582,0.017811513122756306,0.006092353949480124,1715943287.2214375,0.005849260697887715,-0.016747306417276064,-2.3719544367334375
1715943281.040782,0.0,0.0,0.0,1715943281.1209157,0.0,0.0,0.0,1715943281.1007414,0.005014757089355948,-0.005488844640140655,0.9532464069892329,1715943287.2713456,0.0056905083041921545,0.0026979046793293993,0.01325034488927623,1715943287.2913601,0.011103188579947505,0.0014151868487410901,0.007286777966637568,1715943287.231397,0.004713633278251583,-0.015456586174815046,-2.3721527649245333
1715943281.0507166,0.0,0.0,0.0,1715943281.1307697,0.0,0.0,0.0,1715943281.110814,0.00498853743972516,-0.007582546140207702,0.9540792711591795,1715943287.2813592,0.015877175651011582,0.017811513122756306,0.006092353949480124,1715943287.30137,0.00013854662123033955,0.017702262679775815,0.013144001793801494,1715943287.2513628,0.006512598155900218,-0.012099757189124372,-2.3726293980415867
1715943281.0607412,0.0,0.0,0.0,1715943281.340721,0.0,0.0,0.0,1715943281.1209157,0.003179679399833324,-0.008758667954267496,0.9549563934024473,1715943287.2913601,0.011103188579947505,0.0014151868487410901,0.007286777966637568,1715943287.3114793,0.0008397969677860833,0.0009551812011250327,0.000693058483428049,1715943287.2614825,0.005942912991427907,-0.010575834377595683,-2.3729007069606003
1715943281.07069,0.0,0.0,0.0,1715943281.3508837,0.0,0.0,0.0,1715943281.1307697,0.004611005757425346,-0.009520075951629181,0.9556691518634592,1715943287.30137,0.00013854662123033955,0.017702262679775815,0.013144001793801494,1715943287.3213553,0.002185240963761402,0.005467524521783007,0.002822312475337263,1715943287.2713456,0.004757542224340883,-0.009625542124898079,-2.373077567940377
1715943281.080851,0.0,0.0,0.0,1715943281.36078,0.0,0.0,0.0,1715943281.340721,0.007859496677207867,-0.0037222232425748736,0.9669504221070476,1715943287.3114793,0.0008397969677860833,0.0009551812011250327,0.000693058483428049,1715943287.3314283,0.01433509450537824,0.004739428084265196,0.01730034994153095,1715943287.2813592,0.003179972995394298,-0.009230952456126484,-2.3731429577460887
1715943281.0906942,0.0,0.0,0.0,1715943281.3707738,0.0,0.0,0.0,1715943281.3508837,0.010317076039528916,-0.0036960475229714795,0.9672450186545675,1715943287.3213553,0.002185240963761402,0.005467524521783007,0.002822312475337263,1715943287.3414092,0.002157465542508741,0.01815079556931254,0.011459004132282204,1715943287.2913601,0.0045445825522911765,-0.007812771922732553,-2.373416654904685
1715943281.1007414,0.0,0.0,0.0,1715943281.38077,0.0,0.0,0.0,1715943281.36078,0.009003703543275232,-0.00287375957246061,0.9675774767606196,1715943287.3314283,0.01433509450537824,0.004739428084265196,0.01730034994153095,1715943287.3513732,0.0023924373521892637,0.015909856018093027,0.007139986966071525,1715943287.30137,0.0063613717102897205,-0.006794028997072932,-2.3735617227865258
1715943281.110814,0.0,0.0,0.0,1715943281.390751,0.0,0.0,0.0,1715943281.3707738,0.006900663756071956,-0.0021245115351224975,0.9678933315888243,1715943287.3414092,0.002157465542508741,0.01815079556931254,0.011459004132282204,1715943287.361582,0.011958469471556031,0.008116386139484844,0.010907402398569277,1715943287.3114793,0.005112356387617201,-0.005726422307692047,-2.3737018253818394
1715943281.1209157,0.0,0.0,0.0,1715943281.4007494,0.0,0.0,0.0,1715943281.38077,0.008460599775767186,-0.0017812316237968417,0.9681887317243523,1715943287.3513732,0.0023924373521892637,0.015909856018093027,0.007139986966071525,1715943287.3713455,0.01934141308615614,0.013122249421670507,0.0017227118116435718,1715943287.3213553,0.0034128273039588652,-0.005940826461077187,-2.3738814558827865
1715943281.1307697,0.0,0.0,0.0,1715943281.4107702,0.0,0.0,0.0,1715943281.390751,0.0101709027480954,-0.0004974719654620152,0.9683805719906197,1715943287.361582,0.011958469471556031,0.008116386139484844,0.010907402398569277,1715943287.3815029,0.01898638749872306,0.0067379987522759865,0.007878288768900971,1715943287.3314283,0.005573693510532163,-0.007881233109409358,-2.374192601508268
1715943281.340721,0.0,0.0,0.0,1715943281.4207559,0.0,0.0,0.0,1715943281.4007494,0.008752483470904904,-0.0008413784302110372,0.968606723665939,1715943287.3713455,0.01934141308615614,0.013122249421670507,0.0017227118116435718,1715943287.3913524,0.008902802896964563,0.015512905439530433,0.004009231854503653,1715943287.3414092,0.007934175062105808,-0.008679870936855627,-2.3743598971927558
1715943281.3508837,0.0,0.0,0.0,1715943281.4307487,0.0,0.0,0.0,1715943281.4107702,0.006327369475737532,-0.0016833329924395013,0.9689379330463187,1715943287.3815029,0.01898638749872306,0.0067379987522759865,0.007878288768900971,1715943287.401447,0.00879856913687874,0.01580904665376437,0.012251025740046644,1715943287.3513732,0.009361282131895132,-0.010400451209797712,-2.3745533879356326
1715943281.36078,0.0,0.0,0.0,1715943281.6407602,0.0,0.0,0.0,1715943281.4207559,0.008212616205158174,-0.0025885158522247487,0.9691791593581123,1715943287.3913524,0.008902802896964563,0.015512905439530433,0.004009231854503653,1715943287.4115655,0.004729887673637846,0.012400113385365952,0.01369325185770083,1715943287.361582,0.007791140138480923,-0.010184528526659298,-2.3745814174837667
1715943281.3707738,0.0,0.0,0.0,1715943281.6507707,0.0,0.0,0.0,1715943281.4307487,0.010700103146136397,-0.0041106874088467915,0.9694008876541846,1715943287.401447,0.00879856913687874,0.01580904665376437,0.012251025740046644,1715943287.4213636,0.003447639409566235,0.009426426281751166,0.014032996351855606,1715943287.3713455,0.008832766612097087,-0.008376166027405096,-2.3747418141806085
1715943281.38077,0.0,0.0,0.0,1715943281.6607878,0.0,0.0,0.0,1715943281.6407602,0.015285784884422171,-0.010350627669905688,0.9752321265997659,1715943287.4115655,0.004729887673637846,0.012400113385365952,0.01369325185770083,1715943287.4314,0.008851287603115713,0.008877878685548346,0.015605003704551403,1715943287.3815029,0.010813165799119728,-0.0074829692969919925,-2.3748558846880448
1715943281.390751,0.0,0.0,0.0,1715943281.6707735,0.0,0.0,0.0,1715943281.6507707,0.013393673339420709,-0.009791101115348866,0.9754504767916041,1715943287.4213636,0.003447639409566235,0.009426426281751166,0.014032996351855606,1715943287.4419725,0.0062115061891798995,0.0129418178798264,0.009824808332881046,1715943287.3913524,0.009066757905022982,-0.007176945080146435,-2.374974509835735
1715943281.4007494,0.0,0.0,0.0,1715943281.6808236,0.0,0.0,0.0,1715943281.6607878,0.013802924832343744,-0.007996725010156913,0.9756609663371714,1715943287.4314,0.008851287603115713,0.008877878685548346,0.015605003704551403,1715943287.611414,0.009813544114033138,0.016204043677251034,0.019501117634517093,1715943287.401447,0.007793296040759401,-0.00741909695743459,-2.375203129314358
1715943281.4107702,0.0,0.0,0.0,1715943281.6907794,0.0,0.0,0.0,1715943281.6707735,0.015712284857572367,-0.007210447931772723,0.9757619382781181,1715943287.4419725,0.0062115061891798995,0.0129418178798264,0.009824808332881046,1715943287.6214159,0.0047816188659460905,0.0048303303373049555,0.018678552965168828,1715943287.4115655,0.009977941399230694,-0.006890643557676102,-2.375345496591444
1715943281.4207559,0.0,0.0,0.0,1715943281.8307908,0.0,0.0,0.0,1715943281.6808236,0.014515060126588597,-0.0071054909027803426,0.9759645067970051,1715943287.611414,0.009813544114033138,0.016204043677251034,0.019501117634517093,1715943287.6314306,0.009460987873641582,0.012632328188508124,0.001997270387435598,1715943287.4213636,0.00777347198731837,-0.007649813389403404,-2.3755445483718214
1715943281.4307487,0.0,0.0,0.0,1715943281.8708003,0.0,0.0,0.0,1715943281.6907794,0.012413998441507312,-0.007421141511348317,0.9761573992232795,1715943287.6214159,0.0047816188659460905,0.0048303303373049555,0.018678552965168828,1715943287.6414113,0.01326906240949848,0.011018440158993448,0.013199766786717906,1715943287.4314,0.006336074135361525,-0.008704912003586252,-2.375708090375797
1715943281.4407191,0.0,0.0,0.0,1715943281.8808498,0.0,0.0,0.0,1715943281.8307908,0.010226286014997255,-0.00889227930952452,0.9793527046120742,1715943287.6314306,0.009460987873641582,0.012632328188508124,0.001997270387435598,1715943287.651426,0.017482403125277324,0.004383732078157676,0.008768380944711612,1715943287.4419725,0.00639952135503985,-0.010976207617205302,-2.3759199568343616
1715943281.6407602,0.0,0.0,0.0,1715943281.8907785,0.0,0.0,0.0,1715943281.8708003,0.010900509204618103,-0.009660718850724948,0.9803638535572081,1715943287.6414113,0.01326906240949848,0.011018440158993448,0.013199766786717906,1715943287.6615481,0.009685598281795393,0.01673790626471172,0.0019033003692973953,1715943287.611414,-0.0017265809031452584,-0.012925044059217239,-2.3775794111517534
1715943281.6507707,0.0,0.0,0.0,1715943281.9008222,0.0,0.0,0.0,1715943281.8808498,0.013130559965137734,-0.009728986828603903,0.980563371328472,1715943287.651426,0.017482403125277324,0.004383732078157676,0.008768380944711612,1715943287.6714323,0.0042554722451845165,0.01321403040527036,0.006242147263858258,1715943287.6214159,-0.0026668567735008697,-0.011776073692662647,-2.3776205686519987
1715943281.6607878,0.0,0.0,0.0,1715943281.910842,0.0,0.0,0.0,1715943281.8907785,0.01179645610421548,-0.009531472919018347,0.9807930464212065,1715943287.6615481,0.009685598281795393,0.01673790626471172,0.0019033003692973953,1715943287.6814282,0.005321594133738786,0.013386300455198397,0.010814510622097866,1715943287.6314306,-0.005045908280257416,-0.011716940148121635,-2.377751818668245
1715943281.6707735,0.0,0.0,0.0,1715943281.9208336,0.0,0.0,0.0,1715943281.9008222,0.012660137936850169,-0.007903328530795228,0.9810640877742366,1715943287.6714323,0.0042554722451845165,0.01321403040527036,0.006242147263858258,1715943287.6913948,0.01252018594245459,0.016734127205767946,0.009111902417720207,1715943287.6414113,-0.007170233942926263,-0.012818480100071472,-2.3777180161548537
1715943281.6808236,0.0,0.0,0.0,1715943281.9808125,0.0,0.0,0.0,1715943281.910842,0.014426247349848265,-0.0079866765681198,0.981377737662197,1715943287.6814282,0.005321594133738786,0.013386300455198397,0.010814510622097866,1715943287.7014327,0.006477588347888666,0.006233561934271714,0.0042685199245796135,1715943287.651426,-0.004980671168569817,-0.0131359446187016,-2.377657792174899
1715943281.6907794,0.0,0.0,0.0,1715943282.0608335,0.0,0.0,0.0,1715943281.9208336,0.016719628275968568,-0.008535127119704056,0.9816456771340227,1715943287.6913948,0.01252018594245459,0.016734127205767946,0.009111902417720207,1715943287.711587,0.019520750983197315,0.0055520675059896885,0.006496222797359474,1715943287.6615481,-0.003039437284686919,-0.013065757463024186,-2.377780614117946
1715943281.8307908,0.0,0.0,0.0,1715943282.0708063,0.0,0.0,0.0,1715943281.9907799,0.011526205287073488,-0.006354797420850655,0.9830063601345208,1715943287.7014327,0.006477588347888666,0.006233561934271714,0.0042685199245796135,1715943287.72141,0.004095507281224696,0.016225964132460025,0.0006262699219833827,1715943287.6714323,-0.002491445527242675,-0.011322347055440218,-2.37789657902339
1715943281.8708003,0.0,0.0,0.0,1715943282.0808136,0.0,0.0,0.0,1715943282.0608335,0.014064374089177656,-0.008922200985636675,0.9846221440314482,1715943287.711587,0.019520750983197315,0.0055520675059896885,0.006496222797359474,1715943287.7315307,0.0035372178341266693,0.003859314237835143,0.005914880046240089,1715943287.6814282,-0.0020896500235692006,-0.009621693785297314,-2.378045989017868
1715943281.8808498,0.0,0.0,0.0,1715943282.0908363,0.0,0.0,0.0,1715943282.0708063,0.016529494070544937,-0.00894113667790064,0.9848928175930336,1715943287.72141,0.004095507281224696,0.016225964132460025,0.0006262699219833827,1715943287.7414417,0.006910780676272064,0.002355522889932571,0.0033301874125619977,1715943287.6913948,-0.0002301440142775668,-0.008593208214636272,-2.3783150418410166
1715943281.8907785,0.0,0.0,0.0,1715943282.1008205,0.0,0.0,0.0,1715943282.0808136,0.014306703203886939,-0.009546084160888979,0.9850051925913694,1715943287.7315307,0.0035372178341266693,0.003859314237835143,0.005914880046240089,1715943287.7514215,0.00831533484255676,0.013462930160590192,0.005709535436236847,1715943287.7014327,0.0017133353972205168,-0.007915744852597717,-2.378635661932395
1715943281.9008222,0.0,0.0,0.0,1715943282.1109264,0.0,0.0,0.0,1715943282.0908363,0.01465791438076125,-0.011233513986598664,0.9851518267650936,1715943287.7414417,0.006910780676272064,0.002355522889932571,0.0033301874125619977,1715943287.7616289,0.006809727932904107,0.004256064163782769,0.0014236547654674957,1715943287.711587,0.003934066253686641,-0.008419507289264327,-2.378842591330918
1715943281.910842,0.0,0.0,0.0,1715943282.1208262,0.0,0.0,0.0,1715943282.1008205,0.016657645795362497,-0.011599302595514116,0.9853504545069016,1715943287.7514215,0.00831533484255676,0.013462930160590192,0.005709535436236847,1715943287.7713885,0.001464181499920848,0.010265059000927224,0.002607753760992284,1715943287.72141,0.006196762451454951,-0.008614009084924268,-2.3790047271704857
1715943281.9208336,0.0,0.0,0.0,1715943282.130924,0.0,0.0,0.0,1715943282.1109264,0.01499424453143039,-0.012473128182581172,0.985638096073834,1715943287.7616289,0.006809727932904107,0.004256064163782769,0.0014236547654674957,1715943287.7814248,0.015818334731851465,0.016962103241857207,0.019678426323636186,1715943287.7315307,0.00861009935121726,-0.00895822394658019,-2.379207610950952
1715943281.9907799,0.0,0.0,0.0,1715943282.1408782,0.0,0.0,0.0,1715943282.1208262,0.013048403614328852,-0.013197488703810434,0.9859475495756429,1715943287.7713885,0.001464181499920848,0.010265059000927224,0.002607753760992284,1715943287.8014176,0.005399012585171784,0.019049835757845912,0.018758522783971793,1715943287.7414417,0.0068597961997241,-0.009358121858164647,-2.3794277181377623
1715943282.0608335,0.0,0.0,0.0,1715943282.1508796,0.0,0.0,0.0,1715943282.130924,0.011114995358351865,-0.013714906524076254,0.9861798981310275,1715943287.7814248,0.015818334731851465,0.016962103241857207,0.019678426323636186,1715943287.8115494,0.017324679430982336,0.011226351511395949,0.008212612750797925,1715943287.7514215,0.00531066088552179,-0.010233246414045771,-2.3794594599058323
1715943282.0708063,0.0,0.0,0.0,1715943282.1608996,0.0,0.0,0.0,1715943282.1408782,0.009437587852279383,-0.012309269594893202,0.9864329880106388,1715943287.8014176,0.005399012585171784,0.019049835757845912,0.018758522783971793,1715943287.8214304,0.0004916262635810279,0.012081936234483726,0.015295117156060578,1715943287.7616289,0.003953736790087481,-0.011826552058050943,-2.3795963143722743
1715943282.0808136,0.0,0.0,0.0,1715943282.1708417,0.0,0.0,0.0,1715943282.1508796,0.008410100761244432,-0.010423463905339103,0.9865988732495758,1715943287.8115494,0.017324679430982336,0.011226351511395949,0.008212612750797925,1715943287.8314605,0.01873805882211884,0.012373754951326754,0.004532693111862199,1715943287.7713885,0.0035983827197416662,-0.013986390077733724,-2.3797850507671
1715943282.0908363,0.0,0.0,0.0,1715943282.18118,0.0,0.0,0.0,1715943282.1608996,0.008239007160609546,-0.008423853256622094,0.9867932544304122,1715943287.8214304,0.0004916262635810279,0.012081936234483726,0.015295117156060578,1715943287.8415,0.00347634793581473,0.019092640469870803,0.01484574671166582,1715943287.7814248,0.002227924626271083,-0.015635346629446323,-2.379965033885467
1715943282.1008205,0.0,0.0,0.0,1715943282.1908576,0.0,0.0,0.0,1715943282.1708417,0.008613945051568983,-0.006668040671568676,0.9870534543989629,1715943287.8314605,0.01873805882211884,0.012373754951326754,0.004532693111862199,1715943287.8514068,0.011088569136476385,0.0031370350672235148,0.001918964360735135,1715943287.8014176,0.0060163866566063096,-0.017299728159459127,-2.3802910974029325
1715943282.1109264,0.0,0.0,0.0,1715943282.2008407,0.0,0.0,0.0,1715943282.18118,0.010082564536861405,-0.00853986383230776,0.9874337186112614,1715943287.8415,0.00347634793581473,0.019092640469870803,0.01484574671166582,1715943287.8714106,0.004148741709130623,0.01883588013982762,0.010482041993158154,1715943287.8115494,0.004321567475934707,-0.016241162773366513,-2.3804615456023095
1715943282.1208262,0.0,0.0,0.0,1715943282.2111695,0.0,0.0,0.0,1715943282.1908576,0.009044590428756716,-0.010194763593716072,0.9877836934450697,1715943287.8514068,0.011088569136476385,0.0031370350672235148,0.001918964360735135,1715943287.881429,0.00746144841910847,0.018219647804792904,0.017493539111318995,1715943287.8214304,0.0027462130218480763,-0.015721114108672385,-2.3804970967379377
1715943282.130924,0.0,0.0,0.0,1715943282.2208083,0.0,0.0,0.0,1715943282.2008407,0.009058911870091835,-0.012310420868407501,0.9881017947040549,1715943287.8714106,0.004148741709130623,0.01883588013982762,0.010482041993158154,1715943287.891409,0.012065183522461739,0.01789643841200017,0.005437103301254824,1715943287.8314605,0.004925220412483888,-0.01512817516458842,-2.380611878343312
1715943282.1408782,0.0,0.0,0.0,1715943282.230826,0.0,0.0,0.0,1715943282.2111695,0.010893925073481858,-0.013150399032775928,0.9884104806365895,1715943287.881429,0.00746144841910847,0.018219647804792904,0.017493539111318995,1715943287.9014187,0.0020954152364874227,0.005000741154956634,0.0029643894035967394,1715943287.8415,0.007115530754687738,-0.015276232629239717,-2.380845111592775
1715943282.1508796,0.0,0.0,0.0,1715943282.2408326,0.0,0.0,0.0,1715943282.2208083,0.01153017818950236,-0.011142707690121378,0.9886660106844143,1715943287.891409,0.012065183522461739,0.01789643841200017,0.005437103301254824,1715943287.92143,0.007248342149788897,0.013115359066915522,0.019769158129746507,1715943287.8514068,0.0057207799449061625,-0.014292291563719806,-2.3809462992673627
1715943282.1608996,0.0,0.0,0.0,1715943282.2508845,0.0,0.0,0.0,1715943282.230826,0.009872075728740937,-0.009977365751454137,0.9889099228136184,1715943287.9014187,0.0020954152364874227,0.005000741154956634,0.0029643894035967394,1715943287.9314668,0.012517038155075825,0.0034271219853128088,0.000298476190348387,1715943287.8714106,0.010462943388427792,-0.015001792670024106,-2.3811659054887513
1715943282.1708417,0.0,0.0,0.0,1715943282.2608824,0.0,0.0,0.0,1715943282.2408326,0.009427467592160843,-0.007923580999212643,0.9891505155512516,1715943287.92143,0.007248342149788897,0.013115359066915522,0.019769158129746507,1715943287.9414625,0.008203426545741821,0.009236879724878744,0.011178806018270851,1715943287.881429,0.009335119166491213,-0.013604364277054914,-2.3812366828743032
1715943282.18118,0.0,0.0,0.0,1715943282.2708473,0.0,0.0,0.0,1715943282.2508845,0.008166212538660844,-0.006643535985676019,0.9894610144968434,1715943287.9314668,0.012517038155075825,0.0034271219853128088,0.000298476190348387,1715943287.9514499,0.00998262193062594,0.009139668298911774,0.012611459169833797,1715943287.891409,0.007774796826377051,-0.013483971272904238,-2.3813141657755468
1715943282.1908576,0.0,0.0,0.0,1715943282.2808719,0.0,0.0,0.0,1715943282.2608824,0.006713185757579454,-0.005802369292897014,0.9897157397357601,1715943287.9414625,0.008203426545741821,0.009236879724878744,0.011178806018270851,1715943287.9614677,0.006397789475577142,1.7490519728102782e-06,0.0017196813489606467,1715943287.9014187,0.0073496100465053615,-0.011943292070093259,-2.3813708124298087
1715943282.2008407,0.0,0.0,0.0,1715943282.3408399,0.0,0.0,0.0,1715943282.2708473,0.00499783258856501,-0.004899889447845807,0.9899703157514627,1715943287.9514499,0.00998262193062594,0.009139668298911774,0.012611459169833797,1715943287.9714503,0.01566660443770271,0.0105001210745308,0.010139461117861707,1715943287.92143,0.005681213588159428,-0.010242342416085792,-2.3818312628937077
1715943282.2111695,0.0,0.0,0.0,1715943282.3508835,0.0,0.0,0.0,1715943282.2808719,0.006983160165106639,-0.005095801224452412,0.9901368642257671,1715943287.9614677,0.006397789475577142,1.7490519728102782e-06,0.0017196813489606467,1715943287.981505,0.01610384474719738,0.009815257398303912,0.01211391541006182,1715943287.9314668,0.0037345575712415258,-0.01020716548413203,-2.381887256118148
1715943282.2208083,0.0,0.0,0.0,1715943282.3608768,0.0,0.0,0.0,1715943282.3408399,0.007884935000044557,-0.00964505758880252,0.9916917284167104,1715943287.9714503,0.01566660443770271,0.0105001210745308,0.010139461117861707,1715943287.9914534,0.015444984660275458,0.017239982041960422,0.0081743239015198,1715943287.9414625,0.0014318643561930244,-0.00967204870582572,-2.381849250120305
1715943282.230826,0.0,0.0,0.0,1715943282.3709269,0.0,0.0,0.0,1715943282.3508835,0.01001947515235152,-0.00993321172487538,0.9919083789908438,1715943287.981505,0.01610384474719738,0.009815257398303912,0.01211391541006182,1715943288.0015445,0.014400718955783412,0.008165846431693602,0.0035015316698038066,1715943287.9514499,-0.0004969347879366648,-0.00915144720503025,-2.381796065848275
1715943282.2408326,0.0,0.0,0.0,1715943282.380904,0.0,0.0,0.0,1715943282.3608768,0.00832395034855754,-0.009827610698599498,0.992079870098886,1715943287.9914534,0.015444984660275458,0.017239982041960422,0.0081743239015198,1715943288.011993,0.002649554577943916,0.005813620255624263,0.01813194505733763,1715943287.9614677,0.0013823524294711564,-0.008455634399643142,-2.381650616659237
1715943282.2508845,0.0,0.0,0.0,1715943282.390865,0.0,0.0,0.0,1715943282.3709269,0.005937733232618481,-0.01010560693035889,0.9923021045980132,1715943288.0015445,0.014400718955783412,0.008165846431693602,0.0035015316698038066,1715943288.0215428,0.019051492469964786,0.00040495362337256147,0.012169572626432269,1715943287.9714503,-0.0014269052630067058,-0.00906864733214463,-2.3816347198728685
1715943282.2608824,0.0,0.0,0.0,1715943282.400897,0.0,0.0,0.0,1715943282.380904,0.008019712037218685,-0.010251096915658175,0.9925062716956219,1715943288.011993,0.002649554577943916,0.005813620255624263,0.01813194505733763,1715943288.0320058,0.01827169728120118,0.01015068792752416,0.019590311225589536,1715943287.981505,-0.003757058433549565,-0.009590161750304027,-2.3816969975309643
1715943282.2708473,0.0,0.0,0.0,1715943282.4308567,0.0,0.0,0.0,1715943282.390865,0.009124422350974104,-0.012040744174835138,0.9928030517703341,1715943288.0215428,0.019051492469964786,0.00040495362337256147,0.012169572626432269,1715943288.041531,3.646525747988329e-06,0.005292785185905258,0.0006228054586285797,1715943287.9914534,-0.0029530367305445893,-0.01188429671739355,-2.381895651865005
1715943282.2808719,0.0,0.0,0.0,1715943282.440842,0.0,0.0,0.0,1715943282.400897,0.0073095731090419,-0.011796247366813839,0.9931017261590803,1715943288.0320058,0.01827169728120118,0.01015068792752416,0.019590311225589536,1715943288.051463,0.007334268265498671,0.012502377844306078,0.005004964365272747,1715943288.0015445,-0.0013979749693813215,-0.012573428807798104,-2.3820083456562804
1715943282.3408399,0.0,0.0,0.0,1715943282.4508474,0.0,0.0,0.0,1715943282.4308567,0.010103121267981907,-0.010489137926245506,0.9940540608673301,1715943288.041531,3.646525747988329e-06,0.005292785185905258,0.0006228054586285797,1715943288.0614183,0.01242693837354785,0.016242578548142372,0.0006358065375637453,1715943288.011993,-1.3496934158752083e-05,-0.013698716311148385,-2.3821948311207417
1715943282.3508835,0.0,0.0,0.0,1715943282.46087,0.0,0.0,0.0,1715943282.440842,0.009494035889057784,-0.008584410766512729,0.9943748464961626,1715943288.051463,0.007334268265498671,0.012502377844306078,0.005004964365272747,1715943288.071457,0.009619078969978972,0.004886609235472461,0.009015046620350825,1715943288.0215428,0.002211627751001588,-0.013713713322254018,-2.3824342172394326
1715943282.3608768,0.0,0.0,0.0,1715943282.4708524,0.0,0.0,0.0,1715943282.4508474,0.011287499037406168,-0.008329705095558193,0.9947032758704557,1715943288.0614183,0.01242693837354785,0.016242578548142372,0.0006358065375637453,1715943288.0814533,0.003310576030841451,0.008020900354650085,0.010501209191261029,1715943288.0320058,0.0043987790782682445,-0.012940057835694407,-2.3827625586396963
1715943282.3709269,0.0,0.0,0.0,1715943282.4808533,0.0,0.0,0.0,1715943282.46087,0.01278967420860977,-0.007099612642110342,0.995034533629527,1715943288.071457,0.009619078969978972,0.004886609235472461,0.009015046620350825,1715943288.1014557,0.012518105833581511,0.01947654447681857,0.015583360585913447,1715943288.041531,0.0033847587542970015,-0.011368437737609538,-2.3829422281631816
1715943282.380904,0.0,0.0,0.0,1715943282.4908607,0.0,0.0,0.0,1715943282.4708524,0.011108596195002651,-0.0071613502688594455,0.9953222972451399,1715943288.0814533,0.003310576030841451,0.008020900354650085,0.010501209191261029,1715943288.1114616,0.002467087799492007,0.015232199775661703,0.002991121544878901,1715943288.051463,0.0023656097388853325,-0.010341049654654322,-2.382925230820861
1715943282.390865,0.0,0.0,0.0,1715943282.5008566,0.0,0.0,0.0,1715943282.4808533,0.008844503133194848,-0.007496541827515912,0.9955495567687415,1715943288.1014557,0.012518105833581511,0.01947654447681857,0.015583360585913447,1715943288.1214855,0.000979689450559537,0.0018879298264615763,0.002832785556366601,1715943288.0614183,0.004881297840590548,-0.010670366590630698,-2.383062471734711
1715943282.400897,0.0,0.0,0.0,1715943282.5109422,0.0,0.0,0.0,1715943282.4908607,0.010337452271891145,-0.008259058472664726,0.9956842242894797,1715943288.1114616,0.002467087799492007,0.015232199775661703,0.002991121544878901,1715943288.131462,0.0018957339476878797,0.019512884366623018,0.00426145254010215,1715943288.071457,0.006515314620859858,-0.012012175462593477,-2.3831725399188635
1715943282.4308567,0.0,0.0,0.0,1715943282.5208938,0.0,0.0,0.0,1715943282.5008566,0.01262808453369857,-0.00830765379112508,0.9957993113506685,1715943288.1214855,0.000979689450559537,0.0018879298264615763,0.002832785556366601,1715943288.1415317,0.005210350509813504,0.004365486295643928,0.017553061891247293,1715943288.0814533,0.00514586628712288,-0.013068569522022733,-2.3832706117878892
1715943282.440842,0.0,0.0,0.0,1715943282.530918,0.0,0.0,0.0,1715943282.5109422,0.010570698151864566,-0.008510165734228359,0.9959219063754405,1715943288.131462,0.0018957339476878797,0.019512884366623018,0.00426145254010215,1715943288.1515143,0.014649614598098333,0.008352056719320933,0.012249167470757355,1715943288.1014557,0.0020611133218448874,-0.015082040333410651,-2.3837074236937683
1715943282.4508474,0.0,0.0,0.0,1715943282.5408876,0.0,0.0,0.0,1715943282.5208938,0.008247082860312838,-0.009162084202026355,0.9961510943513007,1715943288.1415317,0.005210350509813504,0.004365486295643928,0.017553061891247293,1715943288.1614926,0.014451529262370227,0.01303227231639248,0.004524114839472203,1715943288.1114616,0.0003512764238469135,-0.015512994293741533,-2.3838545613030977
1715943282.46087,0.0,0.0,0.0,1715943282.5509167,0.0,0.0,0.0,1715943282.530918,0.006425532443263493,-0.008639376888038619,0.9964378332110077,1715943288.1515143,0.014649614598098333,0.008352056719320933,0.012249167470757355,1715943288.1714842,0.0149463897908366,0.00044688109314616753,0.015755073651474626,1715943288.1214855,-0.0013825696082809813,-0.015619981615295986,-2.384021106553875
1715943282.4708524,0.0,0.0,0.0,1715943282.5609677,0.0,0.0,0.0,1715943282.5408876,0.0048286251359682675,-0.008005760103462878,0.9967685250655886,1715943288.1614926,0.014451529262370227,0.01303227231639248,0.004524114839472203,1715943288.1815648,0.0018335346808267604,0.014214690585364176,0.00027127554522579135,1715943288.131462,0.0005042158835040222,-0.014934298648563216,-2.3841379613341998
1715943282.4808533,0.0,0.0,0.0,1715943282.5709043,0.0,0.0,0.0,1715943282.5509167,0.003144320093776354,-0.007103465519440411,0.9971098892684176,1715943288.1714842,0.0149463897908366,0.00044688109314616753,0.015755073651474626,1715943288.1914852,0.019640853227678657,0.0030318682539469677,0.013672240081927387,1715943288.1415317,-0.0016024437759023513,-0.015021922072699478,-2.384240106868356
1715943282.4908607,0.0,0.0,0.0,1715943282.5808609,0.0,0.0,0.0,1715943282.5609677,0.004702011820427787,-0.006211514392694184,0.9973668550394355,1715943288.1815648,0.0018335346808267604,0.014214690585364176,0.00027127554522579135,1715943288.3314655,0.007487260344395419,0.016110180538159602,0.0001502907374258053,1715943288.1515143,-0.0011457768476688113,-0.013106041571912197,-2.3843005104704025
1715943282.5008566,0.0,0.0,0.0,1715943282.590857,0.0,0.0,0.0,1715943282.5709043,0.006559384295169612,-0.005717953141580967,0.9975376057479874,1715943288.1914852,0.019640853227678657,0.0030318682539469677,0.013672240081927387,1715943288.341472,0.008333592317642281,0.0006705893172855859,0.002231002104722053,1715943288.1614926,0.0006709129442434847,-0.012039913844650307,-2.3844357239674254
1715943282.5109422,0.0,0.0,0.0,1715943282.6008947,0.0,0.0,0.0,1715943282.5808609,0.004760801933348879,-0.005709162731151407,0.997697649788313,1715943288.3314655,0.007487260344395419,0.016110180538159602,0.0001502907374258053,1715943288.3514721,0.014816668716083952,0.015649080283829164,0.016530956773322333,1715943288.1714842,0.0006505579641529202,-0.010269182802669974,-2.384433025010491
1715943282.5208938,0.0,0.0,0.0,1715943282.6109061,0.0,0.0,0.0,1715943282.590857,0.002642939743621231,-0.005665280956268948,0.9978420884851831,1715943288.341472,0.008333592317642281,0.0006705893172855859,0.002231002104722053,1715943288.3615155,0.01918126469324801,0.009408022945715189,0.005383131859519483,1715943288.1815648,-0.0006358494348983612,-0.00923392064363715,-2.3845691761471786
1715943282.530918,0.0,0.0,0.0,1715943282.6208897,0.0,0.0,0.0,1715943282.6008947,0.004346737884718066,-0.007040975529344573,0.9980205492788236,1715943288.3514721,0.014816668716083952,0.015649080283829164,0.016530956773322333,1715943288.3714721,0.004572733346717832,0.004739016556556841,0.0015645439023281697,1715943288.1914852,-0.0003992377068824382,-0.007638107486641621,-2.3846576389249132
1715943282.5408876,0.0,0.0,0.0,1715943282.630887,0.0,0.0,0.0,1715943282.6109061,0.004183825909044314,-0.009233994827162695,0.9983257935635188,1715943288.3615155,0.01918126469324801,0.009408022945715189,0.005383131859519483,1715943288.3815794,0.015182450393843873,0.005551185526803781,0.006745141291008743,1715943288.3314655,-0.0033293387713972944,-0.009472615575544241,-2.3866018629621593
1715943282.5509167,0.0,0.0,0.0,1715943282.6409044,0.0,0.0,0.0,1715943282.6208897,0.002601379099227974,-0.010402388652946959,0.9985573301848724,1715943288.3714721,0.004572733346717832,0.004739016556556841,0.0015645439023281697,1715943288.39157,0.002547368781067298,0.013899574428412942,0.007099284229941,1715943288.341472,-0.001415027143294223,-0.010948967477532268,-2.38674539118651
1715943282.5609677,0.0,0.0,0.0,1715943282.7408764,0.0,0.0,0.0,1715943282.630887,0.004136034140870826,-0.011647865080664843,0.9987863430935334,1715943288.3815794,0.015182450393843873,0.005551185526803781,0.006745141291008743,1715943288.4014845,0.012408691212206523,0.016422477307324046,0.016872606478452953,1715943288.3514721,0.000542076616904863,-0.010896102301862332,-2.3870024789389204
1715943282.5709043,0.0,0.0,0.0,1715943282.7509315,0.0,0.0,0.0,1715943282.6409044,0.005636139233595627,-0.01317960577698174,0.9990208982244079,1715943288.39157,0.002547368781067298,0.013899574428412942,0.007099284229941,1715943288.4214725,0.006254514127441115,0.0017805171876108528,0.015273311730330221,1715943288.3615155,-0.0009796037327016727,-0.009788863737521414,-2.3871332877164075
1715943282.5808609,0.0,0.0,0.0,1715943282.7609603,0.0,0.0,0.0,1715943282.7408764,0.0068712099627193934,-0.012899629152996583,1.0020453819896669,1715943288.4014845,0.012408691212206523,0.016422477307324046,0.016872606478452953,1715943288.4514918,0.0009728671034246322,0.011595266788913872,0.008814832096234305,1715943288.3714721,0.0011841156598910718,-0.008954908792005778,-2.387165850079816
1715943282.590857,0.0,0.0,0.0,1715943282.7709305,0.0,0.0,0.0,1715943282.7509315,0.005678359525485954,-0.011320969112616153,1.0023415323361147,1715943288.4214725,0.006254514127441115,0.0017805171876108528,0.015273311730330221,1715943288.4715276,0.01504644110860165,0.013452138973254035,0.0052826319010634655,1715943288.3815794,0.0032223795685915047,-0.008689875180796891,-2.387334968324936
1715943282.6008947,0.0,0.0,0.0,1715943282.7809103,0.0,0.0,0.0,1715943282.7609603,0.006660855662965148,-0.009366332240367647,1.0027093554540536,1715943288.4514918,0.0009728671034246322,0.011595266788913872,0.008814832096234305,1715943288.4814985,0.017099440651852107,0.0007195751351598556,0.0050344702995152755,1715943288.39157,0.002336074981635461,-0.007141743660114885,-2.3873830066177817
1715943282.6109061,0.0,0.0,0.0,1715943282.7909372,0.0,0.0,0.0,1715943282.7709305,0.0074555957613491874,-0.007062484438664196,1.0030476024725004,1715943288.4715276,0.01504644110860165,0.013452138973254035,0.0052826319010634655,1715943288.4914615,0.0029319893423444907,0.002547467371982748,0.0107919251777254,1715943288.4014845,0.0008716398407058179,-0.0070470057520923834,-2.387448611510915
1715943282.6208897,0.0,0.0,0.0,1715943282.8011541,0.0,0.0,0.0,1715943282.7809103,0.005618220399820961,-0.006223249569248024,1.0034989080972603,1715943288.4814985,0.017099440651852107,0.0007195751351598556,0.0050344702995152755,1715943288.5615928,0.0004749850058308625,0.005025494160879607,0.010760646479498035,1715943288.4214725,-0.0007484846695453573,-0.011603766212740618,-2.3877896664039406
1715943282.630887,0.0,0.0,0.0,1715943282.811072,0.0,0.0,0.0,1715943282.7909372,0.006977748245737103,-0.004143445418567149,1.0036530969718296,1715943288.4914615,0.0029319893423444907,0.002547467371982748,0.0107919251777254,1715943288.5715024,0.01933276371820602,0.019874213783464434,0.005849757098337285,1715943288.4514918,0.005557114150051445,-0.013642754461779205,-2.3882927969452945
1715943282.6409044,0.0,0.0,0.0,1715943282.8209076,0.0,0.0,0.0,1715943282.8011541,0.0055050021185962805,-0.0023268380446166415,1.0037764805019616,1715943288.5615928,0.0004749850058308625,0.005025494160879607,0.010760646479498035,1715943288.5815928,0.012595963123034152,7.101232242900934e-05,0.016115614397658337,1715943288.4715276,0.002145259809458233,-0.015749902312609088,-2.3885638445126647
1715943282.7408764,0.0,0.0,0.0,1715943282.830899,0.0,0.0,0.0,1715943282.811072,0.0060132100985919035,-9.360635531741046e-05,1.0039717487651794,1715943288.5715024,0.01933276371820602,0.019874213783464434,0.005849757098337285,1715943288.5914643,0.004106698297566354,0.004305460456365706,0.010867881097849896,1715943288.4814985,0.0003217023341259839,-0.01554993874004773,-2.388626392596571
1715943282.7509315,0.0,0.0,0.0,1715943282.8409243,0.0,0.0,0.0,1715943282.8209076,0.0061336795768488495,0.0019244039541188585,1.004183074579541,1715943288.5815928,0.012595963123034152,7.101232242900934e-05,0.016115614397658337,1715943288.6015952,0.014352859911542991,0.00939176788518048,0.01880277434259872,1715943288.4914615,0.0004588889471017765,-0.017836869980883074,-2.3888298750591974
1715943282.7609603,0.0,0.0,0.0,1715943282.9509606,0.0,0.0,0.0,1715943282.830899,0.005528085380290704,0.0035816502334076183,1.0044570420158783,1715943288.5914643,0.004106698297566354,0.004305460456365706,0.010867881097849896,1715943288.6116748,0.01628478777171407,0.018263664722084627,0.017271729349058212,1715943288.5615928,0.004818347182066418,-0.0205189925562983,-2.389832651586638
1715943282.7709305,0.0,0.0,0.0,1715943282.961083,0.0,0.0,0.0,1715943282.8409243,0.006269510857501381,0.00531378133449345,1.0047324881024688,1715943288.6015952,0.014352859911542991,0.00939176788518048,0.01880277434259872,1715943288.6215932,0.00490179576472617,0.017496874212486135,0.0029265620506618278,1715943288.5715024,0.0033383359239724797,-0.02078107019667974,-2.3900865353561476
1715943282.7809103,0.0,0.0,0.0,1715943282.9709811,0.0,0.0,0.0,1715943282.9509606,0.009031301589546015,-0.004800222318262604,1.0076985676427213,1715943288.6116748,0.01628478777171407,0.018263664722084627,0.017271729349058212,1715943288.6315472,0.011963426655751359,0.01463657604307067,0.00105465183210639,1715943288.5815928,0.005371286297057853,-0.01975379800313326,-2.390241824749315
1715943282.7909372,0.0,0.0,0.0,1715943282.9809608,0.0,0.0,0.0,1715943282.961083,0.00894478151834821,-0.007280017057321508,1.0079741631345485,1715943288.6215932,0.00490179576472617,0.017496874212486135,0.0029265620506618278,1715943288.6415427,0.014917497706468929,0.002984674263593945,0.006366601087901236,1715943288.5914643,0.007538270240811995,-0.019119571233713772,-2.390448224182463
1715943282.8011541,0.0,0.0,0.0,1715943282.9908931,0.0,0.0,0.0,1715943282.9709811,0.00904735223540043,-0.009491710884127036,1.0081728301493362,1715943288.6315472,0.011963426655751359,0.01463657604307067,0.00105465183210639,1715943288.6515257,0.01126982216690112,0.016556426378849798,0.0006325209201640536,1715943288.6015952,0.009859671030801653,-0.019052794209001078,-2.390584266745189
1715943282.811072,0.0,0.0,0.0,1715943283.0009317,0.0,0.0,0.0,1715943282.9809608,0.009253743684907834,-0.01159531367862221,1.008495013283169,1715943288.6415427,0.014917497706468929,0.002984674263593945,0.006366601087901236,1715943288.6620595,0.005950809379624743,0.01892333566619131,0.008473546645349323,1715943288.6116748,0.009028425877152912,-0.01755477789052029,-2.3906954263247053
1715943282.8209076,0.0,0.0,0.0,1715943283.011112,0.0,0.0,0.0,1715943282.9908931,0.009477655083198921,-0.013477573233367401,1.0089166108974652,1715943288.6515257,0.01126982216690112,0.016556426378849798,0.0006325209201640536,1715943288.6715157,0.009921997001266739,0.017165812410137482,0.005189561444151917,1715943288.6215932,0.0075948394358793525,-0.01697822750919764,-2.390781922568082
1715943282.830899,0.0,0.0,0.0,1715943283.020968,0.0,0.0,0.0,1715943283.0009317,0.009813913941235486,-0.01522247342837968,1.0092201490448989,1715943288.6620595,0.005950809379624743,0.01892333566619131,0.008473546645349323,1715943288.68156,0.016131085591171754,0.002073297933850027,0.0012959060992120582,1715943288.6315472,0.006228012391407578,-0.016003788362731086,-2.3908820662273564
1715943282.8409243,0.0,0.0,0.0,1715943283.0309749,0.0,0.0,0.0,1715943283.011112,0.009380007181549743,-0.016704632475654346,1.0095726838598915,1715943288.6715157,0.009921997001266739,0.017165812410137482,0.005189561444151917,1715943288.701519,0.01489834337509962,0.013663101268299505,0.015645787374241316,1715943288.6415427,0.006074309245562404,-0.01424373960706804,-2.3910095316524753
1715943282.9509606,0.0,0.0,0.0,1715943283.0408933,0.0,0.0,0.0,1715943283.020968,0.00945217651391217,-0.01823013910317428,1.0098205054559568,1715943288.68156,0.016131085591171754,0.002073297933850027,0.0012959060992120582,1715943288.8216047,0.002751415486770696,0.012905625979407365,0.015759250819848407,1715943288.6515257,0.006747045849664346,-0.012488671529330642,-2.3912561874593834
1715943282.961083,0.0,0.0,0.0,1715943283.050909,0.0,0.0,0.0,1715943283.0309749,0.011468320155869904,-0.01808028712291776,1.0100040217227981,1715943288.701519,0.01489834337509962,0.013663101268299505,0.015645787374241316,1715943288.8815918,0.019000566968455628,0.004290152805953129,0.002572794817168527,1715943288.6620595,0.006940210669708069,-0.01043661004639751,-2.3914235542338944
1715943282.9709811,0.0,0.0,0.0,1715943283.0609303,0.0,0.0,0.0,1715943283.0408933,0.01291524416226969,-0.015848112022270655,1.0102216978513523,1715943288.8216047,0.002751415486770696,0.012905625979407365,0.015759250819848407,1715943288.8915179,0.011108443419418215,0.013950289488928735,0.01560616113349467,1715943288.6715157,0.007891953309374866,-0.008891273123625032,-2.3915914494813815
1715943282.9809608,0.0,0.0,0.0,1715943283.0709028,0.0,0.0,0.0,1715943283.050909,0.011564633189567852,-0.014410047417711125,1.0104972733666215,1715943288.8815918,0.019000566968455628,0.004290152805953129,0.002572794817168527,1715943288.9015493,0.004755654173329735,0.017203718094529252,0.019786227611400163,1715943288.68156,0.008492514244152316,-0.007143152150320242,-2.3917649572952957
1715943282.9908931,0.0,0.0,0.0,1715943283.0809395,0.0,0.0,0.0,1715943283.0609303,0.011529822203071471,-0.012323720068141641,1.0107672698904873,1715943288.8915179,0.011108443419418215,0.013950289488928735,0.01560616113349467,1715943288.9115732,0.006237885681149877,0.006219984837150028,0.018004117975913354,1715943288.701519,0.006676142731460555,-0.005187350402519275,-2.3920573772379563
1715943283.0009317,0.0,0.0,0.0,1715943283.3209777,0.0,0.0,0.0,1715943283.0709028,0.012884393050709653,-0.010950958687643952,1.0109896041394724,1715943288.9015493,0.004755654173329735,0.017203718094529252,0.019786227611400163,1715943288.921549,0.016666902889799756,0.01965464650348392,0.004461880948586291,1715943288.8216047,0.009924501393990814,-0.010926540513746419,-2.3939697189212694
1715943283.011112,0.0,0.0,0.0,1715943283.331039,0.0,0.0,0.0,1715943283.0809395,0.013634216155452572,-0.009216781892908532,1.0112249770987725,1715943288.9115732,0.006237885681149877,0.006219984837150028,0.018004117975913354,1715943288.9316213,0.010050780530189485,0.010983778324931137,0.005449637797559236,1715943288.8815918,0.008679543850022231,-0.019131867049416273,-2.3945421048448376
1715943283.020968,0.0,0.0,0.0,1715943283.3409743,0.0,0.0,0.0,1715943283.3209777,0.010079952065621733,-0.015058740528272052,1.0167876331967847,1715943288.921549,0.016666902889799756,0.01965464650348392,0.004461880948586291,1715943288.941939,0.0011455636054261641,0.016628691001971285,0.00594655477357019,1715943288.8915179,0.006734139458982824,-0.019218682894305283,-2.3945776768134586
1715943283.0309749,0.0,0.0,0.0,1715943283.350994,0.0,0.0,0.0,1715943283.331039,0.008769837443130424,-0.015723515767402274,1.017086881093062,1715943288.9316213,0.010050780530189485,0.010983778324931137,0.005449637797559236,1715943288.951678,0.009456431159015743,0.016857687877850136,0.010966849817776025,1715943288.9015493,0.004834112384143774,-0.019160734886229713,-2.3946390529372854
1715943283.0408933,0.0,0.0,0.0,1715943283.3610172,0.0,0.0,0.0,1715943283.3409743,0.007045134156639765,-0.016398064639788323,1.017460030022317,1715943288.941939,0.0011455636054261641,0.016628691001971285,0.00594655477357019,1715943288.9617856,0.014602865076504865,0.01974871102382081,0.004245537463527303,1715943288.9115732,0.003278227365344444,-0.018159191586680334,-2.394598986432074
1715943283.050909,0.0,0.0,0.0,1715943283.3709877,0.0,0.0,0.0,1715943283.350994,0.008850481686029754,-0.016225849247080593,1.017765599163053,1715943288.951678,0.009456431159015743,0.016857687877850136,0.010966849817776025,1715943288.9715574,0.018801559857073203,0.007478145230495947,0.002709219820951264,1715943288.921549,0.0013489406531745907,-0.017156720467427444,-2.3946368665289772
1715943283.0609303,0.0,0.0,0.0,1715943283.3809876,0.0,0.0,0.0,1715943283.3610172,0.011245428900172771,-0.015427203632974784,1.018049142546054,1715943288.9617856,0.014602865076504865,0.01974871102382081,0.004245537463527303,1715943288.9816606,0.004748590941090834,0.0173074468793184,0.009502978484277618,1715943288.9316213,-0.0005936910721719979,-0.016077985646320903,-2.3947280108892164
1715943283.0709028,0.0,0.0,0.0,1715943283.3910303,0.0,0.0,0.0,1715943283.3709877,0.009867848229880627,-0.014203496540214244,1.0182840050670214,1715943288.9715574,0.018801559857073203,0.007478145230495947,0.002709219820951264,1715943288.991595,0.006601775539120958,0.0011945023510104846,0.011706439285669671,1715943288.941939,-0.002312065017617826,-0.015010562693252849,-2.3947639712048407
1715943283.0809395,0.0,0.0,0.0,1715943283.4009516,0.0,0.0,0.0,1715943283.3809876,0.007669326678087618,-0.012871386752715486,1.0185275005384569,1715943288.9816606,0.004748590941090834,0.0173074468793184,0.009502978484277618,1715943289.0015895,0.017471931330425534,0.014787899809173943,0.013415039659502831,1715943288.951678,-0.0009959766225466904,-0.013706656813194051,-2.3948839887251685
1715943283.3209777,0.0,0.0,0.0,1715943283.4111109,0.0,0.0,0.0,1715943283.3910303,0.009753742969394685,-0.011871842905270213,1.0187176816214496,1715943288.991595,0.006601775539120958,0.0011945023510104846,0.011706439285669671,1715943289.011845,0.010396463618032554,0.004656153606571012,0.006079672478023644,1715943288.9617856,-0.00011516523839838477,-0.01247315176968744,-2.3948942761612413
1715943283.331039,0.0,0.0,0.0,1715943283.5710065,0.0,0.0,0.0,1715943283.4009516,0.008614191382941838,-0.011008470896048062,1.018853142444505,1715943289.0015895,0.017471931330425534,0.014787899809173943,0.013415039659502831,1715943289.021648,0.00834922774866477,0.005247492144995425,0.018487514892261518,1715943288.9715574,-0.0005387513668100308,-0.01112044477356311,-2.3950646168716254
1715943283.3409743,0.0,0.0,0.0,1715943283.5809877,0.0,0.0,0.0,1715943283.4111109,0.0064527335534506625,-0.010567748928660414,1.0191076718452807,1715943289.011845,0.010396463618032554,0.004656153606571012,0.006079672478023644,1715943289.0315795,0.018895833750881847,0.019635177713982266,0.014430618241865615,1715943288.9816606,-0.0003614092291839288,-0.009828019460712545,-2.3951115239246787
1715943283.350994,0.0,0.0,0.0,1715943283.5910192,0.0,0.0,0.0,1715943283.5710065,0.01113406079187651,-0.000979967916355351,1.0233548135798518,1715943289.021648,0.00834922774866477,0.005247492144995425,0.018487514892261518,1715943289.0416715,0.011620667959207479,0.009602174072205427,0.0023969460142642127,1715943288.991595,0.001191345145841849,-0.009172187050344727,-2.395227620434788
1715943283.3610172,0.0,0.0,0.0,1715943283.6009958,0.0,0.0,0.0,1715943283.5809877,0.009175586950305736,-0.001819558336206617,1.0237209045763604,1715943289.0315795,0.018895833750881847,0.019635177713982266,0.014430618241865615,1715943289.0515802,0.004520413148037342,0.006644770221508445,0.014489873039652388,1715943289.0015895,-0.0009921327676725156,-0.009582095953932779,-2.3954433351690625
1715943283.3709877,0.0,0.0,0.0,1715943283.611039,0.0,0.0,0.0,1715943283.5910192,0.009331480378752643,-0.0036817665598387617,1.0240622705796714,1715943289.0416715,0.011620667959207479,0.009602174072205427,0.0023969460142642127,1715943289.0617847,0.0035864523995672933,0.013904737018264113,0.005121885454255466,1715943289.011845,-0.002767486238658634,-0.011438345281256979,-2.395726999521333
1715943283.3809876,0.0,0.0,0.0,1715943283.6210015,0.0,0.0,0.0,1715943283.6009958,0.011338320708516592,-0.0033814257761508593,1.0243094346491288,1715943289.0515802,0.004520413148037342,0.006644770221508445,0.014489873039652388,1715943289.071617,0.019873377074502433,0.011924650143034565,0.007517562309486739,1715943289.021648,-0.001503956996780742,-0.013622331397242116,-2.3959770936148512
1715943283.3910303,0.0,0.0,0.0,1715943283.6309822,0.0,0.0,0.0,1715943283.611039,0.009726245532459599,-0.002990748707056401,1.0245183149838977,1715943289.0617847,0.0035864523995672933,0.013904737018264113,0.005121885454255466,1715943289.0815806,0.0010433141675739467,0.002104929947940537,0.004069832934409605,1715943289.0315795,0.0001777609343118769,-0.014942189467249678,-2.396441613976511
1715943283.4009516,0.0,0.0,0.0,1715943283.640954,0.0,0.0,0.0,1715943283.6210015,0.00767887168050263,-0.0026398329615027194,1.0247777339474808,1715943289.071617,0.019873377074502433,0.011924650143034565,0.007517562309486739,1715943289.0915442,0.004586461269719361,0.01758783743217074,0.0023059337542723785,1715943289.0416715,0.0002102925719889015,-0.017086129795693683,-2.3967757999554467
1715943283.4111109,0.0,0.0,0.0,1715943283.6509814,0.0,0.0,0.0,1715943283.6309822,0.00942919846088841,-0.0017111298078742454,1.025008937102334,1715943289.0815806,0.0010433141675739467,0.002104929947940537,0.004069832934409605,1715943289.431638,0.003236563874126806,0.010315025191509397,0.013450616111664943,1715943289.0515802,-0.00027086138038723284,-0.018731102153956236,-2.39701043643882
1715943283.5710065,0.0,0.0,0.0,1715943283.6610384,0.0,0.0,0.0,1715943283.640954,0.01158713440416348,-0.001720363568572969,1.0251390316221691,1715943289.0915442,0.004586461269719361,0.01758783743217074,0.0023059337542723785,1715943289.441673,0.0060509259399673335,0.0030858630650094643,0.007980155730718235,1715943289.0617847,0.0017960259323510641,-0.019389036885112176,-2.3971223584913437
1715943283.5809877,0.0,0.0,0.0,1715943283.6709716,0.0,0.0,0.0,1715943283.6509814,0.01177311350756216,-0.0038292217026305586,1.0252699299072612,1715943289.431638,0.003236563874126806,0.010315025191509397,0.013450616111664943,1715943289.4516258,0.009683195400925035,0.017434571298722945,0.01286614714925545,1715943289.071617,0.003139854562760336,-0.020002169327665742,-2.397104755097647
1715943283.5910192,0.0,0.0,0.0,1715943283.771066,0.0,0.0,0.0,1715943283.6610384,0.010146514082820302,-0.004615976431645574,1.0252672947770909,1715943289.441673,0.0060509259399673335,0.0030858630650094643,0.007980155730718235,1715943289.4617076,0.01516405892945101,0.009525029016594022,0.018650644459749878,1715943289.0815806,0.0011294727346178313,-0.01901173360478836,-2.396943529280809
1715943283.6009958,0.0,0.0,0.0,1715943284.0110521,0.0,0.0,0.0,1715943283.6709716,0.008220469638364869,-0.005041719697120417,1.0253126662078271,1715943289.4516258,0.009683195400925035,0.017434571298722945,0.01286614714925545,1715943289.4716523,0.0128431782267069,0.010776546037173595,0.004429987837221054,1715943289.0915442,0.0017541710169937108,-0.016715756055811104,-2.3968019893362156
1715943283.611039,0.0,0.0,0.0,1715943284.0210283,0.0,0.0,0.0,1715943283.771066,0.011101082902945536,-0.005807181235074621,1.022951998770926,1715943289.4617076,0.01516405892945101,0.009525029016594022,0.018650644459749878,1715943289.481618,0.0023499048888996473,0.010403341096589358,0.00042603721563546043,1715943289.431638,-0.009637424120593208,-0.008898589407258628,-2.401560341033261
1715943283.6210015,0.0,0.0,0.0,1715943284.03102,0.0,0.0,0.0,1715943284.0110521,0.01312697203602442,0.0023259882595842996,1.0180566621292666,1715943289.4716523,0.0128431782267069,0.010776546037173595,0.004429987837221054,1715943289.5016117,0.01653382997206378,0.016903138772591753,0.01903063260707683,1715943289.441673,-0.007280177981946467,-0.009164087708457336,-2.401736347944408
1715943283.6309822,0.0,0.0,0.0,1715943284.0410414,0.0,0.0,0.0,1715943284.0210283,0.01500827616584921,0.002473725694136064,1.0180526881719492,1715943289.481618,0.0023499048888996473,0.010403341096589358,0.00042603721563546043,1715943289.511582,0.017855750802279177,0.01655093522619633,0.005612840152063257,1715943289.4516258,-0.005490865505844766,-0.009630758071454304,-2.401993227660704
1715943283.640954,0.0,0.0,0.0,1715943284.0509999,0.0,0.0,0.0,1715943284.03102,0.01301313636126089,0.002644919046141947,1.0179866142186795,1715943289.5016117,0.01653382997206378,0.016903138772591753,0.01903063260707683,1715943289.5215943,0.010829348687450236,0.003918554585425893,0.006391951122853191,1715943289.4617076,-0.007483421857880979,-0.010021862363796874,-2.402101322133845
1715943283.6509814,0.0,0.0,0.0,1715943284.0610294,0.0,0.0,0.0,1715943284.0410414,0.010879034615653205,0.0021617414134338375,1.0179520088488205,1715943289.511582,0.017855750802279177,0.01655093522619633,0.005612840152063257,1715943289.5316298,0.015096237755911285,0.004708169830142328,0.019702442907881347,1715943289.4716523,-0.00873783909449588,-0.008859026641521384,-2.4022236535494104
1715943283.6610384,0.0,0.0,0.0,1715943284.0710025,0.0,0.0,0.0,1715943284.0509999,0.008941362479334192,0.0014926667026615714,1.0179340828492673,1715943289.5215943,0.010829348687450236,0.003918554585425893,0.006391951122853191,1715943289.5416906,0.0013143682200820314,0.016235360187982995,0.009387119783358624,1715943289.481618,-0.006921669865341595,-0.007735918646391449,-2.402444435375889
1715943283.6709716,0.0,0.0,0.0,1715943284.081091,0.0,0.0,0.0,1715943284.0610294,0.007232271365578802,0.0008697126877301731,1.0179283079286854,1715943289.5316298,0.015096237755911285,0.004708169830142328,0.019702442907881347,1715943289.5616958,0.0008391211761636834,0.012622011077010109,0.01589653335675123,1715943289.5016117,-0.0044187505433155305,-0.004395438096499893,-2.402731777733571
1715943283.771066,0.0,0.0,0.0,1715943284.151117,0.0,0.0,0.0,1715943284.0710025,0.00541036107488968,0.0005410790468605153,1.0179399606122932,1715943289.5416906,0.0013143682200820314,0.016235360187982995,0.009387119783358624,1715943289.5716326,0.015044235503630859,0.017203215173183573,0.0059189743271288895,1715943289.511582,-0.00201582301582226,-0.00430699745544616,-2.402818140767651
1715943284.0110521,0.0,0.0,0.0,1715943284.1610243,0.0,0.0,0.0,1715943284.081091,0.006309965772318682,-0.0013229514462091974,1.0180146554317338,1715943289.5616958,0.0008391211761636834,0.012622011077010109,0.01589653335675123,1715943289.5817523,0.0070047926834148734,0.0012974081922187963,0.006094647872883402,1715943289.5215943,-0.00014043849602241032,-0.004105132590445981,-2.402988565085555
1715943284.0210283,0.0,0.0,0.0,1715943284.1710145,0.0,0.0,0.0,1715943284.151117,0.007654021809184841,-0.005169058608666566,1.0185835766835964,1715943289.5716326,0.015044235503630859,0.017203215173183573,0.0059189743271288895,1715943289.5916538,0.008452491953034406,0.004956641224931113,0.00588404711622584,1715943289.5316298,-0.001874807365261022,-0.003687957281789389,-2.4030674350789702
1715943284.03102,0.0,0.0,0.0,1715943284.1810715,0.0,0.0,0.0,1715943284.1610243,0.009535185660315193,-0.004718075347106776,1.0186999332011981,1715943289.5817523,0.0070047926834148734,0.0012974081922187963,0.006094647872883402,1715943289.6016903,0.01730431878788039,0.01407966056707144,0.01725315577201551,1715943289.5416906,-0.003098878041992714,-0.0031986631728300186,-2.4032893478745896
1715943284.0410414,0.0,0.0,0.0,1715943284.2510397,0.0,0.0,0.0,1715943284.1710145,0.01164209619124279,-0.004526547446486839,1.01871512343026,1715943289.5916538,0.008452491953034406,0.004956641224931113,0.00588404711622584,1715943289.6115701,0.0001335623212188504,0.00424042064472907,0.019630266027248947,1715943289.5616958,-0.0030429688170321434,0.00045113355436576796,-2.403775864439339
1715943284.0509999,0.0,0.0,0.0,1715943284.2610495,0.0,0.0,0.0,1715943284.1810715,0.010217068827355624,-0.003113340785714458,1.0188210243959523,1715943289.6016903,0.01730431878788039,0.01407966056707144,0.01725315577201551,1715943289.6217222,0.001133155966062692,0.002854559990085326,0.019684827939594435,1715943289.5716326,-0.004666219441533892,-0.0003203331462839909,-2.403963346565752
1715943284.0610294,0.0,0.0,0.0,1715943284.2710302,0.0,0.0,0.0,1715943284.2510397,0.012685002614050034,0.0030525316569791627,1.0192064126919234,1715943289.6115701,0.0001335623212188504,0.00424042064472907,0.019630266027248947,1715943289.631664,0.003971826854013379,0.007405780100948167,0.006162438378739815,1715943289.5817523,-0.002066590507119548,-0.0005866552022630867,-2.404106826140378
1715943284.0710025,0.0,0.0,0.0,1715943284.2812607,0.0,0.0,0.0,1715943284.2610495,0.010905391792195296,0.003918431783233034,1.0192601192141395,1715943289.6217222,0.001133155966062692,0.002854559990085326,0.019684827939594435,1715943289.6417096,0.001382100183483185,0.013575026237682808,0.013359528105080083,1715943289.5916538,-5.018060882133746e-05,-0.00099976181258854,-2.4042992046955423
1715943284.081091,0.0,0.0,0.0,1715943284.2910306,0.0,0.0,0.0,1715943284.2710302,0.009121930344689333,0.003384696460321468,1.0193474011151809,1715943289.631664,0.003971826854013379,0.007405780100948167,0.006162438378739815,1715943289.6516469,0.009831648054273265,0.016515032735543,0.014898713131437431,1715943289.6016903,-0.0020209213494029044,-0.0012007481240925433,-2.4044159213898197
1715943284.151117,0.0,0.0,0.0,1715943284.3010576,0.0,0.0,0.0,1715943284.2812607,0.006989654512406851,0.0036625954301445773,1.019412790939093,1715943289.6417096,0.001382100183483185,0.013575026237682808,0.013359528105080083,1715943289.6621277,0.015528628217817152,0.01438054966366864,0.015428201238658089,1715943289.6115701,-0.003260652144912335,-0.00020672105852836964,-2.404500867243494
1715943284.1610243,0.0,0.0,0.0,1715943284.3111088,0.0,0.0,0.0,1715943284.2910306,0.008985505158782159,0.003656520145637998,1.0195137289501213,1715943289.6516469,0.009831648054273265,0.016515032735543,0.014898713131437431,1715943289.6816664,0.011457925548750008,0.015303381465001431,0.008212547781875388,1715943289.6217222,-0.0012241910555983448,0.00045705433331710843,-2.4045844523901234
1715943284.1710145,0.0,0.0,0.0,1715943284.321051,0.0,0.0,0.0,1715943284.3010576,0.00799477925213965,0.005057149187438048,1.0196041041808508,1715943289.6621277,0.015528628217817152,0.01438054966366864,0.015428201238658089,1715943289.6916158,0.0014393342710100482,0.011701109341314853,0.010302461592418887,1715943289.631664,-0.003307293794338806,0.0008425743734599145,-2.4047499349481383
1715943284.1810715,0.0,0.0,0.0,1715943284.3310823,0.0,0.0,0.0,1715943284.3111088,0.005982389420148504,0.004814408774346912,1.0196807296027144,1715943289.6816664,0.011457925548750008,0.015303381465001431,0.008212547781875388,1715943289.7016232,0.0023907538930547836,0.016895239731550715,0.013250867508371239,1715943289.6417096,-0.0033687275572347186,-0.0012115665172311996,-2.4048422680555372
1715943284.2510397,0.0,0.0,0.0,1715943284.341067,0.0,0.0,0.0,1715943284.321051,0.004085756463128476,0.004412282967863668,1.0197794614083429,1715943289.6916158,0.0014393342710100482,0.011701109341314853,0.010302461592418887,1715943289.711595,0.0006335158827111477,0.017985797117807456,0.003998907479729592,1715943289.6516469,-0.0008392444147842237,-0.0013839312003198767,-2.404875214130506
1715943284.2610495,0.0,0.0,0.0,1715943284.3510842,0.0,0.0,0.0,1715943284.3310823,0.002556588870272769,0.004262260124531458,1.019852646873799,1715943289.7016232,0.0023907538930547836,0.016895239731550715,0.013250867508371239,1715943289.7216523,0.009176653683026387,0.010695446780483842,0.00931553924010063,1715943289.6621277,0.0011026122274473416,-0.002125062370308184,-2.404994552484959
1715943284.2710302,0.0,0.0,0.0,1715943284.3610897,0.0,0.0,0.0,1715943284.341067,0.0009264086286728812,0.0037901519325596045,1.0199136280817114,1715943289.711595,0.0006335158827111477,0.017985797117807456,0.003998907479729592,1715943289.7316334,0.004183300915177226,0.0026080291698202807,0.0015787354870397143,1715943289.6816664,-0.0015031202697781687,-0.004180028526042268,-2.405467184035195
1715943284.2812607,0.0,0.0,0.0,1715943284.3711188,0.0,0.0,0.0,1715943284.3510842,0.003105132276739364,0.003011806379947579,1.0201132299893407,1715943289.7216523,0.009176653683026387,0.010695446780483842,0.00931553924010063,1715943289.7416294,0.000730750554770618,0.008513431549175055,0.009072976128686638,1715943289.6916158,-0.00260326527270216,-0.005820843695670819,-2.4057037762136173
1715943284.2910306,0.0,0.0,0.0,1715943284.3810692,0.0,0.0,0.0,1715943284.3610897,0.005560578166527219,0.0037953467175735334,1.0202328059409647,1715943289.7316334,0.004183300915177226,0.0026080291698202807,0.0015787354870397143,1715943289.7517226,0.005314110633456923,0.007070545915742299,0.014881765293042557,1715943289.7016232,-0.0017736148690614684,-0.00768897347134323,-2.40583307597528
1715943284.3010576,0.0,0.0,0.0,1715943284.4810994,0.0,0.0,0.0,1715943284.3711188,0.0038344209952654307,0.003935098166292672,1.0203310965803,1715943289.7416294,0.000730750554770618,0.008513431549175055,0.009072976128686638,1715943289.761637,0.008822987225500787,0.016915393373203358,0.009123614933849765,1715943289.711595,0.0005691823930666917,-0.007868528377401818,-2.4060663854758095
1715943284.3111088,0.0,0.0,0.0,1715943284.54107,0.0,0.0,0.0,1715943284.3810692,0.005553003310726279,0.00454665456643677,1.0203885155057795,1715943289.7517226,0.005314110633456923,0.007070545915742299,0.014881765293042557,1715943289.7716734,0.00946547315963964,0.01970218509034738,0.01630751209688316,1715943289.7216523,-0.0008149020294034859,-0.006514411819482424,-2.4062171696434795
1715943284.321051,0.0,0.0,0.0,1715943284.5510993,0.0,0.0,0.0,1715943284.4810994,0.011471674304957769,-0.0012635434665582146,1.020981557143232,1715943289.761637,0.008822987225500787,0.016915393373203358,0.009123614933849765,1715943289.78174,0.011353877298905767,0.010489329545396942,0.002713439611008137,1715943289.7316334,-0.0029150917109348473,-0.006858091272567979,-2.4063116774626723
1715943284.3310823,0.0,0.0,0.0,1715943284.5612955,0.0,0.0,0.0,1715943284.54107,0.01670361303279244,0.002658056378969098,1.0213917345758845,1715943289.7716734,0.00946547315963964,0.01970218509034738,0.01630751209688316,1715943289.98174,0.008727980784342382,0.012646951194051681,0.0030626285575453627,1715943289.7416294,-0.00469900800104428,-0.007058904440260916,-2.4065295845967514
1715943284.341067,0.0,0.0,0.0,1715943284.5711093,0.0,0.0,0.0,1715943284.5510993,0.014874638444594357,0.002591572755475058,1.0214162486703342,1715943289.78174,0.011353877298905767,0.010489329545396942,0.002713439611008137,1715943289.991634,0.0033119474427098314,0.012770643045025842,0.017694635816503636,1715943289.7517226,-0.002183880956420081,-0.007167086853011373,-2.4067596858991385
1715943284.3510842,0.0,0.0,0.0,1715943284.5814953,0.0,0.0,0.0,1715943284.5612955,0.012655432550471857,0.002329570892436461,1.0215113210238842,1715943289.98174,0.008727980784342382,0.012646951194051681,0.0030626285575453627,1715943290.0016704,0.012511140823570417,0.016171360097300136,0.002290295010858417,1715943289.761637,-0.00032043579580887105,-0.007253226852871109,-2.4069946038672443
1715943284.3610897,0.0,0.0,0.0,1715943284.5911176,0.0,0.0,0.0,1715943284.5711093,0.011773020181522265,0.0003500994439389338,1.0216835951518655,1715943289.991634,0.0033119474427098314,0.012770643045025842,0.017694635816503636,1715943290.0116591,0.00971025375024967,0.01903068723358703,0.004536373069657642,1715943289.7716734,-0.002446466443023043,-0.0067263948337381585,-2.4071280552737724
1715943284.3711188,0.0,0.0,0.0,1715943284.6011336,0.0,0.0,0.0,1715943284.5814953,0.01015483846276688,-0.0004374014424246564,1.0217405610566348,1715943290.0016704,0.012511140823570417,0.016171360097300136,0.002290295010858417,1715943290.0217,0.006872659541160716,0.019367262354603065,0.011439415605893389,1715943289.78174,-0.0025917229557614885,-0.005071747166977003,-2.407474036390898
1715943284.3810692,0.0,0.0,0.0,1715943284.6112397,0.0,0.0,0.0,1715943284.5911176,0.009369123600322049,-0.00233050290416581,1.0217328848770246,1715943290.0116591,0.00971025375024967,0.01903068723358703,0.004536373069657642,1715943290.0316627,0.01359122343631287,0.01891315249775305,0.005021137171813424,1715943289.98174,-0.0037462465322122274,-0.003499976098324087,-2.408696518351899
1715943284.4810994,0.0,0.0,0.0,1715943284.6210997,0.0,0.0,0.0,1715943284.6011336,0.010227281458085491,-0.00423821320128126,1.021688581673967,1715943290.0217,0.006872659541160716,0.019367262354603065,0.011439415605893389,1715943290.0416489,0.0048093480289104545,0.006309663362340512,0.00022317837719881307,1715943289.991634,-0.0005104578620489519,-0.004601553844700845,-2.409040700869311
1715943284.54107,0.0,0.0,0.0,1715943284.631099,0.0,0.0,0.0,1715943284.6112397,0.008527329949592377,-0.003997760500478842,1.0215667855388948,1715943290.0316627,0.01359122343631287,0.01891315249775305,0.005021137171813424,1715943290.0516624,0.0033408343976955696,0.00597898841144584,0.0025004642373914724,1715943290.0016704,0.002186958019007701,-0.006166166969476583,-2.409506936964926
1715943284.5510993,0.0,0.0,0.0,1715943284.6410627,0.0,0.0,0.0,1715943284.6210997,0.009854349186268707,-0.0024582113094664404,1.0215461471582445,1715943290.0416489,0.0048093480289104545,0.006309663362340512,0.00022317837719881307,1715943290.0616379,0.002170828283594114,0.008815205760675404,0.015537686148376778,1715943290.0116591,0.001967361530373246,-0.008751212330872393,-2.410003649221491
1715943284.5612955,0.0,0.0,0.0,1715943284.6510823,0.0,0.0,0.0,1715943284.631099,0.011721116233095907,-0.001681199912449749,1.0215716693998178,1715943290.0516624,0.0033408343976955696,0.00597898841144584,0.0025004642373914724,1715943290.0717034,0.010461473541607565,0.01624781786639473,0.019354499500596242,1715943290.0217,0.0032773802658567774,-0.011362087209544569,-2.410470221664507
1715943284.5711093,0.0,0.0,0.0,1715943284.7311394,0.0,0.0,0.0,1715943284.6410627,0.013514388957605483,-0.0005273078811214305,1.0215424136231601,1715943290.0616379,0.002170828283594114,0.008815205760675404,0.015537686148376778,1715943290.0816975,0.015810957787224512,0.004780717523266809,0.019811480125118863,1715943290.0316627,0.005945242048605248,-0.012951007585116692,-2.4108566901153146
1715943284.5814953,0.0,0.0,0.0,1715943284.741145,0.0,0.0,0.0,1715943284.6510823,0.013576543093517968,0.001186084956546818,1.0216319216612488,1715943290.0717034,0.010461473541607565,0.01624781786639473,0.019354499500596242,1715943290.1016676,0.0071259679292493844,0.0012903655820766247,0.006041526544349257,1715943290.0416489,0.004528506383562947,-0.013986289643616256,-2.411132200547037
1715943284.5911176,0.0,0.0,0.0,1715943284.751111,0.0,0.0,0.0,1715943284.7311394,0.007635569252478991,0.0003179238540453877,1.0219162000993345,1715943290.0816975,0.015810957787224512,0.004780717523266809,0.019811480125118863,1715943290.1117203,0.003965953340159893,0.0034027941118039973,0.013870889192887785,1715943290.0516624,0.00359408618254653,-0.013967963968964048,-2.411351347723902
1715943284.6011336,0.0,0.0,0.0,1715943285.0711138,0.0,0.0,0.0,1715943284.741145,0.006151203609871425,0.0004083657810196595,1.021948997435778,1715943290.1016676,0.0071259679292493844,0.0012903655820766247,0.006041526544349257,1715943290.1216898,0.01682422227492302,0.007033466164387159,0.017778167468959258,1715943290.0616379,0.002620771280622325,-0.013569824723535184,-2.411504252544011
1715943284.6112397,0.0,0.0,0.0,1715943285.0811512,0.0,0.0,0.0,1715943284.751111,0.004173537178159936,0.00016753889669951505,1.0219456829761657,1715943290.1117203,0.003965953340159893,0.0034027941118039973,0.013870889192887785,1715943290.1316948,0.007451302392721326,0.017482874692735795,0.002733100549035066,1715943290.0717034,0.0005643763477078956,-0.013332194506171291,-2.4117189548075464
1715943284.6210997,0.0,0.0,0.0,1715943285.091153,0.0,0.0,0.0,1715943285.0711138,0.010409683177196372,0.0031104089608546825,1.0239857531181618,1715943290.1216898,0.01682422227492302,0.007033466164387159,0.017778167468959258,1715943290.1417038,0.016815233166524578,0.005454879732780249,0.004240578754500521,1715943290.0816975,-0.000994096371680131,-0.013033595047327484,-2.4117667254623516
1715943284.631099,0.0,0.0,0.0,1715943285.1011837,0.0,0.0,0.0,1715943285.0811512,0.012558165870314997,0.0039445434347558095,1.0241331562894778,1715943290.1316948,0.007451302392721326,0.017482874692735795,0.002733100549035066,1715943290.151678,0.00636744907807292,0.004644242815658339,0.013920120177371792,1715943290.1016676,0.000750624341766315,-0.0105351278815915,-2.412047463881488
1715943284.6410627,0.0,0.0,0.0,1715943285.1113153,0.0,0.0,0.0,1715943285.091153,0.011090432162068953,0.00413078756392804,1.0243410014912557,1715943290.1417038,0.016815233166524578,0.005454879732780249,0.004240578754500521,1715943290.1621132,0.011304151358620321,0.00584791722382616,0.011782308883927088,1715943290.1117203,-0.0016163926480503576,-0.010269492380962753,-2.412107920438649
1715943284.6510823,0.0,0.0,0.0,1715943285.1211371,0.0,0.0,0.0,1715943285.1011837,0.00992062997417631,0.005308770351055037,1.0245312901357484,1715943290.151678,0.00636744907807292,0.004644242815658339,0.013920120177371792,1715943290.3116636,0.017223450364527534,0.004541067652639619,0.009265394786092392,1715943290.1216898,-0.0023164731712275177,-0.008890700377777616,-2.4122897040766262
1715943284.7311394,0.0,0.0,0.0,1715943285.131186,0.0,0.0,0.0,1715943285.1113153,0.01196453682827281,0.005061070930504785,1.0246459191995552,1715943290.1621132,0.011304151358620321,0.00584791722382616,0.011782308883927088,1715943290.3216753,0.019253412044376868,0.012618302705418749,0.0014899596628793164,1715943290.1316948,-0.0001138189942075929,-0.008797629990694,-2.412234385585564
1715943284.741145,0.0,0.0,0.0,1715943285.141158,0.0,0.0,0.0,1715943285.1211371,0.013794787936644348,0.0036141415159791634,1.0247755096689946,1715943290.3116636,0.017223450364527534,0.004541067652639619,0.009265394786092392,1715943290.3317175,0.001463959068408404,0.004184801252285153,0.004812718313850957,1715943290.1417038,0.0011750442005677986,-0.008218444689877202,-2.412256025304937
1715943284.751111,0.0,0.0,0.0,1715943285.15123,0.0,0.0,0.0,1715943285.131186,0.012194595650576567,0.0028650843252711056,1.0249006777436716,1715943290.3216753,0.019253412044376868,0.012618302705418749,0.0014899596628793164,1715943290.3416905,0.0074159239426986896,0.019140435983753035,0.014642229113389879,1715943290.151678,0.0016133217970517588,-0.006624293065883524,-2.4123040027574456
1715943285.0711138,0.0,0.0,0.0,1715943285.161301,0.0,0.0,0.0,1715943285.141158,0.010576500974838199,0.0016207374227592553,1.025108288007505,1715943290.3317175,0.001463959068408404,0.004184801252285153,0.004812718313850957,1715943290.351732,0.010445595875472289,0.009187887845048426,0.014423641872924059,1715943290.1621132,0.003688850264554455,-0.005523083159513442,-2.412349107751364
1715943285.0811512,0.0,0.0,0.0,1715943285.171173,0.0,0.0,0.0,1715943285.15123,0.011738483789228482,-0.0003872640326854082,1.025237608397144,1715943290.3416905,0.0074159239426986896,0.019140435983753035,0.014642229113389879,1715943290.3617043,0.0035208401613547723,0.011629425340914601,0.01397118688415915,1715943290.3116636,-0.005599054900976785,-0.017718498347441214,-2.4148546279363226
1715943285.091153,0.0,0.0,0.0,1715943285.1811476,0.0,0.0,0.0,1715943285.161301,0.013978960632811899,-0.0010967784777673462,1.025325037575528,1715943290.351732,0.010445595875472289,0.009187887845048426,0.014423641872924059,1715943290.3717062,0.0029657987963934043,0.010724036516907676,0.007710297548259701,1715943290.3216753,-0.007166277572757007,-0.018684829503202716,-2.4149983659693897
1715943285.1011837,0.0,0.0,0.0,1715943285.1911373,0.0,0.0,0.0,1715943285.171173,0.012496400548377307,-0.00257533832913448,1.0252660871721009,1715943290.3617043,0.0035208401613547723,0.011629425340914601,0.01397118688415915,1715943290.3817344,0.0030051497102320875,0.010455600725393754,0.009993440607412732,1715943290.3317175,-0.004858108642324277,-0.019170402286663446,-2.4152975399913963
1715943285.1113153,0.0,0.0,0.0,1715943285.2011552,0.0,0.0,0.0,1715943285.1811476,0.010483093268348509,-0.003031750136801792,1.025251821523967,1715943290.3717062,0.0029657987963934043,0.010724036516907676,0.007710297548259701,1715943290.3917067,0.017095678061848387,0.006606312567575712,0.019115406011490265,1715943290.3416905,-0.003629095635151014,-0.020367230949010606,-2.4155744823706615
1715943285.1211371,0.0,0.0,0.0,1715943285.211317,0.0,0.0,0.0,1715943285.1911373,0.012272468382826696,-0.004164901694571732,1.025222960998227,1715943290.3817344,0.0030051497102320875,0.010455600725393754,0.009993440607412732,1715943290.40172,0.011891729665181134,0.007995180346248798,0.016235018192875178,1715943290.351732,-0.005543148618804672,-0.021325556321703854,-2.4156881890839577
1715943285.131186,0.0,0.0,0.0,1715943285.2211888,0.0,0.0,0.0,1715943285.2011552,0.01041872441984415,-0.00437970750336425,1.025187206524385,1715943290.3917067,0.017095678061848387,0.006606312567575712,0.019115406011490265,1715943290.4117112,0.0012830430913848534,0.01357899357244019,0.0002542843023350172,1715943290.3617043,-0.0027637942696951967,-0.02160928956232544,-2.4159958864575057
1715943285.141158,0.0,0.0,0.0,1715943285.231329,0.0,0.0,0.0,1715943285.211317,0.012371986380692146,-0.004685852916086475,1.0252386268914668,1715943290.40172,0.011891729665181134,0.007995180346248798,0.016235018192875178,1715943290.4216995,0.01365337897340522,0.009542854905529419,0.0007556211093209132,1715943290.3717062,-0.0009082473836101723,-0.021204391703398606,-2.41622611719439
1715943285.15123,0.0,0.0,0.0,1715943285.2411337,0.0,0.0,0.0,1715943285.2211888,0.01410245240179453,-0.005580763835333125,1.0252690091554604,1715943290.4117112,0.0012830430913848534,0.01357899357244019,0.0002542843023350172,1715943290.4318004,0.01626469948048679,0.018314768895856925,0.0015648591773268954,1715943290.3817344,-0.002968780762533818,-0.020733419126922392,-2.4163449000293102
1715943285.161301,0.0,0.0,0.0,1715943285.2511444,0.0,0.0,0.0,1715943285.231329,0.014293770489654967,-0.007817359523928591,1.0253828642770282,1715943290.4216995,0.01365337897340522,0.009542854905529419,0.0007556211093209132,1715943290.4617057,0.0018370868581358054,0.019359965919523603,0.01007329351708003,1715943290.3917067,-0.004067953679259606,-0.020023415303505265,-2.4164600700335206
1715943285.171173,0.0,0.0,0.0,1715943285.2611532,0.0,0.0,0.0,1715943285.2411337,0.012459013691085041,-0.008360740042787862,1.0255103165662667,1715943290.4318004,0.01626469948048679,0.018314768895856925,0.0015648591773268954,1715943290.4717045,0.003809150591175965,0.0058958506730777405,0.01686095315588461,1715943290.40172,-0.002377703051522184,-0.0190085089961205,-2.4165677340253158
1715943285.1811476,0.0,0.0,0.0,1715943285.2711313,0.0,0.0,0.0,1715943285.2511444,0.01078887752407287,-0.009993456521179,1.0255864503736394,1715943290.4617057,0.0018370868581358054,0.019359965919523603,0.01007329351708003,1715943290.481859,0.0025368979071024485,0.0005340626156193906,0.016020691921692358,1715943290.4117112,-0.00142817496443981,-0.017507653968594772,-2.4166572079664466
1715943285.1911373,0.0,0.0,0.0,1715943285.2811513,0.0,0.0,0.0,1715943285.2611532,0.012685389303709327,-0.010597953322893927,1.025605835252675,1715943290.4717045,0.003809150591175965,0.0058958506730777405,0.01686095315588461,1715943290.4916782,0.016558535839985084,0.008854814862160554,0.014376869828019079,1715943290.4216995,-0.003260790105094946,-0.016840702716924172,-2.416627867547801
1715943285.2011552,0.0,0.0,0.0,1715943285.2911427,0.0,0.0,0.0,1715943285.2711313,0.013936673923029774,-0.008905564161221013,1.025652685317023,1715943290.481859,0.0025368979071024485,0.0005340626156193906,0.016020691921692358,1715943290.5017073,0.004097032099429803,0.004814354258828812,2.6038008652724733e-05,1715943290.4318004,-0.003756959065512211,-0.015242782778961628,-2.416601755303695
1715943285.211317,0.0,0.0,0.0,1715943285.301179,0.0,0.0,0.0,1715943285.2811513,0.011929586031155126,-0.008536590068179306,1.0257509885583467,1715943290.4916782,0.016558535839985084,0.008854814862160554,0.014376869828019079,1715943290.5217097,0.017826715146751115,0.017919663048337586,0.01648496636142335,1715943290.4617057,-0.004726751435376375,-0.01093538361118207,-2.416822666649521
1715943285.2211888,0.0,0.0,0.0,1715943285.3113554,0.0,0.0,0.0,1715943285.2911427,0.010544189260392023,-0.007086822421960681,1.025814013861332,1715943290.5017073,0.004097032099429803,0.004814354258828812,2.6038008652724733e-05,1715943290.531962,0.01593782036450835,0.003981329802611455,0.011557503400965858,1715943290.4717045,-0.0027107442718596886,-0.011360305124850756,-2.41691576526121
1715943285.231329,0.0,0.0,0.0,1715943285.321148,0.0,0.0,0.0,1715943285.301179,0.01263708058220292,-0.006569538187585211,1.0259348726333068,1715943290.5217097,0.017826715146751115,0.017919663048337586,0.01648496636142335,1715943290.5517566,0.0008027545185792874,0.0019076077904771616,0.002728444966083962,1715943290.481859,-0.0009573156798310389,-0.011194514435074243,-2.417054176825098
1715943285.2411337,0.0,0.0,0.0,1715943285.331187,0.0,0.0,0.0,1715943285.3113554,0.01158014836820509,-0.005092070828324635,1.026025103912318,1715943290.531962,0.01593782036450835,0.003981329802611455,0.011557503400965858,1715943290.5617495,0.015016574309244623,0.006136474639789391,0.012218623807313958,1715943290.4916782,-0.002238750702851844,-0.009975520921886583,-2.4172964954730185
1715943285.2511444,0.0,0.0,0.0,1715943286.1112986,0.0,0.0,0.0,1715943285.321148,0.009428339432132615,-0.005211858321439777,1.0261476760131416,1715943290.5517566,0.0008027545185792874,0.0019076077904771616,0.002728444966083962,1715943290.5818458,0.001563042456729502,0.004255352570587734,0.00647334408100091,1715943290.5017073,-0.0013027939463550187,-0.00830220809968596,-2.417370847763131
1715943285.2611532,0.0,0.0,0.0,1715943286.1212142,0.0,0.0,0.0,1715943285.331187,0.01116664748298235,-0.005889464708636272,1.0262058203877347,1715943290.5617495,0.015016574309244623,0.006136474639789391,0.012218623807313958,1715943290.5917253,0.0019930969196418962,0.011996100205610594,0.016646862505683764,1715943290.5217097,-0.004667315801114569,-0.006584685884593933,-2.417833859470881
1715943285.2711313,0.0,0.0,0.0,1715943286.131268,0.0,0.0,0.0,1715943286.1112986,0.0007333326089250525,-0.008319691172745225,1.0282767401066946,1715943290.5818458,0.001563042456729502,0.004255352570587734,0.00647334408100091,1715943290.6018322,0.0003506950373739189,0.007557294817158056,0.014797612986479212,1715943290.531962,-0.0020883861343228283,-0.007118690717078602,-2.4180784541679587
1715943285.2811513,0.0,0.0,0.0,1715943286.1412635,0.0,0.0,0.0,1715943286.1212142,0.0019571188210826262,-0.0084834234376161,1.0282533588573184,1715943290.5917253,0.0019930969196418962,0.011996100205610594,0.016646862505683764,1715943290.6116939,0.0012277538655953973,0.007542083712697378,0.010332477929618456,1715943290.5517566,0.0013296029136196097,-0.006273160427868074,-2.4184390711443298
1715943285.2911427,0.0,0.0,0.0,1715943286.1512666,0.0,0.0,0.0,1715943286.131268,0.004034228056195466,-0.007989734509826762,1.0283071635265486,1715943290.6018322,0.0003506950373739189,0.007557294817158056,0.014797612986479212,1715943290.6218066,0.0013232285387194268,0.011263828149936872,0.015583221195773884,1715943290.5617495,-0.00010252557034684529,-0.006620354557261621,-2.41863375243709
1715943285.301179,0.0,0.0,0.0,1715943286.1612985,0.0,0.0,0.0,1715943286.1412635,0.002126159426735885,-0.008260744030024192,1.0283026583745705,1715943290.6116939,0.0012277538655953973,0.007542083712697378,0.010332477929618456,1715943290.6318653,0.008209498315608351,0.018494428479741254,0.008704247109705437,1715943290.5818458,0.00209548330542364,-0.003545921374752181,-2.418764185663534
1715943285.3113554,0.0,0.0,0.0,1715943286.1712902,0.0,0.0,0.0,1715943286.1512666,-0.0001964424910437801,-0.008661779986676388,1.0284243432457978,1715943290.6218066,0.0013232285387194268,0.011263828149936872,0.015583221195773884,1715943290.6417668,0.0013627417468808924,0.001668423703386157,0.007771639626252049,1715943290.5917253,4.933313640131942e-05,-0.003988375053143534,-2.4189693961597487
1715943285.321148,0.0,0.0,0.0,1715943286.1812596,0.0,0.0,0.0,1715943286.1612985,0.0018275554351334655,-0.009213967063482764,1.0284695224011158,1715943290.6318653,0.008209498315608351,0.018494428479741254,0.008704247109705437,1715943290.6517272,0.01857220366842502,0.016067102668990474,0.008096353901424647,1715943290.6018322,0.0017012358010082274,-0.006220580666312925,-2.4190919906654984
1715943285.331187,0.0,0.0,0.0,1715943286.191322,0.0,0.0,0.0,1715943286.1712902,0.0001424599723016673,-0.009753151967740736,1.028599521700973,1715943290.6417668,0.0013627417468808924,0.001668423703386157,0.007771639626252049,1715943290.6717181,0.011197266258142647,0.0073120056075919315,0.016473051655692014,1715943290.6116939,0.003389474139591009,-0.007862543146910816,-2.419213460078488
1715943285.3411512,0.0,0.0,0.0,1715943286.201273,0.0,0.0,0.0,1715943286.1812596,-0.0017646266661331955,-0.009846773457216296,1.0286907317353005,1715943290.6517272,0.01857220366842502,0.016067102668990474,0.008096353901424647,1715943290.6917477,0.007794855280377493,0.00012036453597508157,0.006777525981467115,1715943290.6218066,0.0012493151552694925,-0.009604175090024647,-2.419314379229085
1715943286.1112986,0.0,0.0,0.0,1715943286.2113483,0.0,0.0,0.0,1715943286.191322,-0.003886779341493507,-0.010281944095055895,1.0287814838528244,1715943290.6717181,0.011197266258142647,0.0073120056075919315,0.016473051655692014,1715943290.711696,0.011233015696629866,0.019381508880569998,0.019132210907182444,1715943290.6318653,0.0008986381340256866,-0.011772025020494459,-2.419543712415173
1715943286.1212142,0.0,0.0,0.0,1715943286.2212486,0.0,0.0,0.0,1715943286.201273,-0.0018036560829861603,-0.010710917154267863,1.0288472409377638,1715943290.6917477,0.007794855280377493,0.00012036453597508157,0.006777525981467115,1715943290.7320495,0.013812443469693854,0.006593394399222019,0.00033218662413644993,1715943290.6417668,0.0026047764855532396,-0.013419205092498387,-2.4196130064635994
1715943286.131268,0.0,0.0,0.0,1715943286.2312567,0.0,0.0,0.0,1715943286.2113483,-0.0033454050924207612,-0.010984493185117072,1.0289252382491978,1715943290.711696,0.011233015696629866,0.019381508880569998,0.019132210907182444,1715943290.7417836,0.004929333075514362,0.009694253521632223,0.006885644514251696,1715943290.6517272,0.0029062167823865614,-0.015460423900881315,-2.419733936370373
1715943286.1412635,0.0,0.0,0.0,1715943286.5313213,0.0,0.0,0.0,1715943286.2212486,-0.005226459637960534,-0.011252555203921766,1.029008062851901,1715943290.7320495,0.013812443469693854,0.006593394399222019,0.00033218662413644993,1715943290.7617908,0.011158041365695247,0.0034767693053487925,0.012423807122950164,1715943290.6717181,0.008392057214116955,-0.016251550732268694,-2.4199499137611857
1715943286.1512666,0.0,0.0,0.0,1715943286.5412636,0.0,0.0,0.0,1715943286.2312567,-0.0032677728115084737,-0.011471390557304728,1.0290861775647662,1715943290.7417836,0.004929333075514362,0.009694253521632223,0.006885644514251696,1715943290.771784,0.004916359347479089,0.009719835744505856,0.011308355381591643,1715943290.6917477,0.004400026031881499,-0.015615758889077291,-2.4201481389520447
1715943286.1612985,0.0,0.0,0.0,1715943286.5513065,0.0,0.0,0.0,1715943286.5313213,0.00019041964167310077,-0.010683688556618831,1.0311193430090757,1715943290.7617908,0.011158041365695247,0.0034767693053487925,0.012423807122950164,1715943290.7818012,0.018547695393145026,0.006832944898808702,0.0006421825947579233,1715943290.711696,0.007823770221015769,-0.013686427515566146,-2.4203999060208474
1715943286.1712902,0.0,0.0,0.0,1715943286.561368,0.0,0.0,0.0,1715943286.5412636,-0.0015146582020921784,-0.010876512926382143,1.0312757641861285,1715943290.771784,0.004916359347479089,0.009719835744505856,0.011308355381591643,1715943290.79176,0.015068791558252926,0.008167686316445266,0.009398487713213456,1715943290.7320495,0.004637001642304295,-0.012520780553896937,-2.4206483752568855
1715943286.1812596,0.0,0.0,0.0,1715943286.5714025,0.0,0.0,0.0,1715943286.5513065,-0.0037126491708809883,-0.011035426472205678,1.0314557306435206,1715943290.7818012,0.018547695393145026,0.006832944898808702,0.0006421825947579233,1715943290.8018644,0.013054451465890099,0.014393624635020918,0.00865280805359915,1715943290.7417836,0.006843361610453735,-0.012295385000072878,-2.420839556957719
1715943286.191322,0.0,0.0,0.0,1715943286.5813215,0.0,0.0,0.0,1715943286.561368,-0.0017782325237296615,-0.011743523589768268,1.0315025834187506,1715943290.79176,0.015068791558252926,0.008167686316445266,0.009398487713213456,1715943290.811762,0.008274093020568026,0.01795715274122034,0.016451258681192363,1715943290.7617908,0.003389599497365836,-0.011404867507718075,-2.4212134749843237
1715943286.201273,0.0,0.0,0.0,1715943286.591368,0.0,0.0,0.0,1715943286.5714025,-0.0005318650571322081,-0.013495100686847117,1.0315455225649897,1715943290.8018644,0.013054451465890099,0.014393624635020918,0.00865280805359915,1715943290.8218324,0.018340645538970083,0.010352294437816933,0.014096745543290868,1715943290.771784,0.002714964906006312,-0.010116149724459289,-2.421361785125266
1715943286.2113483,0.0,0.0,0.0,1715943286.6012938,0.0,0.0,0.0,1715943286.5813215,-0.0020575513680227697,-0.014667293087659017,1.031616229264568,1715943290.811762,0.008274093020568026,0.01795715274122034,0.016451258681192363,1715943290.8418655,0.015690028152246502,0.018795027711204337,0.0066152099055466,1715943290.7818012,0.00413350303725446,-0.009332355434220396,-2.4216497879945744
1715943286.2212486,0.0,0.0,0.0,1715943286.6113944,0.0,0.0,0.0,1715943286.591368,-0.0006872414630568757,-0.016202468699858974,1.0317067160130269,1715943290.8218324,0.018340645538970083,0.010352294437816933,0.014096745543290868,1715943290.8617847,0.0032981595401737687,0.001734022193544682,0.018950694480835386,1715943290.79176,0.0018709296546346454,-0.009472567232930551,-2.421866815478168
1715943286.2312567,0.0,0.0,0.0,1715943286.6212902,0.0,0.0,0.0,1715943286.6012938,0.0011865249987746962,-0.015447530982347635,1.0317623815049997,1715943290.8418655,0.015690028152246502,0.018795027711204337,0.0066152099055466,1715943290.8717823,0.01117179684309572,0.009351212078024584,0.010269169765184969,1715943290.8018644,0.0038254663068297834,-0.008201470711240999,-2.4220542915650256
1715943286.5313213,0.0,0.0,0.0,1715943286.6313648,0.0,0.0,0.0,1715943286.6113944,0.0030603571283696063,-0.014280218073088324,1.0319314382555733,1715943290.8617847,0.0032981595401737687,0.001734022193544682,0.018950694480835386,1715943290.8817356,0.009863910619278222,0.007910142977987533,0.008702289415657559,1715943290.811762,0.005688440738796263,-0.008464944413189013,-2.4222270617063764
1715943286.5412636,0.0,0.0,0.0,1715943286.6413157,0.0,0.0,0.0,1715943286.6212902,0.0013496575481426465,-0.0141534677203774,1.032155824585272,1715943290.8717823,0.01117179684309572,0.009351212078024584,0.010269169765184969,1715943290.891745,0.0175554862109229,0.011788562572202732,0.016715117808475594,1715943290.8218324,0.0032114968302292546,-0.008211079434386814,-2.4224074086822407
1715943286.5513065,0.0,0.0,0.0,1715943286.6513448,0.0,0.0,0.0,1715943286.6313648,-0.0007227306618494689,-0.013697739756151961,1.0323439449374958,1715943290.8817356,0.009863910619278222,0.007910142977987533,0.008702289415657559,1715943290.901761,0.014307711160285211,0.013574291277258288,0.010237915044109295,1715943290.8418655,0.0074994631601033035,-0.00816608399325025,-2.422562535823643
1715943286.561368,0.0,0.0,0.0,1715943286.6614518,0.0,0.0,0.0,1715943286.6413157,0.0012123632652374372,-0.014040297893875175,1.0324054292201594,1715943290.891745,0.0175554862109229,0.011788562572202732,0.016715117808475594,1715943290.9117224,0.009833981061895529,0.01970275835142954,0.019443179597987414,1715943290.8617847,0.0041239605852267935,-0.006661873164098608,-2.422780885536349
1715943286.5714025,0.0,0.0,0.0,1715943286.6712847,0.0,0.0,0.0,1715943286.6513448,0.0031716164588238005,-0.015002115436273833,1.0323991141027826,1715943290.901761,0.014307711160285211,0.013574291277258288,0.010237915044109295,1715943290.9217727,0.007502236011082207,0.008301469782167281,0.009388066018428669,1715943290.8717823,0.0065392508561912255,-0.007043232965741053,-2.422874798265231
1715943286.5813215,0.0,0.0,0.0,1715943286.6813188,0.0,0.0,0.0,1715943286.6614518,0.0018578996925291413,-0.013506060230297878,1.032486478383578,1715943290.9117224,0.009833981061895529,0.01970275835142954,0.019443179597987414,1715943290.9317572,0.0196332267671089,0.0052613307497633155,0.011804666587035065,1715943290.8817356,0.008205374735106297,-0.008122029716279178,-2.4230727879507885
1715943286.591368,0.0,0.0,0.0,1715943286.691352,0.0,0.0,0.0,1715943286.6712847,0.0029911785242757727,-0.012235933065892546,1.032513964055091,1715943290.9217727,0.007502236011082207,0.008301469782167281,0.009388066018428669,1715943290.941749,0.017585213108981857,0.01734752338516654,0.009338599323073786,1715943290.891745,0.006769870378879217,-0.008749115307551847,-2.4232956552420974
1715943286.6012938,0.0,0.0,0.0,1715943286.701326,0.0,0.0,0.0,1715943286.6813188,0.004105844288426863,-0.010560960319206947,1.0325173423977039,1715943290.9317572,0.0196332267671089,0.0052613307497633155,0.011804666587035065,1715943290.9517941,0.002286351137312202,0.016879570001866018,0.004751222207331658,1715943290.901761,0.008414657859796337,-0.010607416320850493,-2.4236292557349213
1715943286.6113944,0.0,0.0,0.0,1715943286.7114284,0.0,0.0,0.0,1715943286.691352,0.0023070059991155967,-0.010657629935049373,1.0325982608182787,1715943290.941749,0.017585213108981857,0.01734752338516654,0.009338599323073786,1715943290.9618146,0.007481262488767194,0.015807342977407046,0.011722321185827495,1715943290.9117224,0.010137675265490476,-0.012007004696548362,-2.423708771887376
1715943286.6212902,0.0,0.0,0.0,1715943286.7213335,0.0,0.0,0.0,1715943286.701326,0.003263224346545579,-0.00931915857910992,1.0326346856872537,1715943290.9517941,0.002286351137312202,0.016879570001866018,0.004751222207331658,1715943290.9718237,0.014663026088928225,0.014577782597802402,0.012440439061589741,1715943290.9217727,0.008188404520324877,-0.011770133769272828,-2.4237945457106145
1715943286.6313648,0.0,0.0,0.0,1715943286.8713067,0.0,0.0,0.0,1715943286.7114284,0.005067393231971362,-0.009605013942002971,1.0326556620737999,1715943290.9618146,0.007481262488767194,0.015807342977407046,0.011722321185827495,1715943290.9817572,0.005114336613004243,0.013322863476914026,0.01569973131368224,1715943290.9317572,0.006780546989488823,-0.011909399372226792,-2.4238652038256268
1715943286.6413157,0.0,0.0,0.0,1715943286.9113398,0.0,0.0,0.0,1715943286.7213335,0.003640345193852257,-0.010322169904595224,1.03273854673083,1715943290.9718237,0.014663026088928225,0.014577782597802402,0.012440439061589741,1715943290.991781,0.01912504627934366,0.007218343024525842,0.0018654472431372405,1715943290.941749,0.008930915177823406,-0.013002432410714526,-2.423902111325135
1715943286.6513448,0.0,0.0,0.0,1715943286.9213624,0.0,0.0,0.0,1715943286.8813312,-0.0014765353414564197,-0.012820602886205679,1.0349985337078085,1715943290.9817572,0.005114336613004243,0.013322863476914026,0.01569973131368224,1715943291.0018265,0.013600179204568156,0.00718481139791427,0.012189435097763766,1715943290.9517941,0.0066951958983096915,-0.013952124152280865,-2.4241195075798
1715943286.6614518,0.0,0.0,0.0,1715943286.9313471,0.0,0.0,0.0,1715943286.9113398,0.0007791188979643371,-0.010426752253948735,1.0352437033857398,1715943290.991781,0.01912504627934366,0.007218343024525842,0.0018654472431372405,1715943291.0117888,0.006082508647581222,0.01598918350831524,0.014800331774839252,1715943290.9618146,0.005446736739972202,-0.015096505951966321,-2.4242948145267857
1715943286.6712847,0.0,0.0,0.0,1715943286.941354,0.0,0.0,0.0,1715943286.9213624,-0.00043567978187419865,-0.008700923725795562,1.0354618544275098,1715943291.0018265,0.013600179204568156,0.00718481139791427,0.012189435097763766,1715943291.2218568,0.01690340089374882,0.0012945693465302721,0.004230267628494347,1715943290.9718237,0.007197421229454548,-0.016946499506177215,-2.424409559022777
1715943286.6813188,0.0,0.0,0.0,1715943286.951361,0.0,0.0,0.0,1715943286.9313471,0.001338494701251025,-0.008241467811909375,1.0356251527949834,1715943291.0117888,0.006082508647581222,0.01598918350831524,0.014800331774839252,1715943291.2418234,0.014605359358573109,0.007966519726384957,0.008408449198382002,1715943290.9817572,0.004865779046610674,-0.018005127760996276,-2.42450721267827
1715943286.691352,0.0,0.0,0.0,1715943286.9613564,0.0,0.0,0.0,1715943286.941354,0.0032846571534581592,-0.0070551678697072795,1.035823598868805,1715943291.2218568,0.01690340089374882,0.0012945693465302721,0.004230267628494347,1715943291.2519467,0.019148821291455197,0.01263524053212084,0.0056591444148911705,1715943290.991781,0.0031889424684565792,-0.018311698306364477,-2.4247048522536545
1715943286.701326,0.0,0.0,0.0,1715943286.9714084,0.0,0.0,0.0,1715943286.951361,0.001713495988314273,-0.0060786202871323525,1.0359887902082474,1715943291.2418234,0.014605359358573109,0.007966519726384957,0.008408449198382002,1715943291.2718475,0.01863445118519522,0.0042889710433546835,0.019103752370993172,1715943291.0018265,0.006222918806511268,-0.01830174932725015,-2.4248484100509966
1715943286.7114284,0.0,0.0,0.0,1715943286.9813664,0.0,0.0,0.0,1715943286.9613564,0.0015152886670889432,-0.004398910938276268,1.0361282058431756,1715943291.2519467,0.019148821291455197,0.01263524053212084,0.0056591444148911705,1715943291.3718083,0.001328653234597259,0.019364922991571776,0.004178854793457501,1715943291.0117888,0.007775613771817014,-0.018554114298894087,-2.425055236186428
1715943286.7213335,0.0,0.0,0.0,1715943286.9913568,0.0,0.0,0.0,1715943286.9714084,0.003454943806169286,-0.003749893429183304,1.0362317463228008,1715943291.2718475,0.01863445118519522,0.0042889710433546835,0.019103752370993172,1715943291.3818805,0.01961797477879732,0.004395671042054072,0.00971476354501665,1715943291.2218568,0.007722912638472135,-0.009236391926134013,-2.427974088473876
1715943286.8813312,0.0,0.0,0.0,1715943287.0014102,0.0,0.0,0.0,1715943286.9813664,0.0019425987400621958,-0.004016906308480062,1.0363004889086187,1715943291.3718083,0.001328653234597259,0.019364922991571776,0.004178854793457501,1715943291.391842,0.014433267786634014,0.004253896405476354,0.002406368022167809,1715943291.2418234,0.004053106921331873,-0.012437623949107524,-2.4281352234909352
1715943286.9113398,0.0,0.0,0.0,1715943287.0114636,0.0,0.0,0.0,1715943286.9913568,-4.994289712589861e-05,-0.004685774430577494,1.036339026633776,1715943291.3818805,0.01961797477879732,0.004395671042054072,0.00971476354501665,1715943291.6918533,0.003928821772819077,0.007487272754422403,0.006934053892592775,1715943291.2519467,0.0026798892998367574,-0.013362844822994546,-2.4281968144782944
1715943286.9213624,0.0,0.0,0.0,1715943287.021381,0.0,0.0,0.0,1715943287.0014102,0.0009173332837016934,-0.006717816505049212,1.036304030498167,1715943291.391842,0.014433267786634014,0.004253896405476354,0.002406368022167809,1715943291.7018566,0.01436534000034617,0.00043151487128767485,0.01591754144807999,1715943291.2718475,0.00730358952876875,-0.013625290596583017,-2.428422776995079
1715943286.9313471,0.0,0.0,0.0,1715943287.0314567,0.0,0.0,0.0,1715943287.0114636,0.0023140665241491165,-0.008543101497827665,1.0362767425019968,1715943291.6918533,0.003928821772819077,0.007487272754422403,0.006934053892592775,1715943291.7118013,0.011054136425836655,0.015307797741996643,0.007077698720253203,1715943291.3718083,0.012798287547897802,-0.014927999861086949,-2.4306584142952197
1715943286.941354,0.0,0.0,0.0,1715943287.0413208,0.0,0.0,0.0,1715943287.021381,0.0008662171409302699,-0.009401593654398965,1.0363824102039576,1715943291.7018566,0.01436534000034617,0.00043151487128767485,0.01591754144807999,1715943291.7218492,0.0076206751444472,0.007920457839065254,0.015620471282939065,1715943291.3818805,0.011715780136362985,-0.015935824093840534,-2.43083685747236
1715943286.951361,0.0,0.0,0.0,1715943287.0513415,0.0,0.0,0.0,1715943287.0314567,-0.0005923344965577115,-0.00838497798131388,1.0365538031449635,1715943291.7118013,0.011054136425836655,0.015307797741996643,0.007077698720253203,1715943291.7317977,0.01552431897099939,0.00924526954263949,0.009857027708412774,1715943291.391842,0.014268131861939315,-0.017102126957112995,-2.4310705867618063
1715943286.9613564,0.0,0.0,0.0,1715943287.1313782,0.0,0.0,0.0,1715943287.0413208,-0.0003608560473102873,-0.0063636380393568,1.0367748741493217,1715943291.7218492,0.0076206751444472,0.007920457839065254,0.015620471282939065,1715943291.7418797,0.005096761030826491,0.019737166943684326,0.008211000526981291,1715943291.6918533,0.0029760751786451767,-0.011878694472412743,-2.4357104379974306
1715943286.9714084,0.0,0.0,0.0,1715943287.1413271,0.0,0.0,0.0,1715943287.0513415,0.001642795951039111,-0.00507668665600125,1.037034926145418,1715943291.7317977,0.01552431897099939,0.00924526954263949,0.009857027708412774,1715943291.7519047,0.01793172445319908,0.010709357122601793,0.003554726972264827,1715943291.7018566,0.001856858119384519,-0.013602675639260875,-2.4357908818843983
1715943286.9813664,0.0,0.0,0.0,1715943287.1513543,0.0,0.0,0.0,1715943287.1313782,0.004133679123841993,-0.013294095251939364,1.0379193879732793,1715943291.7418797,0.005096761030826491,0.019737166943684326,0.008211000526981291,1715943291.7618325,0.019395455377136835,0.013140451343518267,0.0033295932037805936,1715943291.7118013,0.0007170709479773496,-0.015171886375567656,-2.4358481588107432
1715943286.9913568,0.0,0.0,0.0,1715943287.161438,0.0,0.0,0.0,1715943287.1413271,0.002098124313177685,-0.014247775716865307,1.0380931462646503,1715943291.7519047,0.01793172445319908,0.010709357122601793,0.003554726972264827,1715943291.7718463,0.012380061182214326,0.001019463315466096,0.012642501652908351,1715943291.7218492,-0.00019323542435722985,-0.016932425868106726,-2.4360538297526446
1715943287.0014102,0.0,0.0,0.0,1715943287.1714375,0.0,0.0,0.0,1715943287.1513543,0.003019460624221315,-0.016097604414759603,1.0381798041001349,1715943291.7618325,0.019395455377136835,0.013140451343518267,0.0033295932037805936,1715943291.781832,0.003127863304886614,0.009370428563502564,0.01956842146532449,1715943291.7317977,-0.002324459080386143,-0.01665226265306874,-2.436162736970279
1715943287.0114636,0.0,0.0,0.0,1715943287.181397,0.0,0.0,0.0,1715943287.161438,0.0013591258529931372,-0.01633709263186156,1.0382713909305141,1715943291.7718463,0.012380061182214326,0.001019463315466096,0.012642501652908351,1715943291.7918851,0.017824160030547095,0.0036491565091438805,0.013388378405042846,1715943291.7418797,-0.000316337598524008,-0.015388788340320536,-2.436286569088663
1715943287.021381,0.0,0.0,0.0,1715943287.1913843,0.0,0.0,0.0,1715943287.1714375,-0.0005828479653255947,-0.015928481232769798,1.0384606344562286,1715943291.781832,0.003127863304886614,0.009370428563502564,0.01956842146532449,1715943291.8018897,0.0102435338697642,0.006860767450063809,0.00042863277034893305,1715943291.7519047,0.0017086997185171704,-0.014996749931854847,-2.436294516820284
1715943287.0314567,0.0,0.0,0.0,1715943287.2013628,0.0,0.0,0.0,1715943287.181397,0.0009933751557344994,-0.014487718767716373,1.0386276882912153,1715943291.7918851,0.017824160030547095,0.0036491565091438805,0.013388378405042846,1715943291.811876,0.006184489699323965,0.01460059723648266,0.013066473677181254,1715943291.7618325,-0.00016019058671390418,-0.013879719507724042,-2.436514634556171
1715943287.0413208,0.0,0.0,0.0,1715943287.2114825,0.0,0.0,0.0,1715943287.1913843,0.0017841972983774212,-0.01254748314356835,1.0388361146053622,1715943291.8018897,0.0102435338697642,0.006860767450063809,0.00042863277034893305,1715943291.8219085,0.00529006934667158,0.017825340595198025,0.011166577274627594,1715943291.7718463,-0.0015987664788852385,-0.013690850858497194,-2.4364869340131925
1715943287.0513415,0.0,0.0,0.0,1715943287.2213457,0.0,0.0,0.0,1715943287.2013628,0.0005177490766259396,-0.011517982579513752,1.0390026403105947,1715943291.811876,0.006184489699323965,0.01460059723648266,0.013066473677181254,1715943291.8318946,0.019094303781874655,0.01153842074858269,0.0025581348291229215,1715943291.781832,9.428079451390126e-05,-0.012527643096203134,-2.4366003843529516
1715943287.1313782,0.0,0.0,0.0,1715943287.231359,0.0,0.0,0.0,1715943287.2114825,0.0006771319378098273,-0.009657014104629047,1.039195201957399,1715943291.8219085,0.00529006934667158,0.017825340595198025,0.011166577274627594,1715943291.8619123,0.001993216784591817,0.00785435765205178,0.007757146142959923,1715943291.7918851,0.0008388829591348124,-0.010840374144676534,-2.436788545677267
1715943287.1413271,0.0,0.0,0.0,1715943287.2413602,0.0,0.0,0.0,1715943287.2213457,0.0003827046398650058,-0.007926048965440469,1.0393388716598186,1715943291.8318946,0.019094303781874655,0.01153842074858269,0.0025581348291229215,1715943291.8718538,0.0068388112819066675,0.004468700046943219,0.0025603004983877015,1715943291.8018897,0.003615472040569001,-0.0106483340582737,-2.436885699959822
1715943287.1513543,0.0,0.0,0.0,1715943287.25137,0.0,0.0,0.0,1715943287.231359,0.0025657229366633505,-0.008259892990029938,1.0394186123842348,1715943291.8619123,0.001993216784591817,0.00785435765205178,0.007757146142959923,1715943291.881977,0.002835679314316771,0.009352536618065121,0.006248166485092594,1715943291.811876,0.005787351605498037,-0.010342737082198017,-2.4370962777446215
1715943287.161438,0.0,0.0,0.0,1715943287.2614794,0.0,0.0,0.0,1715943287.2413602,0.001222477448342918,-0.007413224661694029,1.0395491758349138,1715943291.8718538,0.0068388112819066675,0.004468700046943219,0.0025603004983877015,1715943291.89183,0.015206280729933346,0.010424937628975561,0.017953622473758382,1715943291.8219085,0.003893665044480521,-0.010856854974824914,-2.4372531341645427
1715943287.1714375,0.0,0.0,0.0,1715943287.2713554,0.0,0.0,0.0,1715943287.25137,0.00016985514052236805,-0.006371288996868563,1.0396730017451716,1715943291.881977,0.002835679314316771,0.009352536618065121,0.006248166485092594,1715943291.9118521,0.01092714278489593,0.008403222134793387,0.011539620028464384,1715943291.8318946,0.002847136334187317,-0.010333279462209521,-2.4373213676966587
1715943287.181397,0.0,0.0,0.0,1715943287.2814283,0.0,0.0,0.0,1715943287.2614794,0.0011058745862698727,-0.004823600578915954,1.0397759193294753,1715943291.89183,0.015206280729933346,0.010424937628975561,0.017953622473758382,1715943291.921894,0.014448341824557296,0.004812078612112636,0.009210281630223268,1715943291.8619123,-0.000771457282309429,-0.007752319795040652,-2.4377306770036826
1715943287.1913843,0.0,0.0,0.0,1715943287.2914093,0.0,0.0,0.0,1715943287.2713554,0.003273332840078247,-0.00494527056921279,1.0399001040742384,1715943291.9118521,0.01092714278489593,0.008403222134793387,0.011539620028464384,1715943291.9319324,0.006421072929226763,0.01770519446586416,0.010810305767461366,1715943291.8718538,0.001353731760902921,-0.008297825829971295,-2.4378176268651734
1715943287.2013628,0.0,0.0,0.0,1715943287.301373,0.0,0.0,0.0,1715943287.2814283,0.0022681514166977834,-0.006394786405853781,1.0400971610516794,1715943291.921894,0.014448341824557296,0.004812078612112636,0.009210281630223268,1715943291.9418786,0.004295498931573167,0.002498855598980665,0.00035882968964296574,1715943291.881977,-0.0014071327468678785,-0.008960064171691817,-2.4378446811177366
1715943287.2114825,0.0,0.0,0.0,1715943287.311582,0.0,0.0,0.0,1715943287.2914093,0.0006727888104982593,-0.007002057369661863,1.0402531698994417,1715943291.9319324,0.006421072929226763,0.01770519446586416,0.010810305767461366,1715943291.9518995,0.010944223411068222,0.0015783119802323942,0.008171193247517342,1715943291.89183,-0.0028307416947339625,-0.010007728465417864,-2.437806627615086
1715943287.2213457,0.0,0.0,0.0,1715943287.3213456,0.0,0.0,0.0,1715943287.301373,-0.0009943115567681016,-0.0081896664179959,1.0403389588294014,1715943291.9418786,0.004295498931573167,0.002498855598980665,0.00035882968964296574,1715943291.961938,0.015345931429850062,0.01701711225118463,0.005414839524108278,1715943291.9118521,-0.005730695030870425,-0.014270348504596075,-2.43795218488152
1715943287.231359,0.0,0.0,0.0,1715943287.331503,0.0,0.0,0.0,1715943287.311582,0.0012779341704558522,-0.00791163850485499,1.040350280132933,1715943291.9518995,0.010944223411068222,0.0015783119802323942,0.008171193247517342,1715943291.9718559,0.01994900189817246,0.009819027466652308,0.01869987356812544,1715943291.921894,-0.0037698468865228207,-0.01541339548830356,-2.4379680756964532
1715943287.2413602,0.0,0.0,0.0,1715943287.3413522,0.0,0.0,0.0,1715943287.3213456,0.0005044928468191934,-0.006646381051401473,1.040446969646039,1715943291.961938,0.015345931429850062,0.01701711225118463,0.005414839524108278,1715943291.9821935,0.008264745486700096,0.014271238895649185,0.015400910106801615,1715943291.9319324,-0.0015547907069648481,-0.015261281501836477,-2.4379802572920064
1715943287.25137,0.0,0.0,0.0,1715943287.351447,0.0,0.0,0.0,1715943287.331503,-0.0009245728786957397,-0.005918849846263674,1.040514994564337,1715943291.9718559,0.01994900189817246,0.009819027466652308,0.01869987356812544,1715943291.9918602,0.00947664634898202,0.018812159390838135,0.004960999670993199,1715943291.9418786,0.00026204943742591524,-0.015302701282318587,-2.4380852382986644
1715943287.2614794,0.0,0.0,0.0,1715943287.3615654,0.0,0.0,0.0,1715943287.3413522,0.0009304830278343834,-0.00541915794944714,1.0405902122924955,1715943291.9821935,0.008264745486700096,0.014271238895649185,0.015400910106801615,1715943292.0019526,0.011633440396911575,0.019297636161123677,0.010559313108259506,1715943291.9518995,-0.0012929198748701243,-0.014746765001484308,-2.438067262648861
1715943287.2713554,0.0,0.0,0.0,1715943287.3713636,0.0,0.0,0.0,1715943287.351447,0.0035807260796195672,-0.0054521365668613875,1.0407228712282364,1715943291.9918602,0.00947664634898202,0.018812159390838135,0.004960999670993199,1715943292.0118535,0.0190185624068913,0.007041114819434924,0.007679136123019716,1715943291.961938,-0.0030002661907655437,-0.013857233873914465,-2.437976369286139
1715943287.2814283,0.0,0.0,0.0,1715943287.3813999,0.0,0.0,0.0,1715943287.3615654,0.002023716834006817,-0.005317295622086826,1.040788764982239,1715943292.0019526,0.011633440396911575,0.019297636161123677,0.010559313108259506,1715943292.0219555,0.01846555991344052,0.015770235079677564,0.004361833991944546,1715943291.9718559,-0.0023916320656764967,-0.012155205799793789,-2.4381185901516917
1715943287.2914093,0.0,0.0,0.0,1715943287.3919723,0.0,0.0,0.0,1715943287.3713636,0.0035148799592029656,-0.006148142261877654,1.0409186302903253,1715943292.0118535,0.0190185624068913,0.007041114819434924,0.007679136123019716,1715943292.0320017,0.01351605791145474,0.01732294820002145,0.010128214682221873,1715943291.9821935,0.00012153040103823898,-0.011959106290156951,-2.4382748671435346
1715943287.301373,0.0,0.0,0.0,1715943287.4013958,0.0,0.0,0.0,1715943287.3813999,0.005589522348442566,-0.007317346912210088,1.0409847152440925,1715943292.0219555,0.01846555991344052,0.015770235079677564,0.004361833991944546,1715943292.0419245,0.010950018839985254,0.01172457599048915,0.013997662406593107,1715943291.9918602,0.0018628475590476423,-0.011992691012439272,-2.438402046959757
1715943287.311582,0.0,0.0,0.0,1715943287.561414,0.0,0.0,0.0,1715943287.3919723,0.005062080429275584,-0.009320785777779061,1.041116714959636,1715943292.0320017,0.01351605791145474,0.01732294820002145,0.010128214682221873,1715943292.0519736,0.01857795102736615,0.0105226784722392,0.004205367851584309,1715943292.0019526,0.00016054071110849222,-0.011621689017742298,-2.4385164985233
1715943287.3213456,0.0,0.0,0.0,1715943287.571416,0.0,0.0,0.0,1715943287.4013958,0.005713180355385816,-0.007617442907935867,1.0411554615582896,1715943292.0419245,0.010950018839985254,0.01172457599048915,0.013997662406593107,1715943292.0618699,0.0018569041921191426,0.008363548572905222,0.0007527713106220075,1715943292.0118535,-0.0013998236927019736,-0.0118158836765625,-2.43869209180939
1715943287.331503,0.0,0.0,0.0,1715943287.5814307,0.0,0.0,0.0,1715943287.561414,0.006881537731856402,-0.01093019069422052,1.042330237932302,1715943292.0519736,0.01857795102736615,0.0105226784722392,0.004205367851584309,1715943292.0719016,0.019840974329681627,0.015281023309017927,0.006573398215133452,1715943292.0219555,-0.0026943589719916616,-0.010502938178153842,-2.438795770750727
1715943287.3413522,0.0,0.0,0.0,1715943287.5914114,0.0,0.0,0.0,1715943287.571416,0.007716965088725103,-0.009456961351276938,1.0423632103192761,1715943292.0618699,0.0018569041921191426,0.008363548572905222,0.0007527713106220075,1715943292.0819938,0.005907526664779573,0.0002872244327378759,0.009394381115568787,1715943292.0320017,-0.004195624513923191,-0.009750891631082448,-2.4389029667494224
1715943287.351447,0.0,0.0,0.0,1715943287.6014261,0.0,0.0,0.0,1715943287.5814307,0.009154359454970451,-0.00988211537255812,1.0423561775876906,1715943292.0719016,0.019840974329681627,0.015281023309017927,0.006573398215133452,1715943292.0918856,0.0016669175069662422,0.01809880853061041,0.002883983866985201,1715943292.0419245,-0.002840820052696147,-0.008601848653477129,-2.439055263376427
1715943287.3615654,0.0,0.0,0.0,1715943287.6115482,0.0,0.0,0.0,1715943287.5914114,0.010568358439289605,-0.01105784410311883,1.0423047377747752,1715943292.0819938,0.005907526664779573,0.0002872244327378759,0.009394381115568787,1715943292.1018856,0.010652492414716287,0.007214325193853899,0.010568917621055681,1715943292.0519736,-0.0009159531242752816,-0.008452798308058895,-2.4392859058288128
1715943287.3713636,0.0,0.0,0.0,1715943287.6214323,0.0,0.0,0.0,1715943287.6014261,0.008701792198871572,-0.01149887725207277,1.0422668649419324,1715943292.0918856,0.0016669175069662422,0.01809880853061041,0.002883983866985201,1715943292.1118515,0.008764450920935833,0.019239498195812388,0.009080951509480685,1715943292.0618699,0.0013442847415772174,-0.008988472013308435,-2.4395300987897652
1715943287.3813999,0.0,0.0,0.0,1715943287.631428,0.0,0.0,0.0,1715943287.6115482,0.00648032840716295,-0.011398430034007534,1.0423209420070023,1715943292.1018856,0.010652492414716287,0.007214325193853899,0.010568917621055681,1715943292.121875,0.00614265252652982,0.007289022208133433,0.008129662931779197,1715943292.0719016,0.002882749133006568,-0.010510640985651243,-2.43977905448462
1715943287.3919723,0.0,0.0,0.0,1715943287.6413949,0.0,0.0,0.0,1715943287.6214323,0.005504836225302068,-0.009737467017531864,1.04238397350087,1715943292.1118515,0.008764450920935833,0.019239498195812388,0.009080951509480685,1715943292.1319401,0.019304058797748366,0.004557757330489576,0.014418302467348409,1715943292.0819938,0.000991396411310408,-0.011442727948399734,-2.4399532450405927
1715943287.4013958,0.0,0.0,0.0,1715943287.6514328,0.0,0.0,0.0,1715943287.631428,0.005587667132793128,-0.007845530528831635,1.0425005204454894,1715943292.121875,0.00614265252652982,0.007289022208133433,0.008129662931779197,1715943292.26185,0.009774548927585948,0.015136802466123367,0.015821580307757533,1715943292.0918856,0.0034371418473606585,-0.012857233925037903,-2.4400474522961373
1715943287.561414,0.0,0.0,0.0,1715943287.6615868,0.0,0.0,0.0,1715943287.6413949,0.003922476019009968,-0.007010791360063218,1.042620078001682,1715943292.1319401,0.019304058797748366,0.004557757330489576,0.014418302467348409,1715943292.2719588,0.01966525097728418,0.00877144410121633,0.0051484260058116006,1715943292.1018856,0.005190876129382405,-0.014314641443876841,-2.4402591025731297
1715943287.571416,0.0,0.0,0.0,1715943287.6714098,0.0,0.0,0.0,1715943287.6514328,0.00205515253450117,-0.006466190153146645,1.0427930779657635,1715943292.1419656,0.011571186439361692,0.009195317559242078,0.014458020822351212,1715943292.2819521,0.00019866663545664272,0.012201159548531182,0.006581822527236537,1715943292.1118515,0.0033793743141228294,-0.015493635897803948,-2.4405359758588325
1715943287.5814307,0.0,0.0,0.0,1715943287.6815307,0.0,0.0,0.0,1715943287.6615868,8.645758468284193e-05,-0.006963707621969073,1.042926444521126,1715943292.26185,0.009774548927585948,0.015136802466123367,0.015821580307757533,1715943292.2918816,0.012424117235452383,0.013800758760162068,0.0042711700633009855,1715943292.121875,0.002034031572310635,-0.015938621079512716,-2.4407228512811727
1715943287.5914114,0.0,0.0,0.0,1715943287.6914418,0.0,0.0,0.0,1715943287.6714098,-0.0016204789150242593,-0.0075630730616191855,1.0430568336485724,1715943292.2719588,0.01966525097728418,0.00877144410121633,0.0051484260058116006,1715943292.3019502,0.019176987330042552,0.005913082427845717,0.004105212483780412,1715943292.1319401,0.00423987858900543,-0.016178648264314477,-2.4411390344937987
1715943287.6014261,0.0,0.0,0.0,1715943287.7014215,0.0,0.0,0.0,1715943287.6815307,-0.0032536912117308026,-0.008112115745167792,1.0432155332177353,1715943292.2819521,0.00019866663545664272,0.012201159548531182,0.006581822527236537,1715943292.3118653,0.013243025859270828,0.018422183022916316,0.009392725732640017,1715943292.26185,0.0018247512427533863,-0.011284162897491345,-2.4437829124327397
1715943287.6115482,0.0,0.0,0.0,1715943287.711629,0.0,0.0,0.0,1715943287.6914418,-0.00113234340746049,-0.00842053618911831,1.0432789342751887,1715943292.2918816,0.012424117235452383,0.013800758760162068,0.0042711700633009855,1715943292.3219154,0.016199502839103586,0.01938264072349294,0.0010449606392858302,1715943292.2719588,0.004265994919691485,-0.01154465711787278,-2.4441761176525567
1715943287.6214323,0.0,0.0,0.0,1715943287.7213886,0.0,0.0,0.0,1715943287.7014215,0.0010398930733177547,-0.00937430981914944,1.0433314834605272,1715943292.3019502,0.019176987330042552,0.005913082427845717,0.004105212483780412,1715943292.331875,0.010485009667321948,0.006840020804564029,0.014648428815602,1715943292.2819521,0.002475281413403918,-0.012263667945778822,-2.444518544955966
1715943287.631428,0.0,0.0,0.0,1715943287.7314248,0.0,0.0,0.0,1715943287.711629,0.0025716109773658014,-0.011206888787565816,1.0434851228267163,1715943292.3118653,0.013243025859270828,0.018422183022916316,0.009392725732640017,1715943292.3418972,0.01928635728601844,0.011326559213800103,0.011912086287796709,1715943292.2918816,0.001079490405764938,-0.011794947904849362,-2.444736561216857
1715943287.6413949,0.0,0.0,0.0,1715943287.741431,0.0,0.0,0.0,1715943287.7213886,0.002427813541742374,-0.013226611320345638,1.0436571244926205,1715943292.3219154,0.016199502839103586,0.01938264072349294,0.0010449606392858302,1715943292.351943,0.01727247328785597,0.012664773785289407,0.0061936624312812685,1715943292.3019502,-0.0004114618839936579,-0.010494265464037866,-2.4449534374036173
1715943287.6514328,0.0,0.0,0.0,1715943287.7514176,0.0,0.0,0.0,1715943287.7314248,0.003500492211726658,-0.015087274945246198,1.043775657290317,1715943292.331875,0.010485009667321948,0.006840020804564029,0.014648428815602,1715943292.3618844,0.0042267599325165215,0.015930677578455343,0.019193156553254764,1715943292.3118653,-0.0028050801039323225,-0.009858011576652226,-2.445156248592424
1715943287.6615868,0.0,0.0,0.0,1715943287.7615495,0.0,0.0,0.0,1715943287.741431,0.0025470968384939674,-0.016695540158105482,1.0438706593990212,1715943292.3418972,0.01928635728601844,0.011326559213800103,0.011912086287796709,1715943292.3719804,0.0067945682094815284,0.011134228701888294,0.0017020833558392592,1715943292.3219154,-0.0037264054673595837,-0.008838636084621099,-2.445305851798106
1715943287.6714098,0.0,0.0,0.0,1715943287.7714303,0.0,0.0,0.0,1715943287.7514176,0.0008108375213412566,-0.017599476089964705,1.0439643225025002,1715943292.351943,0.01727247328785597,0.012664773785289407,0.0061936624312812685,1715943292.3819818,0.013168566273408273,0.0014623103965285544,0.010203616107225923,1715943292.331875,-0.001492002797866876,-0.008841409571019865,-2.4452863479932487
1715943287.6815307,0.0,0.0,0.0,1715943287.7814605,0.0,0.0,0.0,1715943287.7615495,0.002434595881122603,-0.016434368608608585,1.0440111972186719,1715943292.3618844,0.0042267599325165215,0.015930677578455343,0.019193156553254764,1715943292.3919127,0.01064786301072376,0.0077469411731097,0.01810337903481307,1715943292.3418972,-0.0003917773522073009,-0.009538483056049207,-2.4453695988056383
1715943287.6914418,0.0,0.0,0.0,1715943287.7914999,0.0,0.0,0.0,1715943287.7714303,0.004604373323403799,-0.016058623189062038,1.0439981590400258,1715943292.3719804,0.0067945682094815284,0.011134228701888294,0.0017020833558392592,1715943292.4019718,0.013077523821937082,0.0040021707950728125,0.00011670344612665917,1715943292.351943,-0.002259669978665668,-0.01010262072649315,-2.4454386955643512
1715943287.7014215,0.0,0.0,0.0,1715943287.8014069,0.0,0.0,0.0,1715943287.7814605,0.0028625031489730723,-0.015760539141470797,1.0440510362560849,1715943292.3819818,0.013168566273408273,0.0014623103965285544,0.010203616107225923,1715943292.4119747,0.01845046996762094,0.010203092547848902,0.0013343647177753732,1715943292.3618844,0.0003718161199699477,-0.0097732410763689,-2.445480819564418
1715943287.711629,0.0,0.0,0.0,1715943287.8114712,0.0,0.0,0.0,1715943287.7914999,0.0009962974526709356,-0.015925546132943502,1.0441896000042068,1715943292.3919127,0.01064786301072376,0.0077469411731097,0.01810337903481307,1715943292.4219232,0.01951563536552472,0.016380769171370435,0.018141174851427206,1715943292.3719804,0.0019824371524872486,-0.010470801297773669,-2.445493107800343
1715943287.7213886,0.0,0.0,0.0,1715943287.8214107,0.0,0.0,0.0,1715943287.8014069,0.0023765477552069036,-0.01466464807322021,1.0442624166969916,1715943292.4019718,0.013077523821937082,0.0040021707950728125,0.00011670344612665917,1715943292.4323335,0.01159258097872532,0.0018285065801419975,0.010200363370258205,1715943292.3819818,0.003498848517387909,-0.00961298439327618,-2.4456441974478196
1715943287.7314248,0.0,0.0,0.0,1715943287.831429,0.0,0.0,0.0,1715943287.8114712,0.004509827524705745,-0.014095348117309836,1.044304621198572,1715943292.4119747,0.01845046996762094,0.010203092547848902,0.0013343647177753732,1715943292.4519525,0.008483292176482077,0.0008783828880001288,0.011786418174294244,1715943292.3919127,0.0059962410358107565,-0.010294028183542858,-2.445820846787524
1715943287.741431,0.0,0.0,0.0,1715943287.841409,0.0,0.0,0.0,1715943287.8214107,0.0028487041272300395,-0.014501611861483132,1.0443415344640097,1715943292.4219232,0.01951563536552472,0.016380769171370435,0.018141174851427206,1715943292.4620483,0.017172203952108916,0.015758383150958677,0.004150213001803604,1715943292.4019718,0.008236306941438176,-0.011114303272294901,-2.4460317819478776
1715943287.7514176,0.0,0.0,0.0,1715943287.8514187,0.0,0.0,0.0,1715943287.831429,0.003110999995763253,-0.012533670852447942,1.0443598803074465,1715943292.4323335,0.01159258097872532,0.0018285065801419975,0.010200363370258205,1715943292.4719741,0.015378569590041857,0.012708255946539015,0.0024421527017963003,1715943292.4119747,0.008595785082497365,-0.00935178054215835,-2.4462078301691146
1715943287.7615495,0.0,0.0,0.0,1715943287.87143,0.0,0.0,0.0,1715943287.841409,0.005285190171012921,-0.012264723430551516,1.0444017178956668,1715943292.4519525,0.008483292176482077,0.0008783828880001288,0.011786418174294244,1715943292.4819453,0.0006650137736696482,0.008723878043117361,0.01886425625910775,1715943292.4219232,0.0069032168522964454,-0.009694480120105986,-2.4464228326867343
1715943287.7714303,0.0,0.0,0.0,1715943287.8814669,0.0,0.0,0.0,1715943287.8514187,0.00548557148470008,-0.010311761430539468,1.0444826028884227,1715943292.4620483,0.017172203952108916,0.015758383150958677,0.004150213001803604,1715943292.4919004,0.018950499969609246,0.015633552076634416,0.003007976128645437,1715943292.4323335,0.009820640601622799,-0.009675292656734946,-2.4467610800615054
1715943287.7814605,0.0,0.0,0.0,1715943287.8914623,0.0,0.0,0.0,1715943287.87143,0.005093310816528973,-0.010151782680790644,1.044748695085565,1715943292.4719741,0.015378569590041857,0.012708255946539015,0.0024421527017963003,1715943292.5520046,0.0012552811079448584,0.003911640519109749,0.015386166890561964,1715943292.4519525,0.006409038870720973,-0.012360842129283345,-2.4472429405900624
1715943287.7914999,0.0,0.0,0.0,1715943287.90145,0.0,0.0,0.0,1715943287.8814669,0.006997399368265822,-0.010024074392231741,1.0447092693073965,1715943292.4819453,0.0006650137736696482,0.008723878043117361,0.01886425625910775,1715943292.5619838,0.009377710015678317,0.004406127215846656,0.018802746824202625,1715943292.4620483,0.00523933631752227,-0.013117425526664173,-2.4474506950952057
1715943287.8014069,0.0,0.0,0.0,1715943287.9114676,0.0,0.0,0.0,1715943287.8914623,0.008186380459261011,-0.009348887028566066,1.0446702173269207,1715943292.4919004,0.018950499969609246,0.015633552076634416,0.003007976128645437,1715943292.5719783,0.0176105473651649,0.008259897320681331,0.0005112623864379495,1715943292.4719741,0.003818593402378667,-0.013792473083956924,-2.447714919686095
1715943287.8114712,0.0,0.0,0.0,1715943287.9214504,0.0,0.0,0.0,1715943287.90145,0.009609091522272961,-0.008615347511140348,1.0445737567407725,1715943292.5520046,0.0012552811079448584,0.003911640519109749,0.015386166890561964,1715943292.5819879,0.006507029282004032,0.01313327421897692,0.00525156951695315,1715943292.4819453,0.0021537110066292,-0.01391537407147414,-2.447867912285112
1715943287.8214107,0.0,0.0,0.0,1715943287.931505,0.0,0.0,0.0,1715943287.9114676,0.007936482726064176,-0.008035650428911412,1.0444745875295631,1715943292.5619838,0.009377710015678317,0.004406127215846656,0.018802746824202625,1715943292.5919576,0.004186211614566148,0.0010120086274909568,0.0019424764049294897,1715943292.4919004,0.0009146573633258548,-0.014719942113083695,-2.4481135961004594
1715943287.831429,0.0,0.0,0.0,1715943287.9414535,0.0,0.0,0.0,1715943287.9214504,0.008745773272588298,-0.009569473676773743,1.0444438326865035,1715943292.5719783,0.0176105473651649,0.008259897320681331,0.0005112623864379495,1715943292.6019602,0.014339033619609578,0.008478991085647536,0.01792979884945816,1715943292.5520046,0.0029017185974160586,-0.01471816927737768,-2.4487930320822544
1715943287.841409,0.0,0.0,0.0,1715943287.9515445,0.0,0.0,0.0,1715943287.931505,0.01035515416845556,-0.009964297361479302,1.044471183070097,1715943292.5819879,0.006507029282004032,0.01313327421897692,0.00525156951695315,1715943292.6118987,0.004704042165232946,0.01783121216255812,0.0017927916140725332,1715943292.5619838,0.0039488959290954195,-0.01707802025767524,-2.4489573198013224
1715943287.8514187,0.0,0.0,0.0,1715943287.9619927,0.0,0.0,0.0,1715943287.9414535,0.009898007017615784,-0.01206498331914374,1.0445727051052607,1715943292.5919576,0.004186211614566148,0.0010120086274909568,0.0019424764049294897,1715943292.622002,0.007920406126123476,0.005528879378855267,0.012417514269997916,1715943292.5719783,0.0052230605999243895,-0.01910831051987638,-2.4492466394982815
1715943287.8614728,0.0,0.0,0.0,1715943287.9715428,0.0,0.0,0.0,1715943287.9515445,0.007479062342079512,-0.012668559007988911,1.0446974887731542,1715943292.6019602,0.014339033619609578,0.008478991085647536,0.01792979884945816,1715943292.6319146,0.013579116574756253,0.01717687285900049,0.008594395347407817,1715943292.5819879,0.004253483212466325,-0.02085160771787753,-2.4494596634478256
1715943287.87143,0.0,0.0,0.0,1715943287.9820056,0.0,0.0,0.0,1715943287.9619927,0.005157347544083923,-0.013648116245027486,1.0448764888540771,1715943292.6118987,0.004704042165232946,0.01783121216255812,0.0017927916140725332,1715943292.641938,0.0021791450150487543,0.006064507518007689,0.004151989410502033,1715943292.5919576,0.0032821557541813373,-0.01972821883777165,-2.4496355769475597
1715943287.8814669,0.0,0.0,0.0,1715943287.9915311,0.0,0.0,0.0,1715943287.9715428,0.0035404176409328247,-0.01372351178377862,1.0450800296532747,1715943292.622002,0.007920406126123476,0.005528879378855267,0.012417514269997916,1715943292.6519704,0.013179176988793215,0.012750462536912144,0.0016207876155753245,1715943292.6019602,0.004859367244371304,-0.01826319279927424,-2.4499602179977726
1715943287.8914623,0.0,0.0,0.0,1715943288.001463,0.0,0.0,0.0,1715943287.9820056,0.0015506155692617263,-0.013154742393416852,1.04528135620985,1715943292.6319146,0.013579116574756253,0.01717687285900049,0.008594395347407817,1715943292.6720114,0.007909806257804984,0.0028615910682057155,0.00762027905046715,1715943292.6118987,0.00689905548189218,-0.017759396994595056,-2.4501531727786867
1715943287.90145,0.0,0.0,0.0,1715943288.0114183,0.0,0.0,0.0,1715943287.9915311,0.002118885535861703,-0.011308816671021793,1.0454114752404506,1715943292.641938,0.0021791450150487543,0.006064507518007689,0.004151989410502033,1715943292.6819954,0.005691730245879325,0.005041269792064762,0.006532354924620454,1715943292.622002,0.005264478341809431,-0.01885937517077063,-2.450303951233132
1715943287.9114676,0.0,0.0,0.0,1715943288.021457,0.0,0.0,0.0,1715943288.001463,0.004045182946493697,-0.010193940526060041,1.0454844446116254,1715943292.6519704,0.013179176988793215,0.012750462536912144,0.0016207876155753245,1715943292.6919427,0.0021410518558011293,0.007123958300320421,0.018430282926324197,1715943292.6319146,0.005795809505717786,-0.021462869507953286,-2.450466143210404
1715943287.9214504,0.0,0.0,0.0,1715943288.0314534,0.0,0.0,0.0,1715943288.0114183,0.002399709280928808,-0.010507753459915392,1.0455786685929294,1715943292.6720114,0.007909806257804984,0.0028615910682057155,0.00762027905046715,1715943292.7119355,0.013247536383109843,0.000711968641430305,0.002371517595008278,1715943292.641938,0.005911676235301977,-0.02418522669303247,-2.450614123002998
1715943287.931505,0.0,0.0,0.0,1715943288.0414276,0.0,0.0,0.0,1715943288.021457,0.0005533403927456826,-0.011686722329831145,1.0457096860779806,1715943292.6819954,0.005691730245879325,0.005041269792064762,0.006532354924620454,1715943292.7219834,0.004129554909696257,0.005394398987411897,0.006134685871066214,1715943292.6519704,0.004793224321606004,-0.02630836575335027,-2.450594844885566
1715943287.9414535,0.0,0.0,0.0,1715943288.0514557,0.0,0.0,0.0,1715943288.0314534,0.002454051747002195,-0.0129380902649332,1.0457348756841052,1715943292.6919427,0.0021410518558011293,0.007123958300320421,0.018430282926324197,1715943292.7319424,0.005519234593438855,0.010107829740666707,0.0007705392297783459,1715943292.6720114,0.0077721380146928976,-0.030994141805620767,-2.451275510948884
1715943287.9515445,0.0,0.0,0.0,1715943288.0614617,0.0,0.0,0.0,1715943288.0414276,0.0034727126949314346,-0.01490311987517301,1.0457921692354395,1715943292.7119355,0.013247536383109843,0.000711968641430305,0.002371517595008278,1715943292.7419639,0.008742570298297767,0.004117838335089052,0.00400224833712389,1715943292.6819954,0.006428485686907237,-0.03271017905491469,-2.451407757665007
1715943287.9619927,0.0,0.0,0.0,1715943288.0714853,0.0,0.0,0.0,1715943288.0514557,0.005135313918291029,-0.0162599835202355,1.0459562167225107,1715943292.7219834,0.004129554909696257,0.005394398987411897,0.006134685871066214,1715943292.7520053,0.01258423068378021,0.014723048911935654,0.012906046956233068,1715943292.6919427,0.005167194943385578,-0.03345733019886854,-2.4516457989627822
1715943287.9715428,0.0,0.0,0.0,1715943288.0814621,0.0,0.0,0.0,1715943288.0614617,0.007107589700215522,-0.016842403689187213,1.0460857415336449,1715943292.7319424,0.005519234593438855,0.010107829740666707,0.0007705392297783459,1715943292.7619994,0.005337349570013803,0.007574763382622418,0.009312699784228587,1715943292.7119355,0.002012088951643287,-0.03125742118376218,-2.451711832352811
1715943287.9820056,0.0,0.0,0.0,1715943288.0915318,0.0,0.0,0.0,1715943288.0714853,0.009254960316871896,-0.01725437038563804,1.04624814259004,1715943292.7419639,0.008742570298297767,0.004117838335089052,0.00400224833712389,1715943292.772002,0.005051861382505216,0.0051824124214019385,0.0038636304732236025,1715943292.7219834,-2.1102969734787536e-05,-0.031142440105849767,-2.451820048405642
1715943287.9915311,0.0,0.0,0.0,1715943288.1015143,0.0,0.0,0.0,1715943288.0814621,0.007272528189631089,-0.017401248471868636,1.046389211052156,1715943292.7520053,0.01258423068378021,0.014723048911935654,0.012906046956233068,1715943292.7821324,0.01806538045216948,0.000547206277229817,0.010368662930695152,1715943292.7319424,-0.001608286724772201,-0.030332413577150774,-2.45189039069151
1715943288.001463,0.0,0.0,0.0,1715943288.1114926,0.0,0.0,0.0,1715943288.0915318,0.008683937803430908,-0.01846974025522008,1.046496019383558,1715943292.7619994,0.005337349570013803,0.007574763382622418,0.009312699784228587,1715943292.7919474,0.003578847370733552,0.0006732116900081131,0.010386305849049132,1715943292.7419639,4.029894748369678e-05,-0.02880469011515774,-2.4519510502260697
1715943288.0114183,0.0,0.0,0.0,1715943288.121484,0.0,0.0,0.0,1715943288.1015143,0.008470830461129397,-0.016415686555620645,1.0465457393723405,1715943292.772002,0.005051861382505216,0.0051824124214019385,0.0038636304732236025,1715943292.8020349,0.013708955845122568,0.0040687939503705195,0.005428383348055024,1715943292.7520053,-0.0012748070206203277,-0.027299207558355798,-2.4520508163468984
1715943288.021457,0.0,0.0,0.0,1715943288.1315649,0.0,0.0,0.0,1715943288.1114926,0.007041702549938966,-0.01529945014513534,1.0466013797226166,1715943292.7821324,0.01806538045216948,0.000547206277229817,0.010368662930695152,1715943292.8119526,0.008349620259301442,0.00985472699257195,0.0067534968735940715,1715943292.7619994,-0.0024189592943855143,-0.025955348216472718,-2.4521555424373096
1715943288.0314534,0.0,0.0,0.0,1715943288.141485,0.0,0.0,0.0,1715943288.121484,0.006149918577709634,-0.013485334218397593,1.0466053306880327,1715943292.7919474,0.003578847370733552,0.0006732116900081131,0.010386305849049132,1715943292.821962,0.008450537097536268,0.002582546963933785,0.001558680525800907,1715943292.772002,0.00011396537024599418,-0.025762405470264094,-2.452361403687677
1715943288.0414276,0.0,0.0,0.0,1715943288.3214722,0.0,0.0,0.0,1715943288.1315649,0.007542376782117777,-0.012212281479613507,1.0465638049587356,1715943292.8020349,0.013708955845122568,0.0040687939503705195,0.005428383348055024,1715943292.8319669,0.002923154234814901,0.014336865333735904,0.01869252678852944,1715943292.7821324,0.002308371396065656,-0.025947323898909413,-2.452557690709742
1715943288.0514557,0.0,0.0,0.0,1715943288.3315794,0.0,0.0,0.0,1715943288.141485,0.007829135247119257,-0.010486522734098891,1.0465417851564762,1715943292.8119526,0.008349620259301442,0.00985472699257195,0.0067534968735940715,1715943292.8420188,0.015783438154756323,0.018039709141668858,0.017920828314599,1715943292.7919474,0.0014964435108257845,-0.024193745300125746,-2.4526984621291863
1715943288.0614617,0.0,0.0,0.0,1715943288.3415701,0.0,0.0,0.0,1715943288.3214722,0.0030749643287814044,-0.011262166735214851,1.048178854677805,1715943292.821962,0.008450537097536268,0.002582546963933785,0.001558680525800907,1715943292.8521547,0.014147151739031097,0.0008146586575192849,0.007976846457297529,1715943292.8020349,0.001087932980060824,-0.022448009027251192,-2.452900336329474
1715943288.0714853,0.0,0.0,0.0,1715943288.3514845,0.0,0.0,0.0,1715943288.3315794,0.0011285229390796125,-0.010942058543235378,1.0482632574845772,1715943292.8319669,0.002923154234814901,0.014336865333735904,0.01869252678852944,1715943292.8619828,0.019508193199021542,0.0009775153519608892,0.012829924546033463,1715943292.8119526,0.003250465413501491,-0.021541411006534394,-2.4530986771125787
1715943288.0814621,0.0,0.0,0.0,1715943288.3616257,0.0,0.0,0.0,1715943288.3415701,0.0016216022998688517,-0.009169845188295112,1.0482826538056869,1715943292.8420188,0.015783438154756323,0.018039709141668858,0.017920828314599,1715943292.8720298,0.017056182963904088,0.006419381261812962,0.004221326951278537,1715943292.821962,0.004719351438621677,-0.020230318610222398,-2.453393411287851
1715943288.0915318,0.0,0.0,0.0,1715943288.3714724,0.0,0.0,0.0,1715943288.3514845,0.0038368231297284394,-0.008885109264344049,1.0482611437542335,1715943292.8521547,0.014147151739031097,0.0008146586575192849,0.007976846457297529,1715943292.8819582,0.01815911315483351,0.01810295722128341,0.007234393048556749,1715943292.8319669,0.0028677618402392913,-0.019718704935209663,-2.4535466908699908
1715943288.1015143,0.0,0.0,0.0,1715943288.3815143,0.0,0.0,0.0,1715943288.3616257,0.0024241483817779574,-0.008075668063424413,1.0483397322324308,1715943292.8619828,0.019508193199021542,0.0009775153519608892,0.012829924546033463,1715943292.8919733,0.007928658619794325,0.014729251085074724,0.016164295302256892,1715943292.8420188,0.0011028183770398492,-0.019218632929391744,-2.4536554298797335
1715943288.1114926,0.0,0.0,0.0,1715943288.3915699,0.0,0.0,0.0,1715943288.3714724,0.0022085391434598645,-0.010367328795583663,1.0484293961345832,1715943292.8720298,0.017056182963904088,0.006419381261812962,0.004221326951278537,1715943292.9021027,0.013952219172324861,0.008451472211985278,0.008367146526166307,1715943292.8521547,-0.0002110548264826484,-0.018026213320443185,-2.4536497951725935
1715943288.121484,0.0,0.0,0.0,1715943288.4014919,0.0,0.0,0.0,1715943288.3815143,0.004099825121316125,-0.011466158559471529,1.0484945817558242,1715943292.8819582,0.01815911315483351,0.01810295722128341,0.007234393048556749,1715943292.911958,0.018569087813968425,0.007994140046339027,0.008508947892729993,1715943292.8619828,-0.001523983023558273,-0.01681756756620989,-2.453651963091586
1715943288.1315649,0.0,0.0,0.0,1715943288.4116778,0.0,0.0,0.0,1715943288.3915699,0.004225622871046664,-0.013698130962747523,1.0485257918936248,1715943292.8919733,0.007928658619794325,0.014729251085074724,0.016164295302256892,1715943292.9220803,0.003042540720907067,0.0020402089573312576,0.002766676123851727,1715943292.8720298,-0.0016838523566182761,-0.015249438493029732,-2.453726911595255
1715943288.141485,0.0,0.0,0.0,1715943288.4215276,0.0,0.0,0.0,1715943288.4014919,0.002494956039683638,-0.014811599545019094,1.0486426710822987,1715943292.9021027,0.013952219172324861,0.008451472211985278,0.008367146526166307,1715943292.9319344,0.015394890894892056,0.011218386187138885,0.014670035309148519,1715943292.8819582,-0.003266451732300224,-0.014181950288778111,-2.4538249768343023
1715943288.1515458,0.0,0.0,0.0,1715943288.4314985,0.0,0.0,0.0,1715943288.4116778,0.0007517369348719605,-0.01605201041770954,1.0486847820421226,1715943292.911958,0.018569087813968425,0.007994140046339027,0.008508947892729993,1715943292.94199,0.015996840223013824,0.009912580552003725,0.006121760971155306,1715943292.8919733,-0.005428106470265703,-0.014111301639262885,-2.4538602215173424
1715943288.3214722,0.0,0.0,0.0,1715943288.4414616,0.0,0.0,0.0,1715943288.4215276,0.001626819370439181,-0.01812907946361797,1.048778695372571,1715943292.9220803,0.003042540720907067,0.0020402089573312576,0.002766676123851727,1715943292.9520035,0.011454040296523485,0.010877629453583726,0.004981800062939048,1715943292.9021027,-0.004021483979056439,-0.0125916290985153,-2.4540769855754014
1715943288.3315794,0.0,0.0,0.0,1715943288.5115926,0.0,0.0,0.0,1715943288.4314985,0.003586330367787216,-0.01865956700025495,1.048782838650695,1715943292.9319344,0.015394890894892056,0.011218386187138885,0.014670035309148519,1715943293.102027,0.004545533645337179,0.003386298953035549,0.01966254307035134,1715943292.911958,-0.002118007533653765,-0.013024458263193095,-2.4541122433382005
1715943288.3415701,0.0,0.0,0.0,1715943288.5215025,0.0,0.0,0.0,1715943288.4414616,0.0037882911728673863,-0.02086897210480365,1.0488743407839363,1715943292.94199,0.015996840223013824,0.009912580552003725,0.006121760971155306,1715943293.111963,0.01511220413830657,0.01793236290218614,0.007210659261035453,1715943292.9220803,-0.0006582213228962797,-0.014441269372345245,-2.4543065901528998
1715943288.3514845,0.0,0.0,0.0,1715943288.5315928,0.0,0.0,0.0,1715943288.5115926,0.001869002886642157,-0.024580009198471142,1.0495089472852765,1715943292.9520035,0.011454040296523485,0.010877629453583726,0.004981800062939048,1715943293.121993,0.01578515114762189,0.00969940046063722,0.006801783539029646,1715943292.9319344,0.0016138664243416923,-0.015150080680907951,-2.454525412234494
1715943288.3616257,0.0,0.0,0.0,1715943288.541464,0.0,0.0,0.0,1715943288.5215025,0.00420868864959989,-0.02492467640457674,1.0496491248240924,1715943293.102027,0.004545533645337179,0.003386298953035549,0.01966254307035134,1715943293.1319983,0.0084124127632247,0.016822845552439958,0.0019611044320530673,1715943292.94199,0.0037210694962710456,-0.016209262318300333,-2.4547047014439456
1715943288.3714724,0.0,0.0,0.0,1715943288.5515952,0.0,0.0,0.0,1715943288.5315928,0.0024526523027096347,-0.024598949261780856,1.0498537437382955,1715943293.111963,0.01511220413830657,0.01793236290218614,0.007210659261035453,1715943293.1419964,0.014905566755128772,0.01107498908001836,0.005588504625609529,1715943292.9520035,0.005664144045868902,-0.016235510394537522,-2.454978918867886
1715943288.3815143,0.0,0.0,0.0,1715943288.5616748,0.0,0.0,0.0,1715943288.541464,0.0007274432429476008,-0.024182655285108323,1.0500052723780984,1715943293.121993,0.01578515114762189,0.00969940046063722,0.006801783539029646,1715943293.1520503,0.014765871018677636,0.00464050958076867,0.004311399016117219,1715943293.102027,0.001776813738400218,-0.020239521343573763,-2.4563023752525805
1715943288.3915699,0.0,0.0,0.0,1715943288.5715933,0.0,0.0,0.0,1715943288.5515952,-0.0011016553380820415,-0.024576820657597143,1.0501897648348049,1715943293.1319983,0.0084124127632247,0.016822845552439958,0.0019611044320530673,1715943293.1620238,0.01973175100491135,0.014268443192307467,0.008724554230578847,1715943293.111963,0.002323485020418792,-0.01789739024141923,-2.4564168817024212
1715943288.4014919,0.0,0.0,0.0,1715943288.5815473,0.0,0.0,0.0,1715943288.5616748,0.00018418917380347288,-0.02277024301791486,1.0502880317414562,1715943293.1419964,0.014905566755128772,0.01107498908001836,0.005588504625609529,1715943293.171987,0.006199603246023994,0.004922523424155223,0.01614850763392862,1715943293.121993,0.0019017067582771663,-0.01612534650004105,-2.4565857170564085
1715943288.4116778,0.0,0.0,0.0,1715943288.5915427,0.0,0.0,0.0,1715943288.5715933,0.0022867569098852236,-0.02205168810254099,1.050335799647951,1715943293.1520503,0.014765871018677636,0.00464050958076867,0.004311399016117219,1715943293.1820295,0.011552506846787363,0.010294441372781238,0.014449717793880504,1715943293.1319983,0.002260777365964639,-0.01482002976036556,-2.4569643275339477
1715943288.4215276,0.0,0.0,0.0,1715943288.6015258,0.0,0.0,0.0,1715943288.5815473,0.0041189688280248715,-0.020839002419093866,1.0503637493934317,1715943293.1620238,0.01973175100491135,0.014268443192307467,0.008724554230578847,1715943293.191972,0.005669259277758572,0.019345503167709,0.016400882036284627,1715943293.1419964,0.003771695669670505,-0.014244584444322195,-2.4571125488906835
1715943288.4314985,0.0,0.0,0.0,1715943288.6120596,0.0,0.0,0.0,1715943288.5915427,0.0035820304278603166,-0.01896797156694463,1.0504586090801533,1715943293.171987,0.006199603246023994,0.004922523424155223,0.01614850763392862,1715943293.202103,0.00027821353212056747,0.011030528190360878,0.0152051429639237,1715943293.1520503,0.004855214414018816,-0.013494284875745777,-2.4573669581913347
1715943288.4414616,0.0,0.0,0.0,1715943288.6215155,0.0,0.0,0.0,1715943288.6015258,0.0023540900931354747,-0.017528955705971905,1.0505907036874453,1715943293.1820295,0.011552506846787363,0.010294441372781238,0.014449717793880504,1715943293.211967,0.019917888285081366,0.009725736607130164,0.017305125606725934,1715943293.1620238,0.0042070921972401365,-0.015697881294975957,-2.457605595302906
1715943288.5115926,0.0,0.0,0.0,1715943288.63156,0.0,0.0,0.0,1715943288.6120596,0.0010553615271337025,-0.015996075614405525,1.0507386068659317,1715943293.191972,0.005669259277758572,0.019345503167709,0.016400882036284627,1715943293.2220006,0.018190814273940304,0.014299404851998432,0.003797497997343694,1715943293.171987,0.005900828769007882,-0.01760526404563656,-2.4577640890997436
1715943288.5215025,0.0,0.0,0.0,1715943288.6414864,0.0,0.0,0.0,1715943288.6215155,-0.00014663309091822452,-0.014945586038435765,1.0508957341439364,1715943293.202103,0.00027821353212056747,0.011030528190360878,0.0152051429639237,1715943293.2319865,0.002973231659993681,0.007929835862802825,0.014269945864744796,1715943293.1820295,0.0046025886800031834,-0.0192015345717651,-2.4578877503466052
1715943288.5315928,0.0,0.0,0.0,1715943288.6515188,0.0,0.0,0.0,1715943288.63156,-0.0007677112666014674,-0.013184165295161199,1.0511071664510792,1715943293.211967,0.019917888285081366,0.009725736607130164,0.017305125606725934,1715943293.2421172,0.01740216515819155,0.009966947686089522,0.0076634346594516185,1715943293.191972,0.002900736183637065,-0.017989872179793753,-2.4580539539584843
1715943288.541464,0.0,0.0,0.0,1715943288.781794,0.0,0.0,0.0,1715943288.6414864,0.0006656461855852891,-0.011684333880306985,1.0512922621172374,1715943293.2220006,0.018190814273940304,0.014299404851998432,0.003797497997343694,1715943293.252052,0.01218522535724675,0.012635393258195071,0.013433932291722468,1715943293.202103,0.005733579710184067,-0.016130428993606172,-2.458286117125456
1715943288.5515952,0.0,0.0,0.0,1715943288.8315918,0.0,0.0,0.0,1715943288.6515188,0.001940568734772885,-0.010042349604935774,1.0514339644442214,1715943293.2319865,0.002973231659993681,0.007929835862802825,0.014269945864744796,1715943293.2620037,0.007704676050282015,0.008499467601286614,0.0013294535955353445,1715943293.211967,0.007002355973790841,-0.0144479950669969,-2.458491517861401
1715943288.5616748,0.0,0.0,0.0,1715943288.841518,0.0,0.0,0.0,1715943288.781794,0.004472644872021592,-0.016311544747272366,1.0527398424329524,1715943293.2421172,0.01740216515819155,0.009966947686089522,0.0076634346594516185,1715943293.2819839,0.012574329047341907,0.016538071235491003,0.017451124357303113,1715943293.2220006,0.005094594754505355,-0.01354246224549871,-2.4586881336705746
1715943288.5715933,0.0,0.0,0.0,1715943288.8515494,0.0,0.0,0.0,1715943288.8315918,0.002712671452928972,-0.023548552534938594,1.0531233929687067,1715943293.252052,0.01218522535724675,0.012635393258195071,0.013433932291722468,1715943293.2919903,0.005140522883076425,0.013925818979421578,0.018904758209425557,1715943293.2319865,0.0049407604441196185,-0.012470158581367574,-2.458774125537449
1715943288.5815473,0.0,0.0,0.0,1715943288.8615732,0.0,0.0,0.0,1715943288.841518,0.004556525837938641,-0.023801516994588878,1.0531668106176597,1715943293.2620037,0.007704676050282015,0.008499467601286614,0.0013294535955353445,1715943293.3020082,0.018250057817452574,0.012943257563456934,0.011222988166591372,1715943293.2421172,0.007235898915204375,-0.012032550412060639,-2.4589187750182084
1715943288.5915427,0.0,0.0,0.0,1715943288.8715491,0.0,0.0,0.0,1715943288.8515494,0.006580431260195696,-0.02374515414956413,1.053176177907023,1715943293.2819839,0.012574329047341907,0.016538071235491003,0.017451124357303113,1715943293.3119824,0.01915746180507244,0.008693936888312548,0.009102926286192175,1715943293.252052,0.004796666352677059,-0.012360683421667629,-2.4590637099146324
1715943288.6015258,0.0,0.0,0.0,1715943288.8816214,0.0,0.0,0.0,1715943288.8615732,0.008536063346741174,-0.02270264137837219,1.0531033004344041,1715943293.2919903,0.005140522883076425,0.013925818979421578,0.018904758209425557,1715943293.3220725,0.014930440074417992,0.0010531510372628894,0.002860840148315353,1715943293.2620037,0.0034442801768055364,-0.012673109881270461,-2.4592431019940735
1715943288.6120596,0.0,0.0,0.0,1715943288.891939,0.0,0.0,0.0,1715943288.8715491,0.009709353293579137,-0.02127003459712662,1.053063791044234,1715943293.3020082,0.018250057817452574,0.012943257563456934,0.011222988166591372,1715943293.3319924,0.005543162093567075,0.0065051651398433386,0.006424601133248218,1715943293.2819839,0.0001889881420269468,-0.015746213799660236,-2.459608216422568
1715943288.6215155,0.0,0.0,0.0,1715943288.901678,0.0,0.0,0.0,1715943288.8816214,0.01124561213445574,-0.020100692806967135,1.0530947481536967,1715943293.3119824,0.01915746180507244,0.008693936888312548,0.009102926286192175,1715943293.342048,0.012398677353934991,0.008138774609682375,0.013032252148692082,1715943293.2919903,-0.001750147255897394,-0.016132496681763975,-2.459724487932453
1715943288.63156,0.0,0.0,0.0,1715943288.9117856,0.0,0.0,0.0,1715943288.891939,0.012806625737246558,-0.018850760687212587,1.0530761456704436,1715943293.3220725,0.014930440074417992,0.0010531510372628894,0.002860840148315353,1715943293.3520586,0.010461040294514735,0.0005377211084514055,0.008708412055735746,1715943293.3020082,0.0008695011519472828,-0.015777641596232073,-2.459802626098911
1715943288.6414864,0.0,0.0,0.0,1715943288.9215574,0.0,0.0,0.0,1715943288.901678,0.011321831105370883,-0.017566062178838493,1.0531470094455837,1715943293.3319924,0.005543162093567075,0.0065051651398433386,0.006424601133248218,1715943293.362004,0.0029147234711248858,0.00823339905492304,0.003361488514285394,1715943293.3119824,0.0023781469920554077,-0.015014349635124713,-2.4599126048965667
1715943288.6515188,0.0,0.0,0.0,1715943288.9316604,0.0,0.0,0.0,1715943288.9117856,0.00946698568386184,-0.01636761334718484,1.0531105407429244,1715943293.342048,0.012398677353934991,0.008138774609682375,0.013032252148692082,1715943293.3720322,0.009314260457516077,0.001981150074003013,0.009934230060581683,1715943293.3220725,0.00036077405979617616,-0.014463717221119499,-2.460058108591527
1715943288.781794,0.0,0.0,0.0,1715943288.941595,0.0,0.0,0.0,1715943288.9215574,0.00927043613670786,-0.014832187100715322,1.0531668807200907,1715943293.3520586,0.010461040294514735,0.0005377211084514055,0.008708412055735746,1715943293.3819687,0.01218947510727433,0.005532905700870616,0.0069351235659319286,1715943293.3319924,0.00034422234105968563,-0.012849931198418929,-2.4601977544255114
1715943288.8315918,0.0,0.0,0.0,1715943288.9515896,0.0,0.0,0.0,1715943288.9316604,0.009041046912912853,-0.013427976405155473,1.0532115659612455,1715943293.362004,0.0029147234711248858,0.00823339905492304,0.003361488514285394,1715943293.3920455,0.0034291521657936284,0.0043216887359933676,0.0015129330934767038,1715943293.342048,0.0018298278807316048,-0.014454108209076333,-2.460393479969431
1715943288.841518,0.0,0.0,0.0,1715943288.9618452,0.0,0.0,0.0,1715943288.941595,0.007409317562692697,-0.012889506749616642,1.053348988983493,1715943293.3720322,0.009314260457516077,0.001981150074003013,0.009934230060581683,1715943293.4020097,0.0065298952933407,0.016876109963678276,0.0062509078132235805,1715943293.3520586,0.0004912477115823766,-0.016248843883746256,-2.4605618399187525
1715943288.8515494,0.0,0.0,0.0,1715943288.9716477,0.0,0.0,0.0,1715943288.9515896,0.00900422896475972,-0.013246159127048962,1.0534848380880253,1715943293.3819687,0.01218947510727433,0.005532905700870616,0.0069351235659319286,1715943293.4119911,0.0005628349055209932,0.0016296571615359579,0.008716718438818372,1715943293.362004,-0.0011578038111252908,-0.01741505377260477,-2.4607404080346797
1715943288.8615732,0.0,0.0,0.0,1715943288.9815795,0.0,0.0,0.0,1715943288.9618452,0.010326045613649804,-0.015137712665073133,1.0536810253502962,1715943293.3920455,0.0034291521657936284,0.0043216887359933676,0.0015129330934767038,1715943293.4819908,0.019219523178187994,0.017407783649358688,0.014624458930982,1715943293.3720322,-0.0027859789124453638,-0.017111076878212117,-2.460971164058048
1715943288.8715491,0.0,0.0,0.0,1715943288.9916716,0.0,0.0,0.0,1715943288.9716477,0.009295947195654963,-0.01707552945607116,1.0539439154423622,1715943293.4020097,0.0065298952933407,0.016876109963678276,0.0062509078132235805,1715943293.492019,0.0047577150698299864,0.015343415137126781,0.01391872897455707,1715943293.3819687,-0.0008140474478670612,-0.0169305054040072,-2.4610903696751567
1715943288.8816214,0.0,0.0,0.0,1715943289.00158,0.0,0.0,0.0,1715943288.9815795,0.007540103020709288,-0.018293806900893328,1.0543278591586542,1715943293.4119911,0.0005628349055209932,0.0016296571615359579,0.008716718438818372,1715943293.502047,0.0078392681672108,0.007970551844507234,0.007216704827453246,1715943293.3920455,-0.0013215096447611874,-0.015323431494754791,-2.4612425073989392
1715943288.891939,0.0,0.0,0.0,1715943289.0117848,0.0,0.0,0.0,1715943288.9916716,0.006975881384726823,-0.020176915190079026,1.054625314703142,1715943293.4819908,0.019219523178187994,0.017407783649358688,0.014624458930982,1715943293.5120013,0.0039448337454707745,0.010417446090671634,0.0006692364167284138,1715943293.4020097,-0.0029446524408924812,-0.015260024050509191,-2.4612882144107466
1715943288.901678,0.0,0.0,0.0,1715943289.021617,0.0,0.0,0.0,1715943289.00158,0.007625965281186642,-0.021814833853917692,1.0548227720396426,1715943293.492019,0.0047577150698299864,0.015343415137126781,0.01391872897455707,1715943293.5220375,0.015295230105845598,0.012311787152666565,0.0036898540304507853,1715943293.4119911,-0.0006377384878346604,-0.01492620729804206,-2.461409795553989
1715943288.9117856,0.0,0.0,0.0,1715943289.0315804,0.0,0.0,0.0,1715943289.0117848,0.006075999793457854,-0.022450227395856004,1.0549349272436446,1715943293.502047,0.0078392681672108,0.007970551844507234,0.007216704827453246,1715943293.5320253,0.013135751351853724,0.015942438523827374,0.019410408439408385,1715943293.4819908,0.001368272121326175,-0.011619086583263272,-2.4622902861844724
1715943288.9215574,0.0,0.0,0.0,1715943289.0415442,0.0,0.0,0.0,1715943289.021617,0.004054833048303008,-0.02287213532519039,1.0549753341966286,1715943293.5120013,0.0039448337454707745,0.010417446090671634,0.0006692364167284138,1715943293.6120813,0.0089877496470231,0.005161434963020017,0.0066969535426079415,1715943293.492019,0.0011368961435271885,-0.00966231524126715,-2.4626749429096733
1715943288.9316604,0.0,0.0,0.0,1715943289.391673,0.0,0.0,0.0,1715943289.0315804,0.005680213914789234,-0.022002311793072993,1.0547714213311168,1715943293.5220375,0.015295230105845598,0.012311787152666565,0.0036898540304507853,1715943293.7021098,0.01133518171247756,0.015288989615216186,0.017007953013352485,1715943293.502047,0.0013198975600527962,-0.007613764601226203,-2.4630914229595655
1715943288.941595,0.0,0.0,0.0,1715943289.4016259,0.0,0.0,0.0,1715943289.0415442,0.0053234585956726255,-0.019728460303884088,1.0546114365242403,1715943293.5320253,0.013135751351853724,0.015942438523827374,0.019410408439408385,1715943293.7120302,0.016460679970641063,0.008372623851562011,0.009423923862367574,1715943293.5120013,0.003606014836122995,-0.006848191403597381,-2.4633308692828724
1715943288.9515896,0.0,0.0,0.0,1715943289.4117076,0.0,0.0,0.0,1715943289.391673,0.01388944461931263,-0.015551804984883288,1.0569926153701492,1715943293.6120813,0.0089877496470231,0.005161434963020017,0.0066969535426079415,1715943293.7220669,0.004184376877802428,0.00781564370869181,0.015938050463680218,1715943293.5220375,0.0026710344636231564,-0.005275266888388641,-2.4635670285478852
1715943288.9618452,0.0,0.0,0.0,1715943289.4216523,0.0,0.0,0.0,1715943289.4016259,0.011705493309141612,-0.01583230985213513,1.0571575443828756,1715943293.7021098,0.01133518171247756,0.015288989615216186,0.017007953013352485,1715943293.732013,0.008333649356764864,0.008251348501848721,0.005812454520636175,1715943293.5320253,0.0009719821769011983,-0.005065806275027063,-2.463580261715462
1715943288.9716477,0.0,0.0,0.0,1715943289.431618,0.0,0.0,0.0,1715943289.4117076,0.013571789583510685,-0.016126267855885335,1.0572961568138801,1715943293.7120302,0.016460679970641063,0.008372623851562011,0.009423923862367574,1715943293.7421293,0.008068972307720797,0.007482782282188127,0.018252107465119592,1715943293.6120813,0.00047533337733729475,-0.0016272369171455026,-2.4649579298170305
1715943288.9815795,0.0,0.0,0.0,1715943289.441597,0.0,0.0,0.0,1715943289.4216523,0.01492517807405147,-0.014137264359451285,1.0574121530600533,1715943293.7220669,0.004184376877802428,0.00781564370869181,0.015938050463680218,1715943293.7620447,0.001832526121645037,0.011709502855590914,0.012351081290443733,1715943293.7021098,0.003076713734864178,-0.0025459149287243577,-2.467154222010179
1715943288.9916716,0.0,0.0,0.0,1715943289.4516118,0.0,0.0,0.0,1715943289.431618,0.01325379267646476,-0.012853120154463715,1.057562276585971,1715943293.732013,0.008333649356764864,0.008251348501848721,0.005812454520636175,1715943293.78207,0.015863405533630474,0.017699095198246084,0.016705447964647315,1715943293.7120302,0.0008956245411160246,-0.0033154442523115613,-2.467323492905957
1715943289.00158,0.0,0.0,0.0,1715943289.4615817,0.0,0.0,0.0,1715943289.441597,0.014492294039324727,-0.011530699386918863,1.0576333069863892,1715943293.7421293,0.008068972307720797,0.007482782282188127,0.018252107465119592,1715943293.802203,0.0018384832777418479,0.010673908841635216,0.01511048150623474,1715943293.7220669,-0.00027679926784029973,-0.0042053659023326695,-2.4674139390759864
1715943289.0117848,0.0,0.0,0.0,1715943289.4715943,0.0,0.0,0.0,1715943289.4516118,0.013705347955374703,-0.009787351547003498,1.0577457623060447,1715943293.7620447,0.001832526121645037,0.011709502855590914,0.012351081290443733,1715943293.8120544,0.012401524016917244,0.01090951036566512,0.0173693558750313,1715943293.732013,0.0009702093202990092,-0.005944510361289401,-2.467530720579626
1715943289.021617,0.0,0.0,0.0,1715943289.4816298,0.0,0.0,0.0,1715943289.4615817,0.012061275773696312,-0.009481574091015688,1.0577879768589016,1715943293.78207,0.015863405533630474,0.017699095198246084,0.016705447964647315,1715943293.8220923,0.006673660901852356,0.017929837314131003,0.0075633679063134805,1715943293.7421293,-0.0014243033596730292,-0.006600109676007548,-2.467559751465762
1715943289.0315804,0.0,0.0,0.0,1715943289.4916906,0.0,0.0,0.0,1715943289.4715943,0.009907049902358245,-0.009134169458041574,1.0579064019080615,1715943293.802203,0.0018384832777418479,0.010673908841635216,0.01511048150623474,1715943293.9020839,0.005083114477144901,0.012702526583356022,0.0019821483184933267,1715943293.7620447,-0.006734724218053767,-0.005603249854396752,-2.4675798721148756
1715943289.0415442,0.0,0.0,0.0,1715943289.501664,0.0,0.0,0.0,1715943289.4816298,0.01189978214129006,-0.008422031647320694,1.0579974854038052,1715943293.8120544,0.012401524016917244,0.01090951036566512,0.0173693558750313,1715943293.9120345,0.0012232504870724019,0.014218073273805976,0.017412702488807018,1715943293.78207,-0.0018824528956558062,-0.006783973922595221,-2.4672501512297353
1715943289.391673,0.0,0.0,0.0,1715943289.5116959,0.0,0.0,0.0,1715943289.4916906,0.01420176836753062,-0.007384102973200468,1.058110517275523,1715943293.8220923,0.006673660901852356,0.017929837314131003,0.0075633679063134805,1715943293.9220843,0.015925915456999982,0.012617018781441836,0.013966556364215909,1715943293.802203,-0.00711715314618977,-0.010086871472333225,-2.467232988841765
1715943289.4016259,0.0,0.0,0.0,1715943289.5216324,0.0,0.0,0.0,1715943289.501664,0.012429442864663298,-0.006875598068353916,1.0582647431846506,1715943293.9020839,0.005083114477144901,0.012702526583356022,0.0019821483184933267,1715943293.9320679,0.010953201882171462,0.012870840351446144,0.004320482231836719,1715943293.8120544,-0.006703202646416662,-0.012308964008933332,-2.4672320439288447
1715943289.4117076,0.0,0.0,0.0,1715943289.5317523,0.0,0.0,0.0,1715943289.5116959,0.011464738364799332,-0.005056878559631217,1.0584291206976801,1715943293.9120345,0.0012232504870724019,0.014218073273805976,0.017412702488807018,1715943293.942055,0.010245180924029401,0.0005277633126861137,0.0073757625882534565,1715943293.8220923,-0.004804982175891759,-0.012629865190425527,-2.4674240353975314
1715943289.4216523,0.0,0.0,0.0,1715943289.5416539,0.0,0.0,0.0,1715943289.5216324,0.01352843871282694,-0.005375473573878908,1.058547894228686,1715943293.9220843,0.015925915456999982,0.012617018781441836,0.013966556364215909,1715943293.9521055,0.006615093725816314,0.015507013544722392,0.008530465287476838,1715943293.9020839,-0.0037519149248625983,-0.002253782904470203,-2.468969507870729
1715943289.431618,0.0,0.0,0.0,1715943289.5516903,0.0,0.0,0.0,1715943289.5317523,0.01198789553878743,-0.005058076067889994,1.0586575100949607,1715943293.9320679,0.010953201882171462,0.012870840351446144,0.004320482231836719,1715943293.9620552,0.004128600747736659,0.007837243977363295,0.018742705692054572,1715943293.9120345,-0.004354292773754542,-0.004567569067248423,-2.4690399088582495
1715943289.441597,0.0,0.0,0.0,1715943289.56157,0.0,0.0,0.0,1715943289.5416539,0.010044967508496705,-0.005054674860755615,1.0587513053666737,1715943293.942055,0.010245180924029401,0.0005277633126861137,0.0073757625882534565,1715943293.9721637,0.015221748590377034,0.0018590062375634098,0.008883222724533587,1715943293.9220843,-0.0033507016655922595,-0.006588853437235143,-2.469110479638804
1715943289.4516118,0.0,0.0,0.0,1715943289.5717223,0.0,0.0,0.0,1715943289.5516903,0.012001516134367618,-0.004966637260121587,1.0588175499986126,1715943293.9521055,0.006615093725816314,0.015507013544722392,0.008530465287476838,1715943293.9820793,0.007265760057279869,0.014606757078360122,0.010782894022498768,1715943293.9320679,-0.005246177612486136,-0.007408640731798144,-2.4692107925765803
1715943289.4615817,0.0,0.0,0.0,1715943289.581664,0.0,0.0,0.0,1715943289.56157,0.013716018145252473,-0.003484845301183981,1.0588432162059833,1715943293.9620552,0.004128600747736659,0.007837243977363295,0.018742705692054572,1715943293.9921074,0.017086854363249804,0.016924311153330818,0.004121415815845204,1715943293.942055,-0.005001973742638333,-0.00941184192950062,-2.4694000087304557
1715943289.4715943,0.0,0.0,0.0,1715943289.5917096,0.0,0.0,0.0,1715943289.5717223,0.011953711997701677,-0.002386056491328725,1.05889732369508,1715943293.9721637,0.015221748590377034,0.0018590062375634098,0.008883222724533587,1715943294.0021162,0.0131820687029077,0.008833552352421226,0.016435801977652105,1715943293.9521055,-0.002820822226815789,-0.00891709122907458,-2.469561266658479
1715943289.4816298,0.0,0.0,0.0,1715943289.601647,0.0,0.0,0.0,1715943289.581664,0.013422739293717068,-0.0013518400245005058,1.0589753390247885,1715943293.9820793,0.007265760057279869,0.014606757078360122,0.010782894022498768,1715943294.3421104,0.006823924911140054,0.011996628255938058,0.004264314430212943,1715943293.9620552,-0.0021346348359971845,-0.007257123487316219,-2.4697575382157337
1715943289.4916906,0.0,0.0,0.0,1715943289.6121275,0.0,0.0,0.0,1715943289.5917096,0.013105389693283342,-0.003209441803465385,1.0590522411989072,1715943293.9921074,0.017086854363249804,0.016924311153330818,0.004121415815845204,1715943294.3522148,0.004858085279246765,0.003360347234296901,0.017816732363133667,1715943293.9721637,-0.0003619347355987568,-0.008554063810301438,-2.4699894056427585
1715943289.501664,0.0,0.0,0.0,1715943289.6216717,0.0,0.0,0.0,1715943289.601647,0.01157983389282935,-0.0029737226946466855,1.0590633589784573,1715943294.0021162,0.0131820687029077,0.008833552352421226,0.016435801977652105,1715943294.3621097,0.010442145600294448,0.005075820311227108,0.004675433392439766,1715943293.9820793,0.0014600807426512485,-0.010175914037312772,-2.4701805983173184
1715943289.5116959,0.0,0.0,0.0,1715943289.6316664,0.0,0.0,0.0,1715943289.6121275,0.00933582229617691,-0.0034698479292456508,1.0591215755524415,1715943294.3421104,0.006823924911140054,0.011996628255938058,0.004264314430212943,1715943294.3721719,0.009471235791921412,0.014591032006048055,0.011236838298054386,1715943293.9921074,0.0028743682551999328,-0.01176831180622373,-2.47050242091519
1715943289.5216324,0.0,0.0,0.0,1715943289.6416159,0.0,0.0,0.0,1715943289.6216717,0.011277257405048369,-0.003542067927836623,1.0592713419927282,1715943294.3522148,0.004858085279246765,0.003360347234296901,0.017816732363133667,1715943294.382227,0.0023983324330241252,0.01924264474728732,0.008935458915418068,1715943294.0021162,0.00437226343524455,-0.013770037320701034,-2.470782054735304
1715943289.5317523,0.0,0.0,0.0,1715943289.651623,0.0,0.0,0.0,1715943289.6316664,0.012856428636700334,-0.004851381057022319,1.059389896515542,1715943294.3621097,0.010442145600294448,0.005075820311227108,0.004675433392439766,1715943294.392133,0.0017076379236139745,0.01466042413774682,0.005906379014546484,1715943294.3421104,0.007241875539686582,-0.014408330753119758,-2.4631067084574827
1715943289.5416539,0.0,0.0,0.0,1715943289.661595,0.0,0.0,0.0,1715943289.6416159,0.012973958933307217,-0.0067103543536666255,1.059499168261004,1715943294.3721719,0.009471235791921412,0.014591032006048055,0.011236838298054386,1715943294.402205,0.0077119573345204835,0.01950197825741684,0.002733973589508114,1715943294.3522148,0.008050356577085305,-0.012647973462035056,-2.462689801186773
1715943289.5516903,0.0,0.0,0.0,1715943289.6716523,0.0,0.0,0.0,1715943289.651623,0.011860611136600974,-0.00820592805262188,1.0596002071494892,1715943294.382227,0.0023983324330241252,0.01924264474728732,0.008935458915418068,1715943294.4121175,0.007544923709542648,0.018447850279633693,0.004874212729576842,1715943294.3621097,0.007570749436996094,-0.010940062395343508,-2.462372266126483
1715943289.56157,0.0,0.0,0.0,1715943289.6816332,0.0,0.0,0.0,1715943289.661595,0.0101748835358616,-0.008393733435988038,1.0597775330463062,1715943294.392133,0.0017076379236139745,0.01466042413774682,0.005906379014546484,1715943294.4221764,0.0024724008555995895,5.672507585408049e-05,0.003048096825422435,1715943294.3721719,0.008783189613331244,-0.013122945042534084,-2.4619733860435575
1715943289.5717223,0.0,0.0,0.0,1715943289.6916294,0.0,0.0,0.0,1715943289.6716523,0.010356940399479986,-0.006295400666620488,1.059934545266779,1715943294.402205,0.0077119573345204835,0.01950197825741684,0.002733973589508114,1715943294.4322057,0.007514876467491986,0.014331237477353875,0.011192988123806528,1715943294.382227,0.01032109557143146,-0.014899822323559686,-2.461611572492232
1715943289.581664,0.0,0.0,0.0,1715943289.7017224,0.0,0.0,0.0,1715943289.6816332,0.012160931840531242,-0.006539729853361376,1.0600015407107684,1715943294.4121175,0.007544923709542648,0.018447850279633693,0.004874212729576842,1715943294.4422045,0.010717878808432814,0.0010886436531125643,0.014025480788696823,1715943294.392133,0.008500430772381051,-0.01459828672129504,-2.46134929233318
1715943289.5917096,0.0,0.0,0.0,1715943289.711637,0.0,0.0,0.0,1715943289.6916294,0.014182291907135158,-0.006622550912378511,1.0601978132597334,1715943294.4221764,0.0024724008555995895,5.672507585408049e-05,0.003048096825422435,1715943294.4521449,0.018713214946646253,0.008038634905140007,0.006528641598492211,1715943294.402205,0.0067555736921167675,-0.014453256455120744,-2.4611630823342425
1715943289.601647,0.0,0.0,0.0,1715943289.7216735,0.0,0.0,0.0,1715943289.7017224,0.012567230396669182,-0.00656168457975892,1.06040185560249,1715943294.4322057,0.007514876467491986,0.014331237477353875,0.011192988123806528,1715943294.4620903,0.0015736081503287059,0.004616784245261574,0.012512148716050144,1715943294.4121175,0.006644195336391823,-0.012865484109747971,-2.4610322792063712
1715943289.6121275,0.0,0.0,0.0,1715943289.73174,0.0,0.0,0.0,1715943289.711637,0.01041000241162049,-0.0065026421484799535,1.0605692713417894,1715943294.4422045,0.010717878808432814,0.0010886436531125643,0.014025480788696823,1715943294.472213,0.007225486105920435,0.01867631560162275,0.007906550504659833,1715943294.4221764,0.007586364732454998,-0.011610984564568216,-2.460903021683441
1715943289.6216717,0.0,0.0,0.0,1715943289.93174,0.0,0.0,0.0,1715943289.7216735,0.01207278005487833,-0.005814422832957744,1.0606459042503353,1715943294.4521449,0.018713214946646253,0.008038634905140007,0.006528641598492211,1715943294.4821932,0.008865518005846904,0.001791198097637503,0.016111852377369465,1715943294.4322057,0.007006407003404158,-0.010081886578794386,-2.4607055515739136
1715943289.6316664,0.0,0.0,0.0,1715943289.941634,0.0,0.0,0.0,1715943289.73174,0.012482785947799835,-0.003939100767894166,1.0608538079875145,1715943294.4620903,0.0015736081503287059,0.004616784245261574,0.012512148716050144,1715943294.492107,0.0158700476519493,0.014494830404444325,0.01985133428984824,1715943294.4422045,0.005144090328914608,-0.010356219039090453,-2.460419425219519
1715943289.6416159,0.0,0.0,0.0,1715943289.9616592,0.0,0.0,0.0,1715943289.93174,0.009428694735696519,3.468654420046846e-05,1.0612424339208082,1715943294.472213,0.007225486105920435,0.01867631560162275,0.007906550504659833,1715943294.512096,0.012475158028722618,0.0017725260172090085,0.0005795960827331085,1715943294.4521449,0.004512332312964329,-0.009064437240626333,-2.4599285081168207
1715943289.651623,0.0,0.0,0.0,1715943289.9717,0.0,0.0,0.0,1715943289.941634,0.008557191622963867,-0.0008752292805633832,1.0615474217838519,1715943294.4821932,0.008865518005846904,0.001791198097637503,0.016111852377369465,1715943294.5221593,0.003103095237028449,0.004619012266179556,0.018395433130142226,1715943294.4620903,0.002472490131314009,-0.00986367207918204,-2.4594773450010186
1715943289.661595,0.0,0.0,0.0,1715943289.9816628,0.0,0.0,0.0,1715943289.9616592,0.008811318331205076,-0.004978329092556022,1.0624010511778996,1715943294.492107,0.0158700476519493,0.014494830404444325,0.01985133428984824,1715943294.5421536,0.015878669619844854,0.014561533339658705,0.006617101442325184,1715943294.472213,0.0004914311096986257,-0.011547010903317778,-2.4590220238115252
1715943289.6716523,0.0,0.0,0.0,1715943289.991649,0.0,0.0,0.0,1715943289.9717,0.00962968826137367,-0.007466050089377729,1.0627758133005245,1715943294.512096,0.012475158028722618,0.0017725260172090085,0.0005795960827331085,1715943294.5523007,0.013813568743690371,0.0025451364550146405,0.0073072485558164195,1715943294.4821932,0.002042128819990552,-0.013575530807450553,-2.458650892916823
1715943289.6816332,0.0,0.0,0.0,1715943290.0016625,0.0,0.0,0.0,1715943289.9816628,0.009133820720477082,-0.008878585638332659,1.0631030339270895,1715943294.5221593,0.003103095237028449,0.004619012266179556,0.018395433130142226,1715943294.562194,0.014373012361301053,0.002641553488285986,0.016806814878003683,1715943294.492107,0.003825341651922054,-0.014917366297477974,-2.4581332333514467
1715943289.6916294,0.0,0.0,0.0,1715943290.011638,0.0,0.0,0.0,1715943289.991649,0.011070389444605033,-0.010106821885049078,1.0633115848556045,1715943294.5421536,0.015878669619844854,0.014561533339658705,0.006617101442325184,1715943294.5821302,0.0006648261168655731,0.01462363534301403,0.00506751707277723,1715943294.512096,0.0006561135363121195,-0.01711573864626037,-2.4570805123492936
1715943289.7017224,0.0,0.0,0.0,1715943290.0217035,0.0,0.0,0.0,1715943290.0016625,0.013973967261511677,-0.010121345738053789,1.0634593867552997,1715943294.5523007,0.013813568743690371,0.0025451364550146405,0.0073072485558164195,1715943294.592169,0.006827375508207913,0.009091554442991256,0.015677429321633504,1715943294.5221593,-0.00010130821976117588,-0.019611814180045872,-2.4567195795404166
1715943289.711637,0.0,0.0,0.0,1715943290.0316975,0.0,0.0,0.0,1715943290.011638,0.016739308478526893,-0.009731244003354789,1.063523131329264,1715943294.562194,0.014373012361301053,0.002641553488285986,0.016806814878003683,1715943294.6022859,0.00013197332239319338,0.012404717980839752,0.015060362776739254,1715943294.5421536,0.002996720841137668,-0.022590401725786524,-2.4563425860282386
1715943289.7216735,0.0,0.0,0.0,1715943290.041642,0.0,0.0,0.0,1715943290.0217035,0.01854710352076705,-0.009529558938963456,1.063667602428732,1715943294.5821302,0.0006648261168655731,0.01462363534301403,0.00506751707277723,1715943294.6121705,0.007993741621045831,0.01223832932423674,0.015640106243460235,1715943294.5523007,0.004564823904203319,-0.024496761875348882,-2.4560053110357187
1715943289.73174,0.0,0.0,0.0,1715943290.0516677,0.0,0.0,0.0,1715943290.0316975,0.02070599202186707,-0.00918483609447418,1.0637380392409659,1715943294.592169,0.006827375508207913,0.009091554442991256,0.015677429321633504,1715943294.6221857,0.0036416532783961134,0.01884365007150901,0.0016792466156269053,1715943294.562194,0.006123894923190765,-0.02616913924204267,-2.455720067261017
1715943289.93174,0.0,0.0,0.0,1715943290.0617204,0.0,0.0,0.0,1715943290.041642,0.022338679769754233,-0.007897503013914786,1.063643245560959,1715943294.6022859,0.00013197332239319338,0.012404717980839752,0.015060362776739254,1715943294.6421804,0.008266131429633835,0.015426953704185564,0.0019689094876948277,1715943294.5821302,0.01084884275696818,-0.0273147026975733,-2.454741837990098
1715943289.941634,0.0,0.0,0.0,1715943290.0716896,0.0,0.0,0.0,1715943290.0516677,0.020637326937641642,-0.0068194075196785775,1.063707447152011,1715943294.6121705,0.007993741621045831,0.01223832932423674,0.015640106243460235,1715943294.6522312,0.004549673836567501,0.00013349014762398248,0.009297217778017019,1715943294.592169,0.013082703508784377,-0.027554273021223707,-2.454195150666346
1715943289.9616592,0.0,0.0,0.0,1715943290.0816946,0.0,0.0,0.0,1715943290.0617204,0.021933166934010706,-0.006498097382522605,1.063825498173324,1715943294.6221857,0.0036416532783961134,0.01884365007150901,0.0016792466156269053,1715943294.6621387,0.006122993715832865,0.016156519706165717,0.018016431627570325,1715943294.6022859,0.011482137934236247,-0.0264770297263206,-2.4534800313224743
1715943289.9717,0.0,0.0,0.0,1715943290.091704,0.0,0.0,0.0,1715943290.0716896,0.020587159533119403,-0.005457370301302111,1.0638742109785273,1715943294.6421804,0.008266131429633835,0.015426953704185564,0.0019689094876948277,1715943294.6722171,0.007418152542772033,0.010403240293977989,0.013235938789295305,1715943294.6121705,0.013322263315207694,-0.025169821327860387,-2.452597476692133
1715943289.9816628,0.0,0.0,0.0,1715943290.1016781,0.0,0.0,0.0,1715943290.0816946,0.01868233254591012,-0.005396189321848155,1.0637618785551988,1715943294.6522312,0.004549673836567501,0.00013349014762398248,0.009297217778017019,1715943294.6821408,0.014150157887810832,0.0127325514495511,0.0010842777689584974,1715943294.6221857,0.014857013143268816,-0.024187526734329223,-2.4517900066760414
1715943289.991649,0.0,0.0,0.0,1715943290.1317973,0.0,0.0,0.0,1715943290.091704,0.016038996445086773,-0.004937014787089966,1.0637809017909015,1715943294.6621387,0.006122993715832865,0.016156519706165717,0.018016431627570325,1715943294.7221696,0.01741014671161296,0.0017662052984173116,0.01671764249623803,1715943294.6421804,0.013558299405592722,-0.021374996035477878,-2.4500055109243686
1715943290.0016625,0.0,0.0,0.0,1715943290.2616637,0.0,0.0,0.0,1715943290.1016781,0.015635402319965186,-0.0033358753445547062,1.0637736463157936,1715943294.6722171,0.007418152542772033,0.010403240293977989,0.013235938789295305,1715943294.942263,0.008137640346105007,0.012117413942298372,0.007538680770532712,1715943294.6522312,0.01255853835927101,-0.02005748020278819,-2.4490578362895077
1715943290.011638,0.0,0.0,0.0,1715943290.271675,0.0,0.0,0.0,1715943290.1317973,0.01452052244215174,-0.0003014080987455703,1.063831025447529,1715943294.6821408,0.014150157887810832,0.0127325514495511,0.0010842777689584974,1715943294.9522016,0.0034217817238551525,0.010113306056314109,0.01819047277980365,1715943294.6621387,0.012332466320970292,-0.01865262764008846,-2.448070014327244
1715943290.0217035,0.0,0.0,0.0,1715943290.2817175,0.0,0.0,0.0,1715943290.2616637,0.01907628820331264,-0.016029380954683203,1.0649236183228665,1715943294.732148,0.01340390959452132,0.005114847170596848,0.0070105955239561065,1715943294.9621723,0.0022911540074888733,0.005391268357380907,0.01475318419430538,1715943294.6722171,0.014212909461781331,-0.017922120645860407,-2.44715422716122
1715943290.0316975,0.0,0.0,0.0,1715943290.2916906,0.0,0.0,0.0,1715943290.271675,0.021010063524586564,-0.017152484735097007,1.0649746193574696,1715943294.942263,0.008137640346105007,0.012117413942298372,0.007538680770532712,1715943294.9721777,0.0022561992339810814,0.018638625355632543,0.00046328474387273,1715943294.6821408,0.015802271462636464,-0.017061453084599387,-2.446301377273543
1715943290.041642,0.0,0.0,0.0,1715943290.3017318,0.0,0.0,0.0,1715943290.2817175,0.01933059308177354,-0.01759855869496807,1.0651791517178013,1715943294.9522016,0.0034217817238551525,0.010113306056314109,0.01819047277980365,1715943294.992199,0.014991421956855957,0.0052098377556224484,0.017254049363156245,1715943294.732148,0.015122635325081957,-0.014365859459709807,-2.44174206066554
1715943290.0516677,0.0,0.0,0.0,1715943290.3117044,0.0,0.0,0.0,1715943290.2916906,0.017069551753659984,-0.018669527509488137,1.0653958772318806,1715943294.9621723,0.0022911540074888733,0.005391268357380907,0.01475318419430538,1715943295.0121882,0.010690917801709929,0.00913898110669975,0.004401088559090145,1715943294.942263,0.007572212338918138,-0.013533591088459307,-2.4209013892751052
1715943290.0617204,0.0,0.0,0.0,1715943290.321706,0.0,0.0,0.0,1715943290.3017318,0.018413319606516043,-0.020125740639775014,1.0654541063674392,1715943294.9721777,0.0022561992339810814,0.018638625355632543,0.00046328474387273,1715943295.0522091,0.014946928863769431,0.006030754463717036,0.003872332137166661,1715943294.9522016,0.007700845897459008,-0.015422613473931923,-2.4199938344075926
1715943290.0716896,0.0,0.0,0.0,1715943290.3317344,0.0,0.0,0.0,1715943290.3117044,0.017034467440693146,-0.02064422409762301,1.065590933956555,1715943294.992199,0.014991421956855957,0.0052098377556224484,0.017254049363156245,1715943295.0621684,0.008574640974081907,0.011412616330372938,0.010960986317578254,1715943294.9621723,0.005899990991828252,-0.01570044515590041,-2.41892279327839
1715943290.0816946,0.0,0.0,0.0,1715943290.3417068,0.0,0.0,0.0,1715943290.321706,0.014893743248389879,-0.020692557609834017,1.065745803082844,1715943295.0121882,0.010690917801709929,0.00913898110669975,0.004401088559090145,1715943295.072229,0.0031971585441593724,0.014896264557922478,0.01967602201060776,1715943294.9721777,0.00810056651184321,-0.016265699841212067,-2.4178853565748657
1715943290.091704,0.0,0.0,0.0,1715943290.35172,0.0,0.0,0.0,1715943290.3317344,0.016571359528585794,-0.020450320555126522,1.0657931709071322,1715943295.0522091,0.014946928863769431,0.006030754463717036,0.003872332137166661,1715943295.0921865,0.007267615183875431,0.009783798129069599,0.0193611098040372,1715943294.992199,0.004149044610494146,-0.016532461429071832,-2.415319210312333
1715943290.1016781,0.0,0.0,0.0,1715943290.361711,0.0,0.0,0.0,1715943290.3417068,0.01894985524674664,-0.019911232637277676,1.065850184254586,1715943295.0621684,0.008574640974081907,0.011412616330372938,0.010960986317578254,1715943295.3022974,0.01811730453914398,0.011096516079971419,0.010160705057039334,1715943295.0121882,0.007200141705631324,-0.014400970128963131,-2.413158883104888
1715943290.1317973,0.0,0.0,0.0,1715943290.3716996,0.0,0.0,0.0,1715943290.35172,0.017231546056807323,-0.01918916809299631,1.0659565717356656,1715943295.072229,0.0031971585441593724,0.014896264557922478,0.01967602201060776,1715943295.3222282,0.018246359742362304,0.006993271876493123,0.012302088991010216,1715943295.0522091,0.0042233793046870804,-0.008840448362556153,-2.409447348205795
1715943290.2616637,0.0,0.0,0.0,1715943290.3818004,0.0,0.0,0.0,1715943290.361711,0.015397578994277294,-0.01809817151489934,1.0659720321235737,1715943295.0921865,0.007267615183875431,0.009783798129069599,0.0193611098040372,1715943295.3321776,0.008761267940638112,0.00024466224194541475,0.003424174771513188,1715943295.0621684,0.006184669601748682,-0.00809468390826451,-2.408569936691573
1715943290.271675,0.0,0.0,0.0,1715943290.3917367,0.0,0.0,0.0,1715943290.3716996,0.017061520735985103,-0.0173390316670452,1.0659130481880181,1715943295.3022974,0.01811730453914398,0.011096516079971419,0.010160705057039334,1715943295.3422437,0.0041563827918974635,0.010391926138280994,0.013832005856304667,1715943295.072229,0.007709448150778453,-0.007031335436909147,-2.4076853486699688
1715943290.2817175,0.0,0.0,0.0,1715943290.4017332,0.0,0.0,0.0,1715943290.3818004,0.016835079638187866,-0.01555448685802574,1.0658824380854726,1715943295.3222282,0.018246359742362304,0.006993271876493123,0.012302088991010216,1715943295.3622007,0.016320425953315405,0.004831182234541043,0.005557488486270483,1715943295.0921865,0.00521197915483107,-0.005858170278779218,-2.4057337524065554
1715943290.2916906,0.0,0.0,0.0,1715943290.4117057,0.0,0.0,0.0,1715943290.3917367,0.01815814352069478,-0.014524610108342273,1.0658698750769213,1715943295.3321776,0.008761267940638112,0.00024466224194541475,0.003424174771513188,1715943295.3722317,0.009453185991884968,0.013920694339235595,0.013159795112350913,1715943295.3022974,0.007204170627167494,-0.013106077397665894,-2.3846235353753027
1715943290.3017318,0.0,0.0,0.0,1715943290.4217045,0.0,0.0,0.0,1715943290.4017332,0.019672919021386015,-0.014377907161764902,1.0658101160060216,1715943295.3422437,0.0041563827918974635,0.010391926138280994,0.013832005856304667,1715943295.38221,0.0013372593413868209,0.0135427817000624,0.00175527316854337,1715943295.3222282,0.0037378430035432952,-0.013997408240659315,-2.3824786348770486
1715943290.3117044,0.0,0.0,0.0,1715943290.431859,0.0,0.0,0.0,1715943290.4117057,0.018467468495659056,-0.013119914834872182,1.0658386162315412,1715943295.3622007,0.016320425953315405,0.004831182234541043,0.005557488486270483,1715943295.4022844,0.015021978516700117,0.0014137750243530256,0.009464956328708219,1715943295.3321776,0.003772757874044297,-0.011916772059010095,-2.3815202092321472
1715943290.321706,0.0,0.0,0.0,1715943290.4416783,0.0,0.0,0.0,1715943290.4217045,0.016390831985189647,-0.013438392682538991,1.0658908274674728,1715943295.3722317,0.009453185991884968,0.013920694339235595,0.013159795112350913,1715943295.4122267,0.014160608424395612,0.007700556021682514,0.009764406546036686,1715943295.3422437,0.005901251766140758,-0.01125663139419486,-2.3807349474244983
1715943290.3317344,0.0,0.0,0.0,1715943290.4517074,0.0,0.0,0.0,1715943290.431859,0.014126030906105314,-0.013238099788849267,1.0659641263323556,1715943295.38221,0.0013372593413868209,0.0135427817000624,0.00175527316854337,1715943295.4422567,0.010055558113328636,0.019541170264722574,0.01087752894819499,1715943295.3622007,0.0028347740290388668,-0.010104210123185187,-2.379149321934322
1715943290.3417068,0.0,0.0,0.0,1715943290.4616716,0.0,0.0,0.0,1715943290.4416783,0.014809351888319888,-0.011567945323905482,1.0660507180984207,1715943295.4022844,0.015021978516700117,0.0014137750243530256,0.009464956328708219,1715943295.4522624,0.011947533137866614,0.01930350990298413,0.0012987012175922031,1715943295.3722317,0.0036854647735413693,-0.008258436775809175,-2.3784558521690253
1715943290.35172,0.0,0.0,0.0,1715943290.4717097,0.0,0.0,0.0,1715943290.4517074,0.013718950219998804,-0.010285596881231429,1.0661299325633904,1715943295.4122267,0.014160608424395612,0.007700556021682514,0.009764406546036686,1715943295.462212,0.0029738660185536473,0.010466609107158575,0.008820840570499849,1715943295.38221,0.003545878467093644,-0.006446234206447743,-2.377684940275614
1715943290.361711,0.0,0.0,0.0,1715943290.4819617,0.0,0.0,0.0,1715943290.4616716,0.011665890133627954,-0.010377850144157375,1.0662567913588161,1715943295.4422567,0.010055558113328636,0.019541170264722574,0.01087752894819499,1715943295.4722767,0.00448375921616374,0.0021668022401883924,0.0030075550618838885,1715943295.4022844,0.005794472892325597,-0.0042802754061321835,-2.3756113580714855
1715943290.3716996,0.0,0.0,0.0,1715943290.491757,0.0,0.0,0.0,1715943290.4717097,0.012902827592525923,-0.0092232209948242,1.0664002191913586,1715943295.4522624,0.011947533137866614,0.01930350990298413,0.0012987012175922031,1715943295.4822237,0.017799416944673175,0.003961249829202318,0.004625555292798469,1715943295.4122267,0.004043494041480633,-0.0044480602163032845,-2.374517206344053
1715943290.3818004,0.0,0.0,0.0,1715943290.5017567,0.0,0.0,0.0,1715943290.4819617,0.011313295298592374,-0.009615543007713834,1.0665592309679972,1715943295.462212,0.0029738660185536473,0.010466609107158575,0.008820840570499849,1715943295.492216,0.015941677444365764,0.019522286601795225,0.010936672173984818,1715943295.4422567,-0.0011157189951602753,-0.009500197950095712,-2.3713339346911666
1715943290.3917367,0.0,0.0,0.0,1715943290.5117495,0.0,0.0,0.0,1715943290.491757,0.00976375306538202,-0.009988708048113137,1.066700353966173,1715943295.4722767,0.00448375921616374,0.0021668022401883924,0.0030075550618838885,1715943295.5021808,0.0184893401975655,0.01667451130751796,0.014290658194163607,1715943295.4522624,-0.0028528634068243353,-0.010545391866741971,-2.370257933091799
1715943290.4017332,0.0,0.0,0.0,1715943290.5217166,0.0,0.0,0.0,1715943290.5017567,0.007571931246466046,-0.00953245436025929,1.0668721001525552,1715943295.4822237,0.017799416944673175,0.003961249829202318,0.004625555292798469,1715943295.5122116,0.015056148683997529,0.00593114740312406,0.019440968544318545,1715943295.462212,-0.0006285339537011048,-0.010509783370864056,-2.3693050271861695
1715943290.4117057,0.0,0.0,0.0,1715943290.5318458,0.0,0.0,0.0,1715943290.5117495,0.010053503344858328,-0.00964539855735258,1.0669742716200548,1715943295.492216,0.015941677444365764,0.019522286601795225,0.010936672173984818,1715943295.5222406,0.00947379852986351,0.000480948174379936,0.01900760331314382,1715943295.4722767,0.0010747243267923423,-0.009955938082962579,-2.3683668202248094
1715943290.4217045,0.0,0.0,0.0,1715943290.5417252,0.0,0.0,0.0,1715943290.5217166,0.012138200430251267,-0.00848333208998886,1.0669970119539192,1715943295.5021808,0.0184893401975655,0.01667451130751796,0.014290658194163607,1715943295.5322053,0.019024856323577338,0.004114991498906484,0.015559576015288838,1715943295.4822237,0.00265546069145306,-0.008686369416346151,-2.3674316340275796
1715943290.431859,0.0,0.0,0.0,1715943290.5518322,0.0,0.0,0.0,1715943290.5318458,0.010357444560916695,-0.007572695960166964,1.067050741415532,1715943295.5122116,0.015056148683997529,0.00593114740312406,0.019440968544318545,1715943295.5522635,0.01627029964158833,0.0009338878597315858,0.006355124246489646,1715943295.492216,0.004387684352819665,-0.007343036793859392,-2.36653762655124
1715943290.4416783,0.0,0.0,0.0,1715943290.5616937,0.0,0.0,0.0,1715943290.5417252,0.01212289239922204,-0.007821931496247103,1.0671114128520973,1715943295.5222406,0.00947379852986351,0.000480948174379936,0.01900760331314382,1715943295.5622554,0.014151977639959628,0.0035504642584978097,0.004016330105365997,1715943295.5021808,0.006485345466745285,-0.006495533605833437,-2.3657438052112676
1715943290.4517074,0.0,0.0,0.0,1715943290.5718064,0.0,0.0,0.0,1715943290.5518322,0.011543875741891196,-0.009609384154898537,1.0671609626939595,1715943295.5322053,0.019024856323577338,0.004114991498906484,0.015559576015288838,1715943295.5822587,0.01664358333345654,0.007596580362606575,0.011214473101336584,1715943295.5122116,0.008623355203791316,-0.005779994713871028,-2.3648724920655813
1715943290.4616716,0.0,0.0,0.0,1715943290.5818653,0.0,0.0,0.0,1715943290.5616937,0.009806937665738147,-0.010885974016076938,1.0672840496452554,1715943295.5522635,0.01627029964158833,0.0009338878597315858,0.006355124246489646,1715943295.5922813,0.013684961118887895,0.017856626891386673,0.011962948096191434,1715943295.5222406,0.01064567362052804,-0.004863581118307092,-2.3640942871911466
1715943290.4717097,0.0,0.0,0.0,1715943290.5917668,0.0,0.0,0.0,1715943290.5718064,0.010706391289908357,-0.012546650836537498,1.0673707052386217,1715943295.5622554,0.014151977639959628,0.0035504642584978097,0.004016330105365997,1715943295.6022153,0.019752095027415227,0.009212078650120858,0.016248662541237247,1715943295.5322053,0.009616881916404418,-0.006653486137632614,-2.363124961399416
1715943290.4819617,0.0,0.0,0.0,1715943290.6017272,0.0,0.0,0.0,1715943290.5818653,0.012197824614773478,-0.014608392801375158,1.0675052882785985,1715943295.5822587,0.01664358333345654,0.007596580362606575,0.011214473101336584,1715943295.6122518,0.008891990923572778,0.0076110451973214754,0.015777604523957905,1715943295.5522635,0.007202099639533888,-0.00958390694688549,-2.36157257355118
1715943290.491757,0.0,0.0,0.0,1715943290.6117086,0.0,0.0,0.0,1715943290.5917668,0.010938341042756483,-0.0160238555798371,1.0675634895212367,1715943295.5922813,0.013684961118887895,0.017856626891386673,0.011962948096191434,1715943295.622453,0.008234555358904985,0.0010099388883155758,0.015061931783577105,1715943295.5622554,0.0054399760010130915,-0.009798187978226736,-2.3606810030948884
1715943290.5017567,0.0,0.0,0.0,1715943290.621718,0.0,0.0,0.0,1715943290.6017272,0.009322448370001402,-0.01775269694772108,1.0676491150481076,1715943295.6022153,0.019752095027415227,0.009212078650120858,0.016248662541237247,1715943295.8022354,0.005164549339583903,0.00037917317387270444,0.0015756899124146591,1715943295.5822587,0.0030164862673052184,-0.013430956647706438,-2.3587780670737577
1715943290.5117495,0.0,0.0,0.0,1715943290.6317983,0.0,0.0,0.0,1715943290.6117086,0.01121430978724125,-0.01868030652596442,1.067711035802586,1715943295.6122518,0.008891990923572778,0.0076110451973214754,0.015777604523957905,1715943295.8223226,0.004528874028757124,0.003543045593160654,0.0021400406148610034,1715943295.5922813,0.004797530712435716,-0.014801789478158911,-2.3579004988073122
1715943290.5217166,0.0,0.0,0.0,1715943290.6417477,0.0,0.0,0.0,1715943290.621718,0.009908102380224326,-0.01902397316909954,1.0677263264846957,1715943295.622453,0.008234555358904985,0.0010099388883155758,0.015061931783577105,1715943295.832343,0.001450920213523779,0.006476078631195703,0.0036379335299321575,1715943295.6022153,0.0060609128493620545,-0.016404102836920176,-2.357037074296525
1715943290.5318458,0.0,0.0,0.0,1715943290.651769,0.0,0.0,0.0,1715943290.6317983,0.0075964692582002336,-0.01904448541342907,1.0678351126569827,1715943295.642492,0.009611464949607079,0.005041839373163937,0.012240319928236003,1715943295.8622959,0.01864523787508526,0.013219832559390188,0.016985933626498913,1715943295.6122518,0.0039541940894900485,-0.016919129877119854,-2.356147980630335
1715943290.5417252,0.0,0.0,0.0,1715943290.661696,0.0,0.0,0.0,1715943290.6417477,0.00946301659890969,-0.018650602121288218,1.0678481376254645,1715943295.8022354,0.005164549339583903,0.00037917317387270444,0.0015756899124146591,1715943295.8724031,0.0025195098255382633,0.018856935159334842,0.016232890521079357,1715943295.622453,0.002064488901396766,-0.016875414742179906,-2.3551770819634843
1715943290.5518322,0.0,0.0,0.0,1715943290.7017832,0.0,0.0,0.0,1715943290.651769,0.011420482299337564,-0.017072001779067536,1.0677927761602413,1715943295.8223226,0.004528874028757124,0.003543045593160654,0.0021400406148610034,1715943295.8822484,0.011899942586057453,0.0005719602233216214,0.004348731910825955,1715943295.8022354,0.012465644789353414,-0.007636375811258755,-2.341857620362573
1715943290.5616937,0.0,0.0,0.0,1715943290.7117908,0.0,0.0,0.0,1715943290.661696,0.009499663183416773,-0.016378184275916308,1.067883749360027,1715943295.832343,0.001450920213523779,0.006476078631195703,0.0036379335299321575,1715943295.8922746,0.014724907591832554,0.006504491260821865,0.012661030503830599,1715943295.8223226,0.012640707962883191,-0.00479316772109506,-2.3402038700952015
1715943290.5718064,0.0,0.0,0.0,1715943290.721784,0.0,0.0,0.0,1715943290.7017832,0.008902652930955601,-0.01342560309280283,1.0680763658578223,1715943295.8622959,0.01864523787508526,0.013219832559390188,0.016985933626498913,1715943295.9022276,0.00012014463365979866,0.018534875820016117,0.006768592631640412,1715943295.832343,0.010147719111981646,-0.005817646893369943,-2.339420270308046
1715943290.5818653,0.0,0.0,0.0,1715943290.7318013,0.0,0.0,0.0,1715943290.7117908,0.010628089355245618,-0.012712256957585932,1.0681672015701542,1715943295.8724031,0.0025195098255382633,0.018856935159334842,0.016232890521079357,1715943295.9122632,0.0011280686642415692,0.017657111141254234,0.017372030602690935,1715943295.8622959,0.012388528821490885,-0.0020963178210184896,-2.3369243087319784
1715943290.5917668,0.0,0.0,0.0,1715943290.74176,0.0,0.0,0.0,1715943290.721784,0.011217416964589222,-0.010890695245211468,1.0682692711488917,1715943295.8822484,0.011899942586057453,0.0005719602233216214,0.004348731910825955,1715943295.9223614,0.003148722818807276,0.012801438001521337,0.0072201929516212985,1715943295.8724031,0.01019739754239013,-0.0016828667494475091,-2.33608981758797
1715943290.6017272,0.0,0.0,0.0,1715943290.7518642,0.0,0.0,0.0,1715943290.7318013,0.008918039472401107,-0.01035163051055421,1.0684767247418838,1715943295.8922746,0.014724907591832554,0.006504491260821865,0.012661030503830599,1715943295.942335,0.013985819584419794,0.008463434619998988,0.0014006161532377232,1715943295.8822484,0.012120772666010193,-0.003391043972880148,-2.3352360369028227
1715943290.6117086,0.0,0.0,0.0,1715943290.7617621,0.0,0.0,0.0,1715943290.74176,0.010481060398088604,-0.010226333243227748,1.0686648931121883,1715943295.9022276,0.00012014463365979866,0.018534875820016117,0.006768592631640412,1715943295.952276,0.014265513500231003,0.0031008432605081904,0.017777677060945338,1715943295.8922746,0.013866870101897799,-0.004452336698246961,-2.3345771714080343
1715943290.621718,0.0,0.0,0.0,1715943290.7718325,0.0,0.0,0.0,1715943290.7518642,0.009191009982295606,-0.009248058498671385,1.068791313912012,1715943295.9122632,0.0011280686642415692,0.017657111141254234,0.017372030602690935,1715943295.9622788,0.01854324905742894,0.0019208487389217321,0.007903161178482221,1715943295.9022276,0.01598777239170812,-0.005273220144967672,-2.3339210156623045
1715943290.6317983,0.0,0.0,0.0,1715943290.781804,0.0,0.0,0.0,1715943290.7617621,0.006971733774429056,-0.009398678459959786,1.068928370007447,1715943295.9223614,0.003148722818807276,0.012801438001521337,0.0072201929516212985,1715943295.9724412,0.004456058923669276,0.005889415611648019,0.0051512882441759065,1715943295.9122632,0.018500805085512217,-0.005623983592849102,-2.333304551751157
1715943290.6417477,0.0,0.0,0.0,1715943290.7918656,0.0,0.0,0.0,1715943290.7718325,0.008263658788246309,-0.008931467477320876,1.0690241481049088,1715943295.942335,0.013985819584419794,0.008463434619998988,0.0014006161532377232,1715943295.9822512,0.016190336606982048,0.016642909935064454,0.006569964257591095,1715943295.9223614,0.020779234156948823,-0.006784612820971425,-2.3326214092392945
1715943290.651769,0.0,0.0,0.0,1715943290.8117847,0.0,0.0,0.0,1715943290.781804,0.010103921088627787,-0.007517255671289247,1.069031514852082,1715943295.952276,0.014265513500231003,0.0031008432605081904,0.017777677060945338,1715943295.9922915,0.0005178909480185049,0.006670023092145483,0.006511853395013038,1715943295.942335,0.019412553823741074,-0.01046310943725115,-2.331316176798023
1715943290.661696,0.0,0.0,0.0,1715943290.8217824,0.0,0.0,0.0,1715943290.7918656,0.008197976485791014,-0.0075159472054915355,1.069149652849816,1715943295.9622788,0.01854324905742894,0.0019208487389217321,0.007903161178482221,1715943296.0022771,0.010766641045040895,0.0153764082293526,0.0012673092226110376,1715943295.952276,0.020192180409382088,-0.012379086034083775,-2.330609966436059
1715943290.7017832,0.0,0.0,0.0,1715943290.8317356,0.0,0.0,0.0,1715943290.8117847,0.010866784608575375,-0.005021145064038279,1.0693261438330102,1715943295.9724412,0.004456058923669276,0.005889415611648019,0.0051512882441759065,1715943296.0123472,0.009290688330998675,0.01913259492928554,0.012625867492722959,1715943295.9622788,0.018399897755437156,-0.013058426655535582,-2.3299085776376147
1715943290.7117908,0.0,0.0,0.0,1715943290.8417451,0.0,0.0,0.0,1715943290.8217824,0.009210291757092315,-0.005358210261161789,1.0694503781490714,1715943295.9822512,0.016190336606982048,0.016642909935064454,0.006569964257591095,1715943296.022457,0.01011597766344329,0.01396316435414402,0.007746565974044357,1715943295.9724412,0.016767627877736002,-0.0134949075221511,-2.3291606698475826
1715943290.721784,0.0,0.0,0.0,1715943290.851761,0.0,0.0,0.0,1715943290.8317356,0.007078907924453759,-0.006115181404174885,1.069631538970069,1715943295.9922915,0.0005178909480185049,0.006670023092145483,0.006511853395013038,1715943296.0322795,0.0001145497960925038,0.008838773843823589,0.008638077836189056,1715943295.9822512,0.015303880115370871,-0.012658264974256594,-2.328414209965297
1715943290.7318013,0.0,0.0,0.0,1715943290.8617225,0.0,0.0,0.0,1715943290.8417451,0.007452683256944925,-0.008045440648316804,1.0697826226125597,1715943296.0022771,0.010766641045040895,0.0153764082293526,0.0012673092226110376,1715943296.0423565,0.012006700404898901,0.006906382573726333,0.01853313451705221,1715943295.9922915,0.013004450580553772,-0.012359015813789842,-2.327731826047118
1715943290.74176,0.0,0.0,0.0,1715943290.8717725,0.0,0.0,0.0,1715943290.851761,0.0060659538085300335,-0.009126189256182915,1.069988963511907,1715943296.0123472,0.009290688330998675,0.01913259492928554,0.012625867492722959,1715943296.0523148,0.009053673082719014,0.0041754491978456265,0.0032523716663299803,1715943296.0022771,0.011510050405124428,-0.011907985798453424,-2.327089399653737
1715943290.7518642,0.0,0.0,0.0,1715943290.8817573,0.0,0.0,0.0,1715943290.8617225,0.004241091462447888,-0.009890811397475385,1.0701112385680513,1715943296.022457,0.01011597766344329,0.01396316435414402,0.007746565974044357,1715943296.0622835,0.01728674563025139,0.01955223167882303,0.013348843608303327,1715943296.0123472,0.013021422596131593,-0.011021563253816868,-2.326448876267278
1715943290.7617621,0.0,0.0,0.0,1715943290.8917491,0.0,0.0,0.0,1715943290.8717725,0.006142409633628998,-0.009462615091979654,1.0701523505242605,1715943296.0322795,0.0001145497960925038,0.008838773843823589,0.008638077836189056,1715943296.072485,0.01653952502293729,0.004121557785868646,0.010800151114303422,1715943296.022457,0.010344437792211059,-0.010628760739024745,-2.32566214420489
1715943290.7718325,0.0,0.0,0.0,1715943290.901794,0.0,0.0,0.0,1715943290.8817573,0.005009859155451157,-0.010798418623626294,1.070281707781691,1715943296.0423565,0.012006700404898901,0.006906382573726333,0.01853313451705221,1715943296.1224124,0.0037789925047801197,0.009440571135060916,0.015135104684465182,1715943296.0322795,0.008784343425558783,-0.010925403063415384,-2.3248305512730756
1715943290.781804,0.0,0.0,0.0,1715943290.9118147,0.0,0.0,0.0,1715943290.8917491,0.0034539780550285615,-0.011767762329409903,1.0703705462904636,1715943296.0523148,0.009053673082719014,0.0041754491978456265,0.0032523716663299803,1715943296.1322775,0.007861100982302995,0.0017703592462168238,0.012103481997588497,1715943296.0423565,0.010794940217764726,-0.012037162935812473,-2.324052100535795
1715943290.7918656,0.0,0.0,0.0,1715943290.9218235,0.0,0.0,0.0,1715943290.901794,0.004678504984946152,-0.013063630032613238,1.0704889749927662,1715943296.0622835,0.01728674563025139,0.01955223167882303,0.013348843608303327,1715943296.1423793,0.013050910062351675,0.010756161461927594,0.0015556769779528686,1715943296.0523148,0.012129979866884799,-0.013119836037560395,-2.3232125952011526
1715943290.8117847,0.0,0.0,0.0,1715943290.9317572,0.0,0.0,0.0,1715943290.9118147,0.006855985585354385,-0.01420858524404145,1.0705713353827129,1715943296.072485,0.01653952502293729,0.004121557785868646,0.010800151114303422,1715943296.1523495,0.016985172015365473,0.004738971350055188,0.0034798763185591728,1715943296.0622835,0.011260265834031502,-0.011844485245549707,-2.322330990646579
1715943290.8217824,0.0,0.0,0.0,1715943290.941781,0.0,0.0,0.0,1715943290.9218235,0.005883418296471876,-0.015713674076627937,1.0706458822908513,1715943296.1224124,0.0037789925047801197,0.009440571135060916,0.015135104684465182,1715943296.162285,0.01643148763172951,0.007171549086794293,0.00694169658876731,1715943296.072485,0.013353923933977052,-0.011222055781257456,-2.321591356922908
1715943290.8317356,0.0,0.0,0.0,1715943290.9518266,0.0,0.0,0.0,1715943290.9317572,0.006461077315521813,-0.01724565580856119,1.0706849270634318,1715943296.1322775,0.007861100982302995,0.0017703592462168238,0.012103481997588497,1715943296.1724727,0.011266064269265777,0.013097004372586207,0.012201753600744809,1715943296.1224124,0.010390262825201724,-0.00769612226159655,-2.318006034008495
1715943290.8417451,0.0,0.0,0.0,1715943290.961789,0.0,0.0,0.0,1715943290.941781,0.008618956840533487,-0.01767971023678272,1.0707599505985776,1715943296.1423793,0.013050910062351675,0.010756161461927594,0.0015556769779528686,1715943296.1822722,0.017805677651468114,0.001035715850114416,0.0033598021852775427,1715943296.1322775,0.013076508508733209,-0.008384587668477161,-2.3173026379177224
1715943290.851761,0.0,0.0,0.0,1715943291.1918235,0.0,0.0,0.0,1715943290.9518266,0.007507588035433721,-0.01775803244024665,1.0708633549128534,1715943296.1523495,0.016985172015365473,0.004738971350055188,0.0034798763185591728,1715943296.192376,0.006918013699466477,0.007652815019863368,0.013285729614132475,1715943296.1423793,0.011584614454649644,-0.010193132981947128,-2.316788441934369
1715943290.8617225,0.0,0.0,0.0,1715943291.2019467,0.0,0.0,0.0,1715943290.961789,0.0049716337874179395,-0.017963595107090446,1.071057369279145,1715943296.162285,0.01643148763172951,0.007171549086794293,0.00694169658876731,1715943296.2022557,0.018091779216785415,0.014346514192494109,0.010063102146547424,1715943296.1523495,0.009642199030339915,-0.010356657737922381,-2.3161359801574495
1715943290.8717725,0.0,0.0,0.0,1715943291.2118092,0.0,0.0,0.0,1715943291.1918235,0.007793416223319305,-0.01107104971519246,1.0735731103707633,1715943296.1724727,0.011266064269265777,0.013097004372586207,0.012201753600744809,1715943296.2123225,0.0033899149320981217,0.009956854841223661,0.016601883388855463,1715943296.162285,0.00846359899406135,-0.009998455260812555,-2.3154547587972525
1715943290.8817573,0.0,0.0,0.0,1715943291.2418327,0.0,0.0,0.0,1715943291.2019467,0.009810024009034524,-0.012296020416486586,1.0736641060743888,1715943296.1822722,0.017805677651468114,0.001035715850114416,0.0033598021852775427,1715943296.222507,0.005048956531181236,0.01196716010550647,0.007327286075519633,1715943296.1724727,0.010474458120043773,-0.009274996830344051,-2.31489576553275
1715943290.8917491,0.0,0.0,0.0,1715943291.3418417,0.0,0.0,0.0,1715943291.2118092,0.008637551662582843,-0.012404457936114222,1.0737234363680224,1715943296.192376,0.006918013699466477,0.007652815019863368,0.013285729614132475,1715943296.242326,0.01912543059564544,0.0007204044162034684,0.008259065698083936,1715943296.1822722,0.011450838432389698,-0.007970299333150521,-2.3141887409732664
1715943290.901794,0.0,0.0,0.0,1715943291.352411,0.0,0.0,0.0,1715943291.2418327,0.0074693351222264726,-0.012036248871438726,1.0738659173227991,1715943296.2022557,0.018091779216785415,0.014346514192494109,0.010063102146547424,1715943296.2523687,0.0012773198227235372,0.011631934697521329,0.0002614812203199442,1715943296.192376,0.009400072433048523,-0.007870061250100147,-2.313401190311544
1715943290.9118147,0.0,0.0,0.0,1715943291.3617985,0.0,0.0,0.0,1715943291.3418417,0.00817353748424099,-0.017997806323318155,1.0754574634745748,1715943296.2123225,0.0033899149320981217,0.009956854841223661,0.016601883388855463,1715943296.2623773,0.00883920404877104,0.002604717440915838,0.008632486046989891,1715943296.2022557,0.008152617651387306,-0.006991538728135405,-2.3125117879522157
1715943290.9218235,0.0,0.0,0.0,1715943291.6418533,0.0,0.0,0.0,1715943291.352411,0.008045735489254802,-0.019916214027112744,1.0756391425323835,1715943296.222507,0.005048956531181236,0.01196716010550647,0.007327286075519633,1715943296.2723868,0.0008572887121388361,0.006225336837836881,0.015832089658020024,1715943296.2123225,0.00961489313531727,-0.005903065412020014,-2.311730644060011
1715943290.9317572,0.0,0.0,0.0,1715943291.6518567,0.0,0.0,0.0,1715943291.3617985,0.010325699081995321,-0.01987004742832643,1.0757412033769302,1715943296.242326,0.01912543059564544,0.0007204044162034684,0.008259065698083936,1715943296.2823513,0.015228047023402526,0.0160858542661233,0.010066759737446576,1715943296.222507,0.007103324527205412,-0.005897938498220512,-2.3110319224315834
1715943290.941781,0.0,0.0,0.0,1715943291.6618013,0.0,0.0,0.0,1715943291.6418533,0.009311352723558541,-0.011065607723281579,1.0783486565464688,1715943296.2523687,0.0012773198227235372,0.011631934697521329,0.0002614812203199442,1715943296.292312,0.014163693186737799,0.008960119167690461,0.009668942172664485,1715943296.242326,0.011490830761891502,-0.006464822900030365,-2.3093237154445116
1715943290.9518266,0.0,0.0,0.0,1715943291.6718493,0.0,0.0,0.0,1715943291.6518567,0.010239650225160601,-0.01288622495154601,1.0784319068383676,1715943296.2623773,0.00883920404877104,0.002604717440915838,0.008632486046989891,1715943296.3122966,0.004655428998818927,0.016635251119162975,0.0030051070080853197,1715943296.2523687,0.013147987974823971,-0.007142450332460859,-2.3086330591765067
1715943290.961789,0.0,0.0,0.0,1715943291.6817977,0.0,0.0,0.0,1715943291.6618013,0.011131866223506148,-0.014587208905503246,1.0784908325885532,1715943296.2723868,0.0008572887121388361,0.006225336837836881,0.015832089658020024,1715943296.3223062,0.01805038661281575,0.00663526449087759,0.007254575153569412,1715943296.2623773,0.010870512651628417,-0.007369628843963971,-2.3078687838281953
1715943291.1918235,0.0,0.0,0.0,1715943291.6918797,0.0,0.0,0.0,1715943291.6718493,0.010776569006573644,-0.016406726183760822,1.0786031801585296,1715943296.2823513,0.015228047023402526,0.0160858542661233,0.010066759737446576,1715943296.3322785,0.017621801571175967,0.008272268210774758,0.010799737531881367,1715943296.2723868,0.00977472105478494,-0.008644949124420931,-2.3071114235261034
1715943291.2019467,0.0,0.0,0.0,1715943291.7019048,0.0,0.0,0.0,1715943291.6817977,0.012488670068328211,-0.016020642274035657,1.078663143247938,1715943296.292312,0.014163693186737799,0.008960119167690461,0.009668942172664485,1715943296.3423533,0.0027573828371110663,0.0011450259034759824,0.00814241582876318,1715943296.2823513,0.01199564813359233,-0.009183146172725198,-2.306493210944838
1715943291.2118092,0.0,0.0,0.0,1715943291.7118325,0.0,0.0,0.0,1715943291.6918797,0.01091463058957376,-0.01506674791489404,1.0787183475266044,1715943296.3122966,0.004655428998818927,0.016635251119162975,0.0030051070080853197,1715943296.352337,0.010152469457749964,0.002573536121446729,0.008367809306916125,1715943296.292312,0.01355869023546763,-0.008187709520983466,-2.3058791698307584
1715943291.2418327,0.0,0.0,0.0,1715943291.721846,0.0,0.0,0.0,1715943291.7019048,0.008860751665521804,-0.014716212412792862,1.0787104609237028,1715943296.3223062,0.01805038661281575,0.00663526449087759,0.007254575153569412,1715943296.362413,0.004584749837234941,0.00604819807033663,0.0023417644976379826,1715943296.3122966,0.017729795294684214,-0.010093700558123864,-2.304908866803145
1715943291.3418417,0.0,0.0,0.0,1715943291.731832,0.0,0.0,0.0,1715943291.7118325,0.00972532665870085,-0.013166646750610855,1.0787560526467241,1715943296.3322785,0.017621801571175967,0.008272268210774758,0.010799737531881367,1715943296.3723404,0.002499829318813535,0.014350307834575249,0.016545650700205042,1715943296.3223062,0.019196944449115128,-0.011930362410969453,-2.304265039119006
1715943291.352411,0.0,0.0,0.0,1715943291.7418852,0.0,0.0,0.0,1715943291.721846,0.008890789043584757,-0.014678995490126301,1.0787962423926856,1715943296.3423533,0.0027573828371110663,0.0011450259034759824,0.00814241582876318,1715943296.3823333,0.0171306787508927,0.017677222564491224,0.011191280293480658,1715943296.3322785,0.017725214233922815,-0.012752236725287913,-2.3035845124450436
1715943291.3617985,0.0,0.0,0.0,1715943291.7518897,0.0,0.0,0.0,1715943291.731832,0.007161946544592901,-0.013755143847768103,1.0789266708064005,1715943296.352337,0.010152469457749964,0.002573536121446729,0.008367809306916125,1715943296.4022925,0.007341518369821251,0.0003801091956090463,0.015893919504951007,1715943296.3423533,0.017675575524860765,-0.014897663979611675,-2.3028174928832033
1715943291.6418533,0.0,0.0,0.0,1715943291.761876,0.0,0.0,0.0,1715943291.7418852,0.005266844563858619,-0.012519746680631494,1.0790397829919525,1715943296.362413,0.004584749837234941,0.00604819807033663,0.0023417644976379826,1715943296.412374,0.00033217763206778994,0.0004748230053146507,0.018495111298403633,1715943296.352337,0.01588635739659483,-0.014931702391530965,-2.3020238538391755
1715943291.6518567,0.0,0.0,0.0,1715943291.7719085,0.0,0.0,0.0,1715943291.7518897,0.004014253590929884,-0.012235900282216328,1.079152655379593,1715943296.3723404,0.002499829318813535,0.014350307834575249,0.016545650700205042,1715943296.422371,0.01589338268085162,0.009419277122762804,0.013054735313624242,1715943296.362413,0.014270414176911217,-0.014346754166058684,-2.3012818651385825
1715943291.6618013,0.0,0.0,0.0,1715943291.7818947,0.0,0.0,0.0,1715943291.761876,0.002117526854188645,-0.011905648345389652,1.0793177007349206,1715943296.3823333,0.0171306787508927,0.017677222564491224,0.011191280293480658,1715943296.4323325,0.005412148751851418,0.0027683247832686053,0.00749470966117287,1715943296.3723404,0.013776154646075733,-0.012748439260915845,-2.3006062425055704
1715943291.6718493,0.0,0.0,0.0,1715943291.8218536,0.0,0.0,0.0,1715943291.7719085,0.00048513793474391775,-0.012871497251708997,1.0795062176424233,1715943296.4022925,0.007341518369821251,0.0003801091956090463,0.015893919504951007,1715943296.4423602,0.003620457886670604,0.006585527286027348,0.019746833852106176,1715943296.3823333,0.015076825005687189,-0.01139133386738389,-2.2998550634175006
1715943291.6817977,0.0,0.0,0.0,1715943291.831977,0.0,0.0,0.0,1715943291.7818947,0.0030704055555245136,-0.012141189296563937,1.0795509665460985,1715943296.412374,0.00033217763206778994,0.0004748230053146507,0.018495111298403633,1715943296.452387,0.012415720782972837,0.01961353778734498,0.00957467897288744,1715943296.4022925,0.012013539906357895,-0.012321732543891795,-2.2984918186815606
1715943291.6918797,0.0,0.0,0.0,1715943291.84183,0.0,0.0,0.0,1715943291.8218536,0.004415306360758708,-0.00951147123049867,1.0798406399091327,1715943296.422371,0.01589338268085162,0.009419277122762804,0.013054735313624242,1715943296.4623399,0.01934776001562438,0.015413715082005064,0.018223248501473766,1715943296.412374,0.01212675367131677,-0.010784315276646694,-2.2976893199683563
1715943291.7019048,0.0,0.0,0.0,1715943291.8518708,0.0,0.0,0.0,1715943291.831977,0.005607016049103075,-0.010094551664596274,1.0798663103897108,1715943296.4323325,0.005412148751851418,0.0027683247832686053,0.00749470966117287,1715943296.472444,0.0012627690902389,0.0023264696547584673,0.014631467903708655,1715943296.422371,0.012506869090300965,-0.009294912687743961,-2.2969440879547527
1715943291.7118325,0.0,0.0,0.0,1715943291.8618522,0.0,0.0,0.0,1715943291.84183,0.007843107041896835,-0.011097943075170535,1.0798131366217554,1715943296.4423602,0.003620457886670604,0.006585527286027348,0.019746833852106176,1715943296.482308,0.005916807849605462,0.014951604898999715,0.014927607521567191,1715943296.4323325,0.010489614348845322,-0.00930341226317477,-2.2961652449805765
1715943291.721846,0.0,0.0,0.0,1715943291.8718941,0.0,0.0,0.0,1715943291.8518708,0.006442879701829662,-0.012320801430936612,1.0798970245156108,1715943296.452387,0.012415720782972837,0.01961353778734498,0.00957467897288744,1715943296.5023065,0.009216676358008614,0.011463609792339735,0.014115068987445278,1715943296.4423602,0.012650804523667736,-0.010754991560843141,-2.2955318000452634
1715943291.731832,0.0,0.0,0.0,1715943291.8819325,0.0,0.0,0.0,1715943291.8618522,0.006278111808414533,-0.014338735945649494,1.079887912910242,1715943296.4623399,0.01934776001562438,0.015413715082005064,0.018223248501473766,1715943296.5723333,0.005334085851538599,0.004589276956851407,5.142176369685907e-05,1715943296.452387,0.014262153210508721,-0.012378048420634613,-2.29476275264573
1715943291.7418852,0.0,0.0,0.0,1715943291.8918786,0.0,0.0,0.0,1715943291.8718941,0.005143026530010419,-0.015871195688014428,1.0798712572273317,1715943296.472444,0.0012627690902389,0.0023264696547584673,0.014631467903708655,1715943296.5923715,0.004475312717968027,0.011823038426263421,0.010420447140552649,1715943296.4623399,0.012229972734492334,-0.012290770038386523,-2.294187008689544
1715943291.7518897,0.0,0.0,0.0,1715943291.9018996,0.0,0.0,0.0,1715943291.8819325,0.0032512516760618837,-0.015773276928188196,1.0798738360955675,1715943296.482308,0.005916807849605462,0.014951604898999715,0.014927607521567191,1715943296.6022966,0.004473062296909924,0.0036276996801172245,0.015089522838704864,1715943296.472444,0.010612853637778086,-0.01210897614442441,-2.293629987929103
1715943291.761876,0.0,0.0,0.0,1715943291.911938,0.0,0.0,0.0,1715943291.8918786,0.0009804094239855843,-0.01584652502206385,1.079955746942389,1715943296.5023065,0.009216676358008614,0.011463609792339735,0.014115068987445278,1715943296.612329,0.001157541462940355,0.00269372879617924,0.016111399928193333,1715943296.482308,0.012876454041886198,-0.011118728658555899,-2.2933710350517797
1715943291.7719085,0.0,0.0,0.0,1715943291.9218557,0.0,0.0,0.0,1715943291.9018996,0.0031154368841890268,-0.016479440908534704,1.0799357140323278,1715943296.5723333,0.005334085851538599,0.004589276956851407,5.142176369685907e-05,1715943296.6223338,0.003946570990516709,0.007938720101432262,0.005138654417910729,1715943296.5023065,0.009049334790652175,-0.011011532528101053,-2.2927207382698724
1715943291.7818947,0.0,0.0,0.0,1715943291.9321933,0.0,0.0,0.0,1715943291.911938,0.004770721284333201,-0.01553537574133701,1.0798539333854706,1715943296.5923715,0.004475312717968027,0.011823038426263421,0.010420447140552649,1715943296.6323094,0.018471148978622582,0.011048798538819904,0.0004153665788226568,1715943296.5723333,0.009322849949975787,-0.017299466627695992,-2.289137259999938
1715943291.8218536,0.0,0.0,0.0,1715943291.9418602,0.0,0.0,0.0,1715943291.9218557,0.004350176071955425,-0.013729731204421114,1.0799230148118664,1715943296.6022966,0.004473062296909924,0.0036276996801172245,0.015089522838704864,1715943296.6424105,0.011879663976523135,0.01668801347290816,0.01917257514877014,1715943296.5923715,0.01275309228634014,-0.01903591752067757,-2.2881879894631885
1715943291.831977,0.0,0.0,0.0,1715943291.9519527,0.0,0.0,0.0,1715943291.9321933,0.002704929787175625,-0.013637964825692128,1.0800368608853002,1715943296.612329,0.001157541462940355,0.00269372879617924,0.016111399928193333,1715943296.6522958,0.01938201049491603,0.005271088757295539,0.015046798706091873,1715943296.6022966,0.010963903447833934,-0.019491336849193797,-2.2877663512238344
1715943291.84183,0.0,0.0,0.0,1715943291.9618535,0.0,0.0,0.0,1715943291.9418602,0.0005231698844101462,-0.013720678441251133,1.0801335225977426,1715943296.6223338,0.003946570990516709,0.007938720101432262,0.005138654417910729,1715943296.6623755,0.0065500435387970185,0.004923100073784159,0.015777492939460767,1715943296.612329,0.0092560690187804,-0.01863297490809801,-2.2872428833878535
1715943291.8518708,0.0,0.0,0.0,1715943291.9719555,0.0,0.0,0.0,1715943291.9519527,0.002543112722504959,-0.013227015717027779,1.0802435084323472,1715943296.6323094,0.018471148978622582,0.011048798538819904,0.0004153665788226568,1715943296.6723497,0.01279194293922454,0.003917810938071309,0.0183832090983007,1715943296.6223338,0.010633488486078146,-0.016834190266326265,-2.286778761208262
1715943291.8618522,0.0,0.0,0.0,1715943291.9820018,0.0,0.0,0.0,1715943291.9618535,0.004779570219057394,-0.013353793240598488,1.080269318136182,1715943296.6424105,0.011879663976523135,0.01668801347290816,0.01917257514877014,1715943296.6823115,0.0024662449595822577,0.009667819429245661,0.01783241730637029,1715943296.6323094,0.012270226995572564,-0.016191019288248176,-2.2863993532081732
1715943291.8718941,0.0,0.0,0.0,1715943291.9919245,0.0,0.0,0.0,1715943291.9719555,0.005522612757273837,-0.011894338038541452,1.0803432195034104,1715943296.6522958,0.01938201049491603,0.005271088757295539,0.015046798706091873,1715943296.7424238,0.01602195903805381,0.012939041002727025,0.004564666530616365,1715943296.6424105,0.010803669729283927,-0.015042842708941295,-2.2858540417325406
1715943291.8819325,0.0,0.0,0.0,1715943292.0019736,0.0,0.0,0.0,1715943291.9820018,0.007246344936513438,-0.01109823546936095,1.0803623450978903,1715943296.6623755,0.0065500435387970185,0.004923100073784159,0.015777492939460767,1715943296.7623754,0.012321632393511374,0.00954601278615752,0.018074059483818575,1715943296.6522958,0.009925768574120974,-0.013850186343461024,-2.285149143778855
1715943291.8918786,0.0,0.0,0.0,1715943292.01187,0.0,0.0,0.0,1715943291.9919245,0.005841405089051066,-0.00997504948833594,1.080514956407618,1715943296.6723497,0.01279194293922454,0.003917810938071309,0.0183832090983007,1715943296.77241,0.010347221885321799,0.018029075157561136,0.01076401816556,1715943296.6623755,0.00930569688593974,-0.012460650988404653,-2.2845910746432487
1715943291.9018996,0.0,0.0,0.0,1715943292.0219016,0.0,0.0,0.0,1715943292.0019736,0.0038405912544370313,-0.009734688623842302,1.0807236433052874,1715943296.6823115,0.0024662449595822577,0.009667819429245661,0.01783241730637029,1715943296.782382,0.017059429803316727,0.0023111484902578194,0.011907649105152119,1715943296.6723497,0.007142215989202727,-0.012681875477960736,-2.2838582936264693
1715943291.911938,0.0,0.0,0.0,1715943292.0319939,0.0,0.0,0.0,1715943292.01187,0.002023497731936663,-0.010273489812709702,1.0808659581986415,1715943296.7424238,0.01602195903805381,0.012939041002727025,0.004564666530616365,1715943296.7924366,0.010657444990976912,0.019634181305414833,0.01818222189434678,1715943296.6823115,0.009140386004695022,-0.011804952082807185,-2.283169518968406
1715943291.9218557,0.0,0.0,0.0,1715943292.0418856,0.0,0.0,0.0,1715943292.0219016,0.00011630881790980485,-0.011557746474333053,1.0810207589461687,1715943296.7623754,0.012321632393511374,0.00954601278615752,0.018074059483818575,1715943296.8124502,0.004437050286867107,0.0038361848415433553,0.014440778667465407,1715943296.7424238,0.007882835295738522,-0.010294996019330815,-2.2802020800532734
1715943291.9321933,0.0,0.0,0.0,1715943292.0518854,0.0,0.0,0.0,1715943292.0319939,0.0018798571429387012,-0.012560911089718019,1.0811203444363748,1715943296.77241,0.010347221885321799,0.018029075157561136,0.01076401816556,1715943296.822388,0.006375691249513573,0.01619383010234965,0.019592631218010623,1715943296.7623754,0.011821177499469426,-0.008675844498070795,-2.2795023941485635
1715943291.9418602,0.0,0.0,0.0,1715943292.0618513,0.0,0.0,0.0,1715943292.0418856,0.0008325115687520812,-0.013895718895708953,1.081153637440484,1715943296.782382,0.017059429803316727,0.0023111484902578194,0.011907649105152119,1715943296.8323524,0.007883598237288394,0.012780673913041163,0.010288284698504043,1715943296.77241,0.010452825630474116,-0.007619764611767499,-2.278971849205309
1715943291.9519527,0.0,0.0,0.0,1715943292.0718749,0.0,0.0,0.0,1715943292.0518854,-0.0009775965716164459,-0.015127968168632044,1.0813370448644695,1715943296.7924366,0.010657444990976912,0.019634181305414833,0.01818222189434678,1715943296.8424277,0.012152499779110412,0.013454683556785252,0.004023752698641498,1715943296.782382,0.01129790062501046,-0.00602341980018295,-2.2785482991465553
1715943291.9618535,0.0,0.0,0.0,1715943292.08194,0.0,0.0,0.0,1715943292.0618513,0.0005207225268232252,-0.01646656976190486,1.0815584712351827,1715943296.8124502,0.004437050286867107,0.0038361848415433553,0.014440778667465407,1715943296.8524299,0.003914145364207141,0.0018364652419680105,0.012798221643983112,1715943296.7924366,0.01364373820022613,-0.005412276406639105,-2.278047878398132
1715943291.9719555,0.0,0.0,0.0,1715943292.0919657,0.0,0.0,0.0,1715943292.0718749,0.0029796249476574665,-0.017058078328504145,1.0817404406552278,1715943296.822388,0.006375691249513573,0.01619383010234965,0.019592631218010623,1715943296.8724244,0.014023317531191161,0.0066204132168841134,0.003659609937177302,1715943296.8124502,0.010563229514824801,-0.006990018330451209,-2.2769698139744055
1715943291.9820018,0.0,0.0,0.0,1715943292.21185,0.0,0.0,0.0,1715943292.08194,0.0010335018327644052,-0.01744531714115305,1.0820278668926564,1715943296.8323524,0.007883598237288394,0.012780673913041163,0.010288284698504043,1715943296.8823676,0.015056780988407252,0.01262217929091225,0.0004356759363669301,1715943296.822388,0.009327431581000578,-0.008538383906943281,-2.276376054837158
1715943291.9919245,0.0,0.0,0.0,1715943292.2219589,0.0,0.0,0.0,1715943292.21185,0.0025628976020778405,-0.01520717293492968,1.0839212760459214,1715943296.8424277,0.012152499779110412,0.013454683556785252,0.004023752698641498,1715943296.8923635,0.013559657446935174,0.004352322815103671,0.006802965709968982,1715943296.8323524,0.011007756563560678,-0.010132755246044178,-2.275676210177279
1715943292.0019736,0.0,0.0,0.0,1715943292.2319522,0.0,0.0,0.0,1715943292.2219589,0.000824349737079566,-0.015284231866377285,1.0841875781359427,1715943296.8524299,0.003914145364207141,0.0018364652419680105,0.012798221643983112,1715943296.902389,0.007026584916535173,0.009164677235630192,0.01131478520521683,1715943296.8424277,0.009143051860243778,-0.01160574576659057,-2.2749719719022465
1715943292.01187,0.0,0.0,0.0,1715943292.2418816,0.0,0.0,0.0,1715943292.2319522,0.0021713747664169336,-0.016761936374492414,1.0844281878874984,1715943296.8724244,0.014023317531191161,0.0066204132168841134,0.003659609937177302,1715943296.9123468,0.006249459047384564,0.008218523535947986,0.012250636880104613,1715943296.8524299,0.007283164239991535,-0.011904239328764277,-2.274427305483247
1715943292.0219016,0.0,0.0,0.0,1715943292.2519503,0.0,0.0,0.0,1715943292.2418816,0.004453080151377575,-0.016004138456250594,1.0845706807274988,1715943296.8823676,0.015056780988407252,0.01262217929091225,0.0004356759363669301,1715943296.9223745,0.011028211155916833,0.015801772401609737,0.0015280496327343303,1715943296.8724244,0.008880046616614123,-0.008443239311188844,-2.2734164954868916
1715943292.0319939,0.0,0.0,0.0,1715943292.2618654,0.0,0.0,0.0,1715943292.2519503,0.005841073649832662,-0.014406444967733245,1.0846801127244423,1715943296.8923635,0.013559657446935174,0.004352322815103671,0.006802965709968982,1715943296.9323664,0.012030659749724792,0.006114638269351325,0.01627017572024774,1715943296.8823676,0.009267802430524608,-0.006508965994127092,-2.272994171755233
1715943292.0418856,0.0,0.0,0.0,1715943292.2719154,0.0,0.0,0.0,1715943292.2618654,0.006993146917558035,-0.013612698144525037,1.0848696229578603,1715943296.902389,0.007026584916535173,0.009164677235630192,0.01131478520521683,1715943296.942374,0.009903775014731282,0.0022780072322505784,0.014054434425391692,1715943296.8923635,0.011025389600556101,-0.005075322793696602,-2.2727820503660636
1715943292.0518854,0.0,0.0,0.0,1715943292.2818751,0.0,0.0,0.0,1715943292.2719154,0.008550129543562157,-0.012302892963694134,1.084947959103517,1715943296.9123468,0.006249459047384564,0.008218523535947986,0.012250636880104613,1715943296.9524195,0.009952034770421305,0.016341376183187872,0.0024396316377366116,1715943296.902389,0.009999654917963952,-0.003709305341348168,-2.2725822418846917
1715943292.0618513,0.0,0.0,0.0,1715943292.2918973,0.0,0.0,0.0,1715943292.2818751,0.006816826819325272,-0.01214583260401536,1.0849352586013898,1715943296.9223745,0.011028211155916833,0.015801772401609737,0.0015280496327343303,1715943296.9623513,0.009685824750060017,0.006286521927883593,0.01284289060796628,1715943296.9123468,0.0085622877905136,-0.0032070047410366342,-2.2724456328798386
1715943292.0718749,0.0,0.0,0.0,1715943292.3019428,0.0,0.0,0.0,1715943292.2918973,0.0038781319931501246,-0.012721474937400723,1.085007350829077,1715943296.9323664,0.012030659749724792,0.006114638269351325,0.01627017572024774,1715943297.0623817,0.006271537313604755,0.018335195971942886,0.01912796049957709,1715943296.9223745,0.011019665558946068,-0.003157280262013451,-2.2725106453865607
1715943292.08194,0.0,0.0,0.0,1715943292.3118844,0.0,0.0,0.0,1715943292.3019428,0.0059030797231617305,-0.013110045344815191,1.084950254449796,1715943296.942374,0.009903775014731282,0.0022780072322505784,0.014054434425391692,1715943297.2923915,0.005974142714102581,0.00766574939212572,0.017007783527515526,1715943296.9323664,0.013086484191817238,-0.0037755631725553407,-2.272604223208221
1715943292.0919657,0.0,0.0,0.0,1715943292.3219802,0.0,0.0,0.0,1715943292.3118844,0.004794775783431571,-0.012707817773711438,1.0849215083731933,1715943296.9524195,0.009952034770421305,0.016341376183187872,0.0024396316377366116,1715943297.3023744,0.01679217591380045,0.005359413370281896,0.005760359713540428,1715943296.942374,0.011838786663200151,-0.005461721263354313,-2.2727671655520725
1715943292.21185,0.0,0.0,0.0,1715943292.331982,0.0,0.0,0.0,1715943292.3219802,0.0023148824839590576,-0.013240931793717214,1.084940620463834,1715943296.9623513,0.009685824750060017,0.006286521927883593,0.01284289060796628,1715943297.3123918,0.008624627905437887,0.014748945753381593,0.007096751876086313,1715943296.9524195,0.009959356567879496,-0.006479648413306505,-2.272995430268158
1715943292.2219589,0.0,0.0,0.0,1715943292.3419127,0.0,0.0,0.0,1715943292.331982,0.000410621544113976,-0.012585006255908304,1.0850572627870083,1715943297.0623817,0.006271537313604755,0.018335195971942886,0.01912796049957709,1715943297.3225164,0.016573242030332107,0.0019520986121426276,0.01896249781204961,1715943296.9623513,0.009146825703322481,-0.008240217690016705,-2.2730897691936267
1715943292.2319522,0.0,0.0,0.0,1715943292.3519719,0.0,0.0,0.0,1715943292.3419127,-0.0011325912187143405,-0.013123185773191937,1.0851828773942136,1715943297.2923915,0.005974142714102581,0.00766574939212572,0.017007783527515526,1715943297.6024501,0.006128611488632668,0.00831695463725235,0.01621923987883932,1715943297.0623817,-0.0019417208405934083,-0.012417718499209807,-2.2732131948477132
1715943292.2418816,0.0,0.0,0.0,1715943292.3619747,0.0,0.0,0.0,1715943292.3519719,-0.0028563456588824865,-0.01379675868168495,1.085330321326344,1715943297.3023744,0.01679217591380045,0.005359413370281896,0.005760359713540428,1715943297.6125214,0.0013964078523826823,0.01599311272603199,0.017246616907368312,1715943297.2923915,0.004583091245464299,-0.012755751986127661,-2.276397458232049
1715943292.2519503,0.0,0.0,0.0,1715943292.3719232,0.0,0.0,0.0,1715943292.3619747,-0.004267502800485823,-0.012719060744353028,1.08552663040799,1715943297.3123918,0.008624627905437887,0.014748945753381593,0.007096751876086313,1715943297.6225982,0.014176710288633642,0.002010077047555958,0.014755580553002934,1715943297.3023744,0.006509896642711732,-0.0136229637021279,-2.2768117224870172
1715943292.2618654,0.0,0.0,0.0,1715943292.3823335,0.0,0.0,0.0,1715943292.3719232,-0.0020909596232595584,-0.013002711831606728,1.0856809047312868,1715943297.3225164,0.016573242030332107,0.0019520986121426276,0.01896249781204961,1715943297.6324363,0.014914543831865577,0.018326280098156733,0.016935453763111844,1715943297.3123918,0.004819931723525794,-0.014184132261601867,-2.277002492657708
1715943292.2719154,0.0,0.0,0.0,1715943292.3919797,0.0,0.0,0.0,1715943292.3823335,-0.0033942028716879014,-0.012998755618324642,1.0859287091986207,1715943297.6024501,0.006128611488632668,0.00831695463725235,0.01621923987883932,1715943297.6524856,0.0012079882220609292,0.018371041929178933,0.009001577251238863,1715943297.3225164,0.003497834785035625,-0.013477164118511631,-2.2772608728317625
1715943292.2818751,0.0,0.0,0.0,1715943292.4019525,0.0,0.0,0.0,1715943292.3919797,-0.0049948231288905465,-0.013594856035218816,1.0860698695441113,1715943297.6125214,0.0013964078523826823,0.01599311272603199,0.017246616907368312,1715943297.6624389,0.0023355405429942465,0.012062854548240631,0.0058777996432727705,1715943297.6024501,0.0138426006894945,-0.014218313458195242,-2.2824537824905207
1715943292.2918973,0.0,0.0,0.0,1715943292.4120483,0.0,0.0,0.0,1715943292.4019525,-0.003512729145754956,-0.015107891753099567,1.0862817017586077,1715943297.6225982,0.014176710288633642,0.002010077047555958,0.014755580553002934,1715943297.6824331,0.001630006698210069,0.008586574272339664,0.005664003311686863,1715943297.6125214,0.015173903992084625,-0.012434707626318486,-2.2829354528020573
1715943292.3019428,0.0,0.0,0.0,1715943292.421974,0.0,0.0,0.0,1715943292.4120483,-0.0008387202377043712,-0.01587071620415892,1.0864564683989189,1715943297.6324363,0.014914543831865577,0.018326280098156733,0.016935453763111844,1715943297.692439,0.0050762180645666476,0.015421210483974157,0.007926009752270575,1715943297.6225982,0.013110592593124748,-0.011611670413709474,-2.283278217169552
1715943292.3118844,0.0,0.0,0.0,1715943292.431945,0.0,0.0,0.0,1715943292.421974,0.0010671054734818775,-0.017098965242548836,1.086577490720025,1715943297.6524856,0.0012079882220609292,0.018371041929178933,0.009001577251238863,1715943297.702415,0.01835280790713312,0.011531872434931811,0.018128518841617525,1715943297.6324363,0.012064002901303494,-0.01048087184438673,-2.2836307216681933
1715943292.3219802,0.0,0.0,0.0,1715943292.4419005,0.0,0.0,0.0,1715943292.431945,0.003192326857671901,-0.01710866332647898,1.086680093377255,1715943297.6624389,0.0023355405429942465,0.012062854548240631,0.0058777996432727705,1715943297.7124298,0.0005324004340326611,0.016630537580100135,0.014568716689662302,1715943297.6524856,0.012682353755751663,-0.007181809672679673,-2.284493096465564
1715943292.331982,0.0,0.0,0.0,1715943292.5020046,0.0,0.0,0.0,1715943292.4419005,0.005529733279928006,-0.017980876605884433,1.0868364550655487,1715943297.6824331,0.001630006698210069,0.008586574272339664,0.005664003311686863,1715943297.7225423,0.014665491758257246,0.005475582182097982,0.016988021007075867,1715943297.6624389,0.011249562093437637,-0.0065252643931865695,-2.284814235065104
1715943292.3419127,0.0,0.0,0.0,1715943292.5119839,0.0,0.0,0.0,1715943292.5020046,0.0034143678555137447,-0.01669635945321213,1.0874105611751683,1715943297.692439,0.0050762180645666476,0.015421210483974157,0.007926009752270575,1715943297.7324586,0.01789116736509632,0.004992697347341757,0.007857475541891106,1715943297.6824331,0.007519129061007268,-0.007711237405915838,-2.2857576889117652
1715943292.3519719,0.0,0.0,0.0,1715943292.5219784,0.0,0.0,0.0,1715943292.5119839,0.002723395508212101,-0.018793056483368042,1.0875514461728404,1715943297.702415,0.01835280790713312,0.011531872434931811,0.018128518841617525,1715943297.7524774,0.012832720659476347,0.011775809028038431,0.003272456208287737,1715943297.692439,0.005910529212538984,-0.007226119358969552,-2.286276545817042
1715943292.3619747,0.0,0.0,0.0,1715943292.5319877,0.0,0.0,0.0,1715943292.5219784,0.002207071924477888,-0.02063003895354565,1.0877726638453082,1715943297.7124298,0.0005324004340326611,0.016630537580100135,0.014568716689662302,1715943297.7624469,0.00018883683944504186,0.014573696419175164,0.0016932602731926049,1715943297.702415,0.007927240077354458,-0.008265827071466614,-2.286998124914913
1715943292.3719232,0.0,0.0,0.0,1715943292.5419574,0.0,0.0,0.0,1715943292.5319877,0.002716995209466777,-0.022652202255552423,1.0879844414620166,1715943297.7225423,0.014665491758257246,0.005475582182097982,0.016988021007075867,1715943298.2325222,0.018588817353211728,0.012110622974337293,0.008200188917632547,1715943297.7124298,0.006175242450451979,-0.0085370452279514,-2.28775213299688
1715943292.3823335,0.0,0.0,0.0,1715943292.5519602,0.0,0.0,0.0,1715943292.5419574,0.004680923806620774,-0.02144273647744388,1.0881412574070788,1715943297.7324586,0.01789116736509632,0.004992697347341757,0.007857475541891106,1715943298.2438347,0.009258549773338062,0.016046794689872357,0.011266337197468466,1715943297.7225423,0.005025657700032271,-0.007733342706503832,-2.2885684398950357
1715943292.3919797,0.0,0.0,0.0,1715943292.5618987,0.0,0.0,0.0,1715943292.5519602,0.003751742980586781,-0.02025137080297701,1.0884216717490425,1715943297.7524774,0.012832720659476347,0.011775809028038431,0.003272456208287737,1715943298.2525496,0.015506790868971412,0.014246697311879997,0.0005780603479396164,1715943297.7324586,0.0030325693328665526,-0.00796811437133238,-2.2894123803331023
1715943292.4019525,0.0,0.0,0.0,1715943292.572002,0.0,0.0,0.0,1715943292.5618987,0.00208121133526451,-0.020130831426706353,1.0886019402775444,1715943297.7624469,0.00018883683944504186,0.014573696419175164,0.0016932602731926049,1715943298.2725008,0.0039740066542062165,0.00526263857344933,0.010533343534575822,1715943297.7524774,0.0083985235320585,-0.009643071635181633,-2.291527032683681
1715943292.4120483,0.0,0.0,0.0,1715943292.5819147,0.0,0.0,0.0,1715943292.572002,0.004198858363969049,-0.021492168351242347,1.088727511542543,1715943298.2325222,0.018588817353211728,0.012110622974337293,0.008200188917632547,1715943298.282499,0.0005456257293281457,0.004991866562638281,0.008674203847905097,1715943297.7624469,0.010685913315766404,-0.009882123924425334,-2.2927812033925923
1715943292.421974,0.0,0.0,0.0,1715943292.591938,0.0,0.0,0.0,1715943292.5819147,0.00403645877497627,-0.02385075060007691,1.0888879279749148,1715943298.2438347,0.009258549773338062,0.016046794689872357,0.011266337197468466,1715943298.292549,0.00825950479029022,0.0014174328779630319,0.013640018365076601,1715943298.2325222,0.001995691871776062,-0.007515242984309722,-2.3757264588556666
1715943292.431945,0.0,0.0,0.0,1715943292.6019702,0.0,0.0,0.0,1715943292.591938,0.003737648829686746,-0.02642533852091522,1.0890255379752674,1715943298.2525496,0.015506790868971412,0.014246697311879997,0.0005780603479396164,1715943298.3024864,0.0014828310489671296,0.0003500930227373633,0.0009126332726965942,1715943298.2438347,-0.00024512046290192657,-0.008736690697563887,-2.37750007549034
1715943292.4419005,0.0,0.0,0.0,1715943292.6119592,0.0,0.0,0.0,1715943292.6019702,0.005074672420945947,-0.028726490516783887,1.0890483620830511,1715943298.2725008,0.0039740066542062165,0.00526263857344933,0.010533343534575822,1715943298.3125038,0.016480397566181727,0.01309123833362369,0.011357084032336057,1715943298.2525496,0.00028178262640410345,-0.010739226207611363,-2.3787795372234237
1715943292.5020046,0.0,0.0,0.0,1715943292.6220114,0.0,0.0,0.0,1715943292.6119592,0.005491823532543627,-0.031228715784035854,1.0891333690537297,1715943298.282499,0.0005456257293281457,0.004991866562638281,0.008674203847905097,1715943298.3224728,0.000656361158001004,0.01708802309476698,0.009463176494021926,1715943298.2725008,0.00026910897064080785,-0.014637293870458867,-2.381783896295783
1715943292.5119839,0.0,0.0,0.0,1715943292.6319954,0.0,0.0,0.0,1715943292.6220114,0.004766683950772732,-0.03328512909917691,1.0893678098136996,1715943298.292549,0.00825950479029022,0.0014174328779630319,0.013640018365076601,1715943298.9025545,0.018374261488627114,0.019222191111846865,0.012067382665139521,1715943298.282499,0.0015521423807394186,-0.016398391779715693,-2.383083953901193
1715943292.5219784,0.0,0.0,0.0,1715943292.6419427,0.0,0.0,0.0,1715943292.6319954,0.0056189655169593955,-0.03532161232658382,1.0894908516211794,1715943298.3024864,0.0014828310489671296,0.0003500930227373633,0.0009126332726965942,1715943298.9125679,0.01998008249965378,0.017830239729725417,0.017684077188682208,1715943298.292549,0.0032168111611146077,-0.01761643501573862,-2.384443644011756
1715943292.5319877,0.0,0.0,0.0,1715943292.651998,0.0,0.0,0.0,1715943292.6419427,0.007816575699274408,-0.03648103700230787,1.0896271575750927,1715943298.3125038,0.016480397566181727,0.01309123833362369,0.011357084032336057,1715943298.9225338,0.0018937495575916546,0.012564515748439309,0.0014629943974085594,1715943298.3024864,0.0012390353155806721,-0.017138946120752285,-2.3854905849048125
1715943292.5419574,0.0,0.0,0.0,1715943292.6619356,0.0,0.0,0.0,1715943292.651998,0.007797942742540531,-0.03836671389154622,1.089768394590768,1715943298.3224728,0.000656361158001004,0.01708802309476698,0.009463176494021926,1715943298.9325736,0.013115495529513103,0.009079850239060994,0.004432259376958179,1715943298.3125038,0.0026836602344797456,-0.015715266245301063,-2.386437240683315
1715943292.5519602,0.0,0.0,0.0,1715943292.6719832,0.0,0.0,0.0,1715943292.6619356,0.006976610822366558,-0.04001459157969123,1.0899292677161152,1715943298.9025545,0.018374261488627114,0.019222191111846865,0.012067382665139521,1715943298.9447103,0.0197538849245698,0.011830511816821154,0.010107258633922579,1715943298.3224728,0.00331398680142736,-0.014441663551925332,-2.3873302312340474
1715943292.5618987,0.0,0.0,0.0,1715943292.6819422,0.0,0.0,0.0,1715943292.6719832,0.008899195038698071,-0.03991853933857703,1.089917937787105,1715943298.9125679,0.01998008249965378,0.017830239729725417,0.017684077188682208,1715943298.9526062,0.0179183327664971,0.006092421483196997,0.01681601995018275,1715943298.9025545,0.005533695285043327,-0.007932983324356657,-2.4388879869487283
1715943292.572002,0.0,0.0,0.0,1715943292.691964,0.0,0.0,0.0,1715943292.6819422,0.010939561503726103,-0.03913764504113426,1.089914857413567,1715943298.9225338,0.0018937495575916546,0.012564515748439309,0.0014629943974085594,1715943298.9626327,0.004285593172599831,0.004015993052300049,0.007920483406991015,1715943298.9125679,0.003401723361365905,-0.00750323251550622,-2.4400518823147275
1715943292.5819147,0.0,0.0,0.0,1715943292.7020054,0.0,0.0,0.0,1715943292.691964,0.00920886462954229,-0.038440498094755915,1.090011749895281,1715943298.9325736,0.013115495529513103,0.009079850239060994,0.004432259376958179,1715943298.9725835,0.0027102374060972083,0.013331623980447516,0.0033030024802623106,1715943298.9225338,0.002113313006779194,-0.006165528498420336,-2.4413441045346205
1715943292.591938,0.0,0.0,0.0,1715943292.7119992,0.0,0.0,0.0,1715943292.7020054,0.010186730997617577,-0.036649769595479054,1.0900617887139807,1715943298.9447103,0.0197538849245698,0.011830511816821154,0.010107258633922579,1715943298.9925818,0.005327438362116873,0.0024356972903794016,0.002853762762440412,1715943298.9325736,0.0010462400345352396,-0.004528532356179005,-2.4425596141906807
1715943292.6019702,0.0,0.0,0.0,1715943292.7220018,0.0,0.0,0.0,1715943292.7119992,0.011561826486821025,-0.035147407804350994,1.09006718856768,1715943298.9526062,0.0179183327664971,0.006092421483196997,0.01681601995018275,1715943299.012622,0.0071786192496998275,0.016470194557145268,0.01768965418259656,1715943298.9447103,0.000943708445615199,-0.0025503419235650693,-2.4437204174375546
1715943292.6119592,0.0,0.0,0.0,1715943292.7321322,0.0,0.0,0.0,1715943292.7220018,0.009997476467043187,-0.03510623640096511,1.0902108107761366,1715943298.9626327,0.004285593172599831,0.004015993052300049,0.007920483406991015,1715943299.0226583,0.012206175897789,0.018029764383342917,0.011847673534167538,1715943298.9526062,0.0023373845853467135,-0.002766061396323849,-2.4444616451343455
1715943292.6220114,0.0,0.0,0.0,1715943292.7419474,0.0,0.0,0.0,1715943292.7321322,0.008076457559185846,-0.035325652376166694,1.090447553072006,1715943298.9725835,0.0027102374060972083,0.013331623980447516,0.0033030024802623106,1715943299.0429132,0.0179087977137731,0.004353533465176085,0.011737697315883741,1715943298.9626327,0.0042033238013530205,-0.0034669867142465005,-2.4454574702101706
1715943292.6319954,0.0,0.0,0.0,1715943292.752035,0.0,0.0,0.0,1715943292.7419474,0.008495010172760331,-0.033306959025559024,1.0905384718383633,1715943298.9925818,0.005327438362116873,0.0024356972903794016,0.002853762762440412,1715943299.062617,0.0007506591971387444,0.003633131354569441,0.014733191269822612,1715943298.9725835,0.006311420226103426,-0.005039300241101108,-2.4465035292272552
1715943292.6419427,0.0,0.0,0.0,1715943292.7619526,0.0,0.0,0.0,1715943292.752035,0.009600234715578138,-0.0312557547311636,1.090678260413113,1715943299.012622,0.0071786192496998275,0.016470194557145268,0.01768965418259656,1715943299.3826141,0.008107516669461669,0.01888797117057095,0.013332999901092393,1715943298.9925818,0.00699013376073232,-0.009790442859372916,-2.44866612022308
1715943292.651998,0.0,0.0,0.0,1715943292.7719622,0.0,0.0,0.0,1715943292.7619526,0.008097698204973414,-0.030484156552218034,1.0908491759697587,1715943299.0226583,0.012206175897789,0.018029764383342917,0.011847673534167538,1715943299.3927777,0.007398756107335215,0.004112203591298158,0.011807797166196161,1715943299.012622,0.008037586608609093,-0.013739225638690789,-2.45099100064953
1715943292.6619356,0.0,0.0,0.0,1715943292.781967,0.0,0.0,0.0,1715943292.7719622,0.006164279568463771,-0.029550446028512534,1.0910895149029483,1715943299.0429132,0.0179087977137731,0.004353533465176085,0.011737697315883741,1715943299.40262,0.005300055935401763,0.015076389345560326,0.0021110789361980646,1715943299.0226583,0.009893605195107513,-0.015090311883083407,-2.4522364960184193
1715943292.6719832,0.0,0.0,0.0,1715943292.7920187,0.0,0.0,0.0,1715943292.781967,0.007972230702450789,-0.028810207323641368,1.0911191107688831,1715943299.062617,0.0007506591971387444,0.003633131354569441,0.014733191269822612,1715943299.412675,0.011784239821980397,0.0010358653153839104,0.01846109007383184,1715943299.0429132,0.0064755474575113325,-0.013607762520645661,-2.4549268721231847
1715943292.6819422,0.0,0.0,0.0,1715943292.8021548,0.0,0.0,0.0,1715943292.7920187,0.009897560135855521,-0.028147466788442932,1.0911185852994014,1715943299.3826141,0.008107516669461669,0.01888797117057095,0.013332999901092393,1715943299.4326646,0.018016232297889734,0.0014994602852698158,0.0007948349087526212,1715943299.062617,0.01105003174007213,-0.012731099604815332,-2.457097444462317
1715943292.691964,0.0,0.0,0.0,1715943292.8119829,0.0,0.0,0.0,1715943292.8021548,0.011023728740302552,-0.026612071280256444,1.0910805315829137,1715943299.3927777,0.007398756107335215,0.004112203591298158,0.011807797166196161,1715943299.4452019,0.01527810514009653,0.007709037177398237,0.003573786413307788,1715943299.3826141,0.01391077726488188,-0.013725566401469713,-2.483025376541539
1715943292.7020054,0.0,0.0,0.0,1715943292.8220298,0.0,0.0,0.0,1715943292.8119829,0.011728827625575478,-0.02511721027673186,1.0910443793650333,1715943299.40262,0.005300055935401763,0.015076389345560326,0.0021110789361980646,1715943299.4526658,0.009184508912828493,0.009694483787000996,0.01682425235815633,1715943299.3927777,0.012104919341821674,-0.01490247748860174,-2.4834995024448077
1715943292.7119992,0.0,0.0,0.0,1715943292.8319583,0.0,0.0,0.0,1715943292.8220298,0.010961234026052424,-0.023598081692906003,1.0911031710254115,1715943299.412675,0.011784239821980397,0.0010358653153839104,0.01846109007383184,1715943299.4627452,0.006933332798694446,0.005727546697379848,0.01834507819207313,1715943299.40262,0.01054921852099211,-0.015096487010755277,-2.483908291126971
1715943292.7220018,0.0,0.0,0.0,1715943292.8419733,0.0,0.0,0.0,1715943292.8319583,0.010836953115712866,-0.021858228387417578,1.0911558633711178,1715943299.4326646,0.018016232297889734,0.0014994602852698158,0.0007948349087526212,1715943299.4726598,0.0033979561539147045,0.0013851784481491158,0.009702430484083877,1715943299.412675,0.008554371033483221,-0.01491714045182313,-2.484386567721686
1715943292.7321322,0.0,0.0,0.0,1715943292.8521025,0.0,0.0,0.0,1715943292.8419733,0.01256132279324107,-0.021669247952953663,1.0911489718076723,1715943299.4452019,0.01527810514009653,0.007709037177398237,0.003573786413307788,1715943299.4826264,0.018245363057864877,0.01869814350238963,0.006487449048044499,1715943299.4326646,0.012245403947752642,-0.01305128332076455,-2.485193856217268
1715943292.7419474,0.0,0.0,0.0,1715943292.8619578,0.0,0.0,0.0,1715943292.8521025,0.01129148322211504,-0.02014940623155126,1.091277711570262,1715943299.4526658,0.009184508912828493,0.009694483787000996,0.01682425235815633,1715943299.5026164,0.00848964635405671,0.0010688087724484152,0.007840263880325842,1715943299.4452019,0.009597102530770618,-0.013130358892711413,-2.48577724187117
1715943292.752035,0.0,0.0,0.0,1715943292.8720803,0.0,0.0,0.0,1715943292.8619578,0.00918807355592366,-0.0204013772611229,1.091297002987115,1715943299.4627452,0.006933332798694446,0.005727546697379848,0.01834507819207313,1715943300.002735,0.0019004296678025454,0.001044139290804047,0.009015270612437995,1715943299.4526658,0.008059397513701771,-0.013547367917709385,-2.486056552175066
1715943292.7619526,0.0,0.0,0.0,1715943292.8819344,0.0,0.0,0.0,1715943292.8720803,0.007095956601624875,-0.02156343639105196,1.0913635657235288,1715943299.4726598,0.0033979561539147045,0.0013851784481491158,0.009702430484083877,1715943300.0226638,0.003412092638941504,0.00047368319520213475,0.017212315803969994,1715943299.4627452,0.006233350749596189,-0.01420133692629233,-2.486418481193133
1715943292.7719622,0.0,0.0,0.0,1715943292.89199,0.0,0.0,0.0,1715943292.8819344,0.005400145133688583,-0.02202366977989012,1.0915481372073566,1715943299.4826264,0.018245363057864877,0.01869814350238963,0.006487449048044499,1715943300.0926697,0.015224230995392574,0.0176596981044721,0.013997548774198022,1715943299.4726598,0.008335370826193955,-0.015365281757362403,-2.4869581778963936
1715943292.781967,0.0,0.0,0.0,1715943292.9020035,0.0,0.0,0.0,1715943292.89199,0.003730733059195579,-0.02285721617144265,1.091680515427023,1715943299.5026164,0.00848964635405671,0.0010688087724484152,0.007840263880325842,1715943300.102685,0.018621789852117775,0.00021754902807913368,0.0006068052099119613,1715943299.4826264,0.010188124343232019,-0.015541283615408519,-2.4874912416526107
1715943292.7920187,0.0,0.0,0.0,1715943293.052027,0.0,0.0,0.0,1715943292.9020035,0.0016464312614830057,-0.022842721265263988,1.0918239540123849,1715943300.012907,0.0022940861209077117,0.009976120619992423,0.012459422013148333,1715943300.1128151,0.005919166242488137,0.012532310663569302,0.011492783336922406,1715943299.5026164,0.00675630371655056,-0.014541799891036211,-2.4883087768529437
1715943292.8021548,0.0,0.0,0.0,1715943293.061963,0.0,0.0,0.0,1715943293.052027,0.002734308501520344,-0.026644472323889445,1.0925350981226254,1715943300.0226638,0.003412092638941504,0.00047368319520213475,0.017212315803969994,1715943300.1227376,0.006262463702412219,0.012610296284575329,0.019172624273293925,1715943300.002735,0.007280944742244833,-0.015501124102110797,-2.509777625283685
1715943292.8119829,0.0,0.0,0.0,1715943293.071993,0.0,0.0,0.0,1715943293.061963,0.001427229716592926,-0.024205498539278558,1.0926147692569281,1715943300.0926697,0.015224230995392574,0.0176596981044721,0.013997548774198022,1715943300.1327257,0.012318436760388823,0.016506387301372216,0.01598389991831402,1715943300.0226638,0.006293959515510705,-0.01786512579386601,-2.510423701661657
1715943292.8220298,0.0,0.0,0.0,1715943293.0819983,0.0,0.0,0.0,1715943293.071993,0.0013561440546049353,-0.02226560898883112,1.0927843552730776,1715943300.102685,0.018621789852117775,0.00021754902807913368,0.0006068052099119613,1715943300.145326,0.0035955836254784393,0.012518819880262155,0.0033778276095874785,1715943300.0926697,0.004221874949829285,-0.015647758403800616,-2.5130462592131386
1715943292.8319583,0.0,0.0,0.0,1715943293.0919964,0.0,0.0,0.0,1715943293.0819983,0.001733010104026822,-0.020743667376070807,1.0930292588403683,1715943300.1128151,0.005919166242488137,0.012532310663569302,0.011492783336922406,1715943300.1527994,0.007164604851526264,0.006952807800107097,0.0138623410689514,1715943300.102685,0.006562962984625553,-0.015693500031760843,-2.5133709039529517
1715943292.8419733,0.0,0.0,0.0,1715943293.1020503,0.0,0.0,0.0,1715943293.0919964,0.0004094302711455944,-0.020057321603147438,1.0931729735719675,1715943300.1227376,0.006262463702412219,0.012610296284575329,0.019172624273293925,1715943300.1727667,0.009799380582134313,0.008177052806980223,0.007048081334610223,1715943300.1128151,0.004672897041102075,-0.017085154319727014,-2.513761741454171
1715943292.8521025,0.0,0.0,0.0,1715943293.1120236,0.0,0.0,0.0,1715943293.1020503,-0.0014152204718345107,-0.019305600946351475,1.093422995840691,1715943300.1327257,0.012318436760388823,0.016506387301372216,0.01598389991831402,1715943300.2027564,0.012497225613644292,0.006469878853758715,0.007113170785356768,1715943300.1227376,0.003025026121044938,-0.016790850626240417,-2.514006630376311
1715943292.8619578,0.0,0.0,0.0,1715943293.121987,0.0,0.0,0.0,1715943293.1120236,-0.0001568481056540838,-0.02146590919702085,1.0935477109577358,1715943300.145326,0.0035955836254784393,0.012518819880262155,0.0033778276095874785,1715943300.2443655,0.014061160161075663,0.0052045786403494,0.0008914570796565166,1715943300.1327257,0.004806445568410922,-0.015700894934596032,-2.5143657466141516
1715943292.8720803,0.0,0.0,0.0,1715943293.1320295,0.0,0.0,0.0,1715943293.121987,-0.0008051793554294528,-0.023125207350711552,1.0936378696564737,1715943300.1527994,0.007164604851526264,0.006952807800107097,0.0138623410689514,1715943300.2628288,0.01144668340147138,0.01494262146716352,0.018533087881505508,1715943300.145326,0.007256833724626155,-0.015234589414204969,-2.5149789023490454
1715943292.8819344,0.0,0.0,0.0,1715943293.141972,0.0,0.0,0.0,1715943293.1320295,-0.0006953857801190733,-0.02484908991739898,1.0937834657985968,1715943300.1727667,0.009799380582134313,0.008177052806980223,0.007048081334610223,1715943300.2727728,0.008768516764537061,0.019218881236434227,0.010251913882101166,1715943300.1527994,0.0056124586510299945,-0.015285352729290214,-2.5153098293083893
1715943292.89199,0.0,0.0,0.0,1715943293.1521027,0.0,0.0,0.0,1715943293.141972,0.0011402504814682635,-0.023428588128524552,1.0938862764576394,1715943300.2129157,0.011384838214990652,0.018645269051237534,0.001495965916048992,1715943300.2827265,0.01741193754095364,0.010222266502981636,0.006021115552450771,1715943300.1727667,0.010191586243383677,-0.013773046933087008,-2.516193864905266
1715943292.9020035,0.0,0.0,0.0,1715943293.161967,0.0,0.0,0.0,1715943293.1521027,0.0007437094793323329,-0.021514010193713462,1.0940878300489956,1715943300.2443655,0.014061160161075663,0.0052045786403494,0.0008914570796565166,1715943300.292712,0.011628906963919513,0.0028068406658816603,0.015691967738629416,1715943300.2027564,0.0067141022501107095,-0.010573563606559588,-2.5171576977495707
1715943293.052027,0.0,0.0,0.0,1715943293.1720006,0.0,0.0,0.0,1715943293.161967,-0.0006432835925378466,-0.01971705593491002,1.0942546893370377,1715943300.2628288,0.01144668340147138,0.01494262146716352,0.018533087881505508,1715943300.3027182,0.0006132767522485792,0.007543060326877349,0.00528688456409129,1715943300.2443655,0.006847205500345899,-0.011495456524958314,-2.518524084764926
1715943293.061963,0.0,0.0,0.0,1715943293.1819866,0.0,0.0,0.0,1715943293.1720006,0.0007680797864422217,-0.018614313946537564,1.0943570363243456,1715943300.2727728,0.008768516764537061,0.019218881236434227,0.010251913882101166,1715943300.312853,0.001484693612078411,0.015430048023751919,0.013429745827095258,1715943300.2628288,0.009440529683345078,-0.014194770581754002,-2.519037270737642
1715943293.071993,0.0,0.0,0.0,1715943293.1921172,0.0,0.0,0.0,1715943293.1819866,0.0030143546840278868,-0.017232905132606335,1.0943554717468453,1715943300.2827265,0.01741193754095364,0.010222266502981636,0.006021115552450771,1715943300.3227074,0.009091188512244233,0.012114424367626553,0.0017234960259680321,1715943300.2727728,0.011761378759754582,-0.013983397504107709,-2.5193042537067263
1715943293.0819983,0.0,0.0,0.0,1715943293.2020519,0.0,0.0,0.0,1715943293.1921172,0.001323161386530658,-0.016794105953442218,1.0945262647175205,1715943300.292712,0.011628906963919513,0.0028068406658816603,0.015691967738629416,1715943300.3327389,0.00699504962173122,0.007704249452549883,0.012101275534574496,1715943300.2827265,0.01273989580990098,-0.011747782277539809,-2.5195065768930247
1715943293.0919964,0.0,0.0,0.0,1715943293.2120037,0.0,0.0,0.0,1715943293.2020519,0.002830334115002553,-0.016845164896161613,1.0946329288983803,1715943300.3027182,0.0006132767522485792,0.007543060326877349,0.00528688456409129,1715943300.3440104,0.005115836343462215,0.017245907617591927,0.01592895760758897,1715943300.292712,0.012464404068630364,-0.009506545180584691,-2.5197675230081984
1715943293.1020503,0.0,0.0,0.0,1715943293.2220712,0.0,0.0,0.0,1715943293.2120037,0.005349077801215407,-0.01705679282964545,1.0947138590903176,1715943300.312853,0.001484693612078411,0.015430048023751919,0.013429745827095258,1715943300.352737,0.0003348096436135992,0.002496898179469076,0.015842305626264985,1715943300.3027182,0.011262264056258742,-0.008447260270791235,-2.520059207584362
1715943293.1120236,0.0,0.0,0.0,1715943293.231984,0.0,0.0,0.0,1715943293.2220712,0.003821111822645995,-0.017994633212948363,1.0948591971876858,1715943300.3227074,0.009091188512244233,0.012114424367626553,0.0017234960259680321,1715943300.402744,0.016527199369362335,0.015292044372154923,0.014505092038131905,1715943300.312853,0.010542706934649537,-0.007525530293752469,-2.520456666776378
1715943293.121987,0.0,0.0,0.0,1715943293.2419903,0.0,0.0,0.0,1715943293.231984,0.004089421838296192,-0.01988187156216492,1.0950809864860376,1715943300.3327389,0.00699504962173122,0.007704249452549883,0.012101275534574496,1715943300.41287,0.004203530050521962,0.018535369547333813,0.009556613058935175,1715943300.3227074,0.011496245872635091,-0.006598531989060685,-2.52091091137728
1715943293.1320295,0.0,0.0,0.0,1715943293.2520082,0.0,0.0,0.0,1715943293.2419903,0.00605001720711329,-0.02013315790870185,1.0951531715865035,1715943300.3440104,0.005115836343462215,0.017245907617591927,0.01592895760758897,1715943300.4227245,0.005734767661917876,0.01584399193748398,0.010672978346128927,1715943300.3327389,0.00960637109047946,-0.008166255592853444,-2.5214145144682902
1715943293.141972,0.0,0.0,0.0,1715943293.2619822,0.0,0.0,0.0,1715943293.2520082,0.0045578476891194875,-0.019865403818497995,1.0952211328021757,1715943300.352737,0.0003348096436135992,0.002496898179469076,0.015842305626264985,1715943300.4327652,0.0029757669177845336,0.018685355494381328,0.001382402630694712,1715943300.3440104,0.00839711686294331,-0.010846063086262125,-2.522192819270814
1715943293.1521027,0.0,0.0,0.0,1715943293.2720726,0.0,0.0,0.0,1715943293.2619822,0.0023488890744527424,-0.019051368682211578,1.0952827321788512,1715943300.402744,0.016527199369362335,0.015292044372154923,0.014505092038131905,1715943300.492699,0.010066485133617357,0.010462640826313985,0.015356360692590228,1715943300.352737,0.009343481296485434,-0.012933574099083689,-2.5227134637507485
1715943293.161967,0.0,0.0,0.0,1715943293.2819924,0.0,0.0,0.0,1715943293.2720726,0.003899286704915794,-0.018304536232004454,1.0953674628251702,1715943300.41287,0.004203530050521962,0.018535369547333813,0.009556613058935175,1715943300.5027149,0.0037305191435788644,0.01819376875751666,0.010093439670750583,1715943300.402744,0.009786052698717462,-0.024522746397237727,-2.52503997111797
1715943293.1720006,0.0,0.0,0.0,1715943293.2920477,0.0,0.0,0.0,1715943293.2819924,0.004075756862573776,-0.01646014203368007,1.0955085311220916,1715943300.4227245,0.005734767661917876,0.01584399193748398,0.010672978346128927,1715943300.5127854,0.0013865747529520581,0.012708947663716774,0.0002848858623032154,1715943300.41287,0.0097958278714676,-0.026858552415362835,-2.5254285368558005
1715943293.1819866,0.0,0.0,0.0,1715943293.3020587,0.0,0.0,0.0,1715943293.2920477,0.0028239151990481215,-0.017938310127162627,1.0957152969334614,1715943300.4327652,0.0029757669177845336,0.018685355494381328,0.001382402630694712,1715943300.5628135,0.012920800680587345,0.00551837443653258,0.018406609526063683,1715943300.4227245,0.010265758822167959,-0.02920496763809899,-2.525917250224997
1715943293.1921172,0.0,0.0,0.0,1715943293.312004,0.0,0.0,0.0,1715943293.3020587,0.003255574950598805,-0.019646637836821412,1.0957880626289658,1715943300.492699,0.010066485133617357,0.010462640826313985,0.015356360692590228,1715943300.5727553,0.011625632525986277,0.003553169598748296,0.008522259251255921,1715943300.4327652,0.009367156005058774,-0.031008844232529587,-2.526471126867939
1715943293.2020519,0.0,0.0,0.0,1715943293.3220322,0.0,0.0,0.0,1715943293.312004,0.004677839143034768,-0.020910464257766215,1.0959638687296214,1715943300.5027149,0.0037305191435788644,0.01819376875751666,0.010093439670750583,1715943300.582815,0.016808844701128978,0.010689061121677002,0.00225404937567141,1715943300.492699,0.004545312241811983,-0.036506299692077304,-2.529528688419747
1715943293.2120037,0.0,0.0,0.0,1715943293.3319685,0.0,0.0,0.0,1715943293.3220322,0.006987802565709855,-0.020977676760889574,1.0960896496509478,1715943300.5127854,0.0013865747529520581,0.012708947663716774,0.0002848858623032154,1715943300.5928125,0.01070795194329106,0.011301454286316792,0.006842258493260148,1715943300.5027149,0.004361835196286856,-0.03372662918391245,-2.529974041022811
1715943293.2220712,0.0,0.0,0.0,1715943293.3420453,0.0,0.0,0.0,1715943293.3319685,0.004948612733505775,-0.020789961675669932,1.0961492993851039,1715943300.5628135,0.012920800680587345,0.00551837443653258,0.018406609526063683,1715943300.6027431,0.0066686007721844034,0.016204201499777193,0.00027637354988826936,1715943300.5127854,0.0030525506619187848,-0.03155313212576294,-2.5303702516747144
1715943293.231984,0.0,0.0,0.0,1715943293.3520098,0.0,0.0,0.0,1715943293.3420453,0.004480912453890151,-0.018908420017637484,1.096310740949482,1715943300.5727553,0.011625632525986277,0.003553169598748296,0.008522259251255921,1715943300.6128778,0.007653728699162058,0.010853694104937084,0.008078509499135479,1715943300.5628135,0.005863596658621573,-0.0277501653406258,-2.532249249367248
1715943293.2419903,0.0,0.0,0.0,1715943293.361991,0.0,0.0,0.0,1715943293.3520098,0.006665706052604858,-0.018844482821924968,1.0962659341010257,1715943300.582815,0.016808844701128978,0.010689061121677002,0.00225404937567141,1715943300.622745,0.008678098621831064,0.008833950316909922,0.004886742075208641,1715943300.5727553,0.00719091919964332,-0.029813302144554132,-2.532792528115783
1715943293.2520082,0.0,0.0,0.0,1715943293.442019,0.0,0.0,0.0,1715943293.361991,0.005144370249021479,-0.018460572868088443,1.0962791312682965,1715943300.5928125,0.01070795194329106,0.011301454286316792,0.006842258493260148,1715943300.6328464,0.0021472664884621103,0.0038684863682467707,0.013794547509777728,1715943300.582815,0.00990729594147055,-0.02926816651149111,-2.533159081443505
1715943293.2619822,0.0,0.0,0.0,1715943293.4520469,0.0,0.0,0.0,1715943293.442019,0.0034087665850190962,-0.013759855137925436,1.0968118915683478,1715943300.6027431,0.0066686007721844034,0.016204201499777193,0.00027637354988826936,1715943300.6450987,0.012197462124262032,0.011343625968886162,0.01129214011870998,1715943300.5928125,0.010551893129194134,-0.027134020741548914,-2.5334837713146032
1715943293.2720726,0.0,0.0,0.0,1715943293.4620013,0.0,0.0,0.0,1715943293.4520469,0.003946692841267141,-0.011506980237429909,1.0970549615835936,1715943300.6128778,0.007653728699162058,0.010853694104937084,0.008078509499135479,1715943300.6528172,0.014514499479506584,0.002301892226723501,0.0018518745809777406,1715943300.6027431,0.009512656930926067,-0.025256069202348685,-2.533895828657595
1715943293.2819924,0.0,0.0,0.0,1715943293.4720376,0.0,0.0,0.0,1715943293.4620013,0.002506221801562236,-0.010651158750790035,1.0971700909650108,1715943300.622745,0.008678098621831064,0.008833950316909922,0.004886742075208641,1715943300.6627512,0.0022012596030749516,0.016193082579291973,0.01887114320318691,1715943300.6128778,0.011673277081474476,-0.02286883437339804,-2.5343857345999314
1715943293.2920477,0.0,0.0,0.0,1715943293.4820254,0.0,0.0,0.0,1715943293.4720376,0.002815527632540671,-0.008599348069667112,1.097321751387995,1715943300.6328464,0.0021472664884621103,0.0038684863682467707,0.013794547509777728,1715943300.672822,0.0025023771179378974,0.01754236117142427,0.01862024202564041,1715943300.622745,0.013530063411585136,-0.021408115068147993,-2.5348091066558975
1715943293.3020587,0.0,0.0,0.0,1715943293.4920805,0.0,0.0,0.0,1715943293.4820254,0.004970376160221224,-0.008176965376281986,1.097333317758539,1715943300.6450987,0.012197462124262032,0.011343625968886162,0.01129214011870998,1715943300.682753,0.0171808652327737,-9.734841163178132e-05,0.015247966349778373,1715943300.6328464,0.01223633830354287,-0.019921009161476544,-2.5352712217531153
1715943293.312004,0.0,0.0,0.0,1715943293.562081,0.0,0.0,0.0,1715943293.4920805,0.007467543465731197,-0.008612840039563974,1.097389214733891,1715943300.6528172,0.014514499479506584,0.002301892226723501,0.0018518745809777406,1715943300.6927278,0.006697042295274636,0.013336029420307316,0.0023444052252473745,1715943300.6450987,0.011306893415433672,-0.01862949458308627,-2.5356709506666215
1715943293.3220322,0.0,0.0,0.0,1715943293.682013,0.0,0.0,0.0,1715943293.562081,0.010686511850245495,-0.004191472619848646,1.098316727140128,1715943300.6627512,0.0022012596030749516,0.016193082579291973,0.01887114320318691,1715943300.7027397,0.008527949296093669,0.0048261861166996045,0.013354652655368728,1715943300.6528172,0.011537552127316442,-0.017305833754545086,-2.5359632391625486
1715943293.3319685,0.0,0.0,0.0,1715943293.6921294,0.0,0.0,0.0,1715943293.682013,0.018746528821229846,-0.006602500135473921,1.0999869810131764,1715943300.672822,0.0025023771179378974,0.01754236117142427,0.01862024202564041,1715943300.7127485,0.015237428142739862,0.019305095284973373,0.012736122190443594,1715943300.6627512,0.009802042699291302,-0.016750533386005184,-2.5363824549367084
1715943293.3420453,0.0,0.0,0.0,1715943293.7021098,0.0,0.0,0.0,1715943293.6921294,0.020234813012239505,-0.007319648186972838,1.099947291750714,1715943300.682753,0.0171808652327737,-9.734841163178132e-05,0.015247966349778373,1715943300.722732,0.017854627369020833,0.009022616895967062,0.00610942458485354,1715943300.672822,0.00870809357430069,-0.016376817784442554,-2.5368996126914274
1715943293.3520098,0.0,0.0,0.0,1715943293.7120445,0.0,0.0,0.0,1715943293.7021098,0.018963710694175462,-0.006486284407823062,1.0999622773822435,1715943300.6927278,0.006697042295274636,0.013336029420307316,0.0023444052252473745,1715943300.7328062,0.019404785371972585,0.017618639476592257,0.008441678901803373,1715943300.682753,0.007858584899030907,-0.015043804261065441,-2.537417089123048
1715943293.361991,0.0,0.0,0.0,1715943293.7221014,0.0,0.0,0.0,1715943293.7120445,0.019354233007116917,-0.005586083122813168,1.0999359944125011,1715943300.7027397,0.008527949296093669,0.0048261861166996045,0.013354652655368728,1715943300.7456436,0.01657913233866842,0.016823170365774187,0.013472178955490651,1715943300.6927278,0.005911534401958463,-0.015374737049449694,-2.537977408528348
1715943293.442019,0.0,0.0,0.0,1715943293.73207,0.0,0.0,0.0,1715943293.7221014,0.020701272660726966,-0.0056745168749343655,1.0998232525306146,1715943300.7127485,0.015237428142739862,0.019305095284973373,0.012736122190443594,1715943300.7528176,0.012474435172050052,0.015007411816363003,0.0058291395811748675,1715943300.7027397,0.005241561675000561,-0.017391994485894458,-2.538542809763369
1715943293.4520469,0.0,0.0,0.0,1715943293.7421281,0.0,0.0,0.0,1715943293.73207,0.019015800341771416,-0.006162885300631249,1.0996946071121934,1715943300.722732,0.017854627369020833,0.009022616895967062,0.00610942458485354,1715943300.7627208,0.0007354114435910433,0.01147387017072532,0.005090382621660753,1715943300.7127485,0.004672423376550494,-0.015601225597336121,-2.5390852549841876
1715943293.4620013,0.0,0.0,0.0,1715943293.752203,0.0,0.0,0.0,1715943293.7421281,0.015874613987821307,-0.007189241776153654,1.0996278837998354,1715943300.7328062,0.019404785371972585,0.017618639476592257,0.008441678901803373,1715943300.7727566,0.003222432869584216,0.00596878450981686,0.016909977683121823,1715943300.722732,0.0050432100338848596,-0.013757683554054045,-2.5396834701353654
1715943293.4720376,0.0,0.0,0.0,1715943293.7620542,0.0,0.0,0.0,1715943293.752203,0.01630283114698905,-0.008910544158661438,1.0995751233662734,1715943300.7456436,0.01657913233866842,0.016823170365774187,0.013472178955490651,1715943300.7828095,0.015796357703340834,0.012414920633006421,0.008446715027355573,1715943300.7328062,0.0060125301304820855,-0.012164758315842406,-2.5400677848321873
1715943293.4820254,0.0,0.0,0.0,1715943293.7720923,0.0,0.0,0.0,1715943293.7620542,0.016803977134604686,-0.011030305854598188,1.0995388885412705,1715943300.7528176,0.012474435172050052,0.015007411816363003,0.0058291395811748675,1715943300.7927656,0.005734806434423904,0.005002719674940037,0.01314721695100948,1715943300.7456436,0.008802737146511141,-0.011489229699666037,-2.540594942496017
1715943293.4920805,0.0,0.0,0.0,1715943293.852084,0.0,0.0,0.0,1715943293.7720923,0.014731293482722285,-0.01125629263230099,1.099658468602629,1715943300.7627208,0.0007354114435910433,0.01147387017072532,0.005090382621660753,1715943300.8027759,0.002295696222816584,0.006612986243343499,0.0014028179814920957,1715943300.7528176,0.009456470550068374,-0.010412659825106418,-2.5408474862671158
1715943293.562081,0.0,0.0,0.0,1715943293.8620343,0.0,0.0,0.0,1715943293.852084,0.009831004386619546,-4.330780316474936e-05,1.100745687712282,1715943300.7727566,0.003222432869584216,0.00596878450981686,0.016909977683121823,1715943300.8128014,0.0031692020627828235,0.011004689388468103,0.006398816275158925,1715943300.7627208,0.009080803936099446,-0.008955867142992346,-2.5412473739290786
1715943293.682013,0.0,0.0,0.0,1715943293.8720844,0.0,0.0,0.0,1715943293.8620343,0.010960883959329593,-0.002205448347472272,1.1007209736701697,1715943300.7828095,0.015796357703340834,0.012414920633006421,0.008446715027355573,1715943300.8227558,0.00446445478733868,0.004420869777516323,0.016662357878828943,1715943300.7727566,0.007750500156717521,-0.008079831611352395,-2.541648045105579
1715943293.6921294,0.0,0.0,0.0,1715943293.892055,0.0,0.0,0.0,1715943293.8720844,0.009607411206477123,-0.00397833956060567,1.1007582434406622,1715943300.7927656,0.005734806434423904,0.005002719674940037,0.01314721695100948,1715943300.9528043,0.010129977543891465,0.015161778408740112,0.01950523875710442,1715943300.7828095,0.006048557375779362,-0.009190548550869426,-2.542130698999019
1715943293.7021098,0.0,0.0,0.0,1715943293.9021056,0.0,0.0,0.0,1715943293.892055,0.010873333385791994,-0.006683107326580506,1.1008374580065388,1715943300.8027759,0.002295696222816584,0.006612986243343499,0.0014028179814920957,1715943300.9628456,0.010442234443025734,0.001406369122317841,0.0060498139283674725,1715943300.7927656,0.00393649917428518,-0.01027026710294865,-2.5425610874869333
1715943293.7120445,0.0,0.0,0.0,1715943293.912055,0.0,0.0,0.0,1715943293.9021056,0.00902256611498009,-0.006454743532164908,1.100974319946054,1715943300.8128014,0.0031692020627828235,0.011004689388468103,0.006398816275158925,1715943300.97282,0.01645133808534545,0.009654840992296743,0.005970303534733082,1715943300.8027759,0.0024615063057293884,-0.011092662197130121,-2.5429255617162294
1715943293.7221014,0.0,0.0,0.0,1715943293.9221637,0.0,0.0,0.0,1715943293.912055,0.006838119357159833,-0.006810901219358234,1.1011338758966425,1715943300.8227558,0.00446445478733868,0.004420869777516323,0.016662357878828943,1715943300.982793,0.009977250177793214,0.018248989537802185,0.0039172894213959615,1715943300.8128014,0.0045019059456026245,-0.011086299449868608,-2.543322603021606
1715943293.73207,0.0,0.0,0.0,1715943293.9320793,0.0,0.0,0.0,1715943293.9221637,0.005200656598212672,-0.00797500567067111,1.1013330733961237,1715943300.9528043,0.010129977543891465,0.015161778408740112,0.01950523875710442,1715943300.9927986,0.00014109533774667345,0.006604909550231186,0.007961541062526093,1715943300.8227558,0.006816323589108553,-0.011122405485807674,-2.5438116213991018
1715943293.7421281,0.0,0.0,0.0,1715943293.9421074,0.0,0.0,0.0,1715943293.9320793,0.004015374708113195,-0.009355759339984226,1.1014575657058487,1715943300.9628456,0.010442234443025734,0.001406369122317841,0.0060498139283674725,1715943301.0028145,0.01308424908908415,0.004962220815909468,0.018178925147381692,1715943300.9528043,0.0016003019882526726,-0.019831831100985076,-2.549844398427939
1715943293.752203,0.0,0.0,0.0,1715943293.9521163,0.0,0.0,0.0,1715943293.9421074,0.002452316741062943,-0.010718400877775647,1.101650099870489,1715943300.97282,0.01645133808534545,0.009654840992296743,0.005970303534733082,1715943301.022797,0.011168800674057053,0.013982325935497197,0.015013215337186962,1715943300.9628456,0.003731006191761921,-0.020886634164563045,-2.550470076483105
1715943293.7620542,0.0,0.0,0.0,1715943293.9620488,0.0,0.0,0.0,1715943293.9521163,0.0017118151624649913,-0.012485384779944209,1.1018385573527816,1715943300.982793,0.009977250177793214,0.018248989537802185,0.0039172894213959615,1715943301.0329025,0.010240022338539916,0.012817858388949555,0.005210558089301374,1715943300.97282,0.0033393755947661585,-0.022863489001492265,-2.550918033457192
1715943293.7720923,0.0,0.0,0.0,1715943294.2921102,0.0,0.0,0.0,1715943293.9620488,0.0012827117245507447,-0.014402086454074148,1.101943667287879,1715943300.9927986,0.00014109533774667345,0.006604909550231186,0.007961541062526093,1715943301.0434773,0.008409964108649049,0.007364060988747534,0.004876108851807198,1715943300.982793,0.0017318349687995838,-0.02375908405887639,-2.551389434443598
1715943293.852084,0.0,0.0,0.0,1715943294.3022149,0.0,0.0,0.0,1715943294.2921102,-0.0024936160485655723,-0.01478642925713225,1.0930275683281934,1715943301.0028145,0.01308424908908415,0.004962220815909468,0.018178925147381692,1715943301.0528111,0.007243398221541079,0.010715453900572047,0.009317042844975074,1715943300.9927986,0.004272177163830548,-0.023988531256615264,-2.551874425526134
1715943293.8620343,0.0,0.0,0.0,1715943294.3121095,0.0,0.0,0.0,1715943294.3022149,-0.0037250991091820618,-0.013079179886138048,1.0926834390921196,1715943301.022797,0.011168800674057053,0.013982325935497197,0.015013215337186962,1715943301.0629287,0.0062904712949086155,0.012141615042278397,0.0034638653820062474,1715943301.0028145,0.006757399023314958,-0.023892964017462548,-2.5525642196464426
1715943293.8720844,0.0,0.0,0.0,1715943294.322172,0.0,0.0,0.0,1715943294.3121095,-0.004854130471973139,-0.011548813325851226,1.0923629264801973,1715943301.0329025,0.010240022338539916,0.012817858388949555,0.005210558089301374,1715943301.4028423,0.007605795251686805,0.017801320269056564,0.003167218086946774,1715943301.022797,0.005678827600203995,-0.021519502626946796,-2.55345769179985
1715943293.892055,0.0,0.0,0.0,1715943294.332227,0.0,0.0,0.0,1715943294.322172,-0.005955529813233551,-0.013360954325134067,1.0919593842431028,1715943301.0434773,0.008409964108649049,0.007364060988747534,0.004876108851807198,1715943301.4129224,0.016305052949913572,0.012070673654445141,0.018852796804138337,1715943301.0329025,0.006557230005304504,-0.01987782517148151,-2.5537979598940406
1715943293.9021056,0.0,0.0,0.0,1715943294.342133,0.0,0.0,0.0,1715943294.332227,-0.0074706295943101075,-0.014804207693784655,1.091548615599957,1715943301.0528111,0.007243398221541079,0.010715453900572047,0.009317042844975074,1715943301.4445407,0.018352753682129186,0.012151607709829593,0.01927964323490413,1715943301.0434773,0.006437861035496706,-0.01813821449343389,-2.5542024708673177
1715943293.912055,0.0,0.0,0.0,1715943294.352205,0.0,0.0,0.0,1715943294.342133,-0.0055254381442951805,-0.014515505801700135,1.0911731036401937,1715943301.0629287,0.0062904712949086155,0.012141615042278397,0.0034638653820062474,1715943301.452861,0.006540841873124535,0.01746922966060116,0.00725276244680801,1715943301.0528111,0.005074339925158489,-0.018703858910255056,-2.5545527923263194
1715943293.9221637,0.0,0.0,0.0,1715943294.3621175,0.0,0.0,0.0,1715943294.352205,-0.003418557316293702,-0.014351020934121994,1.0908763426673869,1715943301.4028423,0.007605795251686805,0.017801320269056564,0.003167218086946774,1715943301.4828684,0.017907013638017444,0.009845658019237424,0.016502451814649377,1715943301.0629287,0.0032742073268898775,-0.01918047766572406,-2.555012265126825
1715943293.9320793,0.0,0.0,0.0,1715943294.3721764,0.0,0.0,0.0,1715943294.3621175,-0.0030205450504303677,-0.012566831457881955,1.090697576548214,1715943301.4129224,0.016305052949913572,0.012070673654445141,0.018852796804138337,1715943301.4928296,0.014638376950656375,0.01573125185885238,0.01203196496521343,1715943301.4028423,0.014158380710754592,-0.01728723504086971,-2.5704869011944442
1715943293.9421074,0.0,0.0,0.0,1715943294.3822057,0.0,0.0,0.0,1715943294.3721764,-0.004630494503466864,-0.011541965327486858,1.090555891419831,1715943301.4445407,0.018352753682129186,0.012151607709829593,0.01927964323490413,1715943301.5028288,0.003962300268932038,0.000502032997494295,0.005362646581828619,1715943301.4129224,0.012387179036366769,-0.016989299680923775,-2.5708578484291102
1715943293.9521163,0.0,0.0,0.0,1715943294.3922045,0.0,0.0,0.0,1715943294.3822057,-0.004727249531913502,-0.009894429420625128,1.0903867583924025,1715943301.452861,0.006540841873124535,0.01746922966060116,0.00725276244680801,1715943301.5128808,0.00019104837163861103,0.009685364905046567,0.003942480935908977,1715943301.4445407,0.016483958055433456,-0.0171712722084143,-2.5719437907297067
1715943293.9620488,0.0,0.0,0.0,1715943294.402145,0.0,0.0,0.0,1715943294.3922045,-0.002663816713722622,-0.01024255768670601,1.0901124686651755,1715943301.4828684,0.017907013638017444,0.009845658019237424,0.016502451814649377,1715943301.532855,0.0070863943235776414,0.010128766399599476,0.005495507297792563,1715943301.452861,0.015206677654381329,-0.017966236796748136,-2.572240354336368
1715943294.2921102,0.0,0.0,0.0,1715943294.4120903,0.0,0.0,0.0,1715943294.402145,-0.0025144326264185946,-0.008671629453908647,1.0896821377537307,1715943301.4928296,0.014638376950656375,0.01573125185885238,0.01203196496521343,1715943301.546756,0.010440282779504421,0.007961145426672145,0.006685262642944577,1715943301.4828684,0.021132592760942925,-0.013747684433918383,-2.573975578718782
1715943294.3022149,0.0,0.0,0.0,1715943294.422213,0.0,0.0,0.0,1715943294.4120903,-0.0007554453893332536,-0.00979593993311867,1.089223678548879,1715943301.5028288,0.003962300268932038,0.000502032997494295,0.005362646581828619,1715943301.5528984,0.01952734565182169,0.013409254313527352,0.01122888759068494,1715943301.4928296,0.022144294720550795,-0.011906982859893223,-2.5744425934186435
1715943294.3121095,0.0,0.0,0.0,1715943294.4321933,0.0,0.0,0.0,1715943294.422213,0.0004943858439823146,-0.011689042100735625,1.0887179034941075,1715943301.5128808,0.00019104837163861103,0.009685364905046567,0.003942480935908977,1715943301.5628383,0.0008577988169943748,0.015117078402575368,0.01903197415537205,1715943301.5028288,0.020414677659554847,-0.011689236143793247,-2.574865551440248
1715943294.322172,0.0,0.0,0.0,1715943294.442107,0.0,0.0,0.0,1715943294.4321933,-0.0007239077727602128,-0.013600207703646783,1.0882747863345061,1715943301.532855,0.0070863943235776414,0.010128766399599476,0.005495507297792563,1715943301.5729432,0.005743451979767364,0.008057259277962636,0.0012151390791327495,1715943301.5128808,0.019093321717571943,-0.011325290709778946,-2.57527839417372
1715943294.332227,0.0,0.0,0.0,1715943294.4921536,0.0,0.0,0.0,1715943294.442107,-0.0026106505646532607,-0.014968652151540862,1.087736475412928,1715943301.546756,0.010440282779504421,0.007961145426672145,0.006685262642944577,1715943301.5829284,0.01535169183744796,0.016927871541786432,0.008419979271336973,1715943301.532855,0.023401202053666026,-0.011630669186968312,-2.576396313590123
1715943294.342133,0.0,0.0,0.0,1715943294.5023007,0.0,0.0,0.0,1715943294.4921536,-0.0032106484877594266,-0.023221838491020774,1.0858014511893552,1715943301.5528984,0.01952734565182169,0.013409254313527352,0.01122888759068494,1715943301.5929222,0.014131678930864564,0.015457617856766692,0.0020020776986744487,1715943301.546756,0.02096927015804151,-0.011375452350484538,-2.5770859471210636
1715943294.352205,0.0,0.0,0.0,1715943294.5121942,0.0,0.0,0.0,1715943294.5023007,-0.004199262717803132,-0.02497330315218682,1.0854691023201297,1715943301.5628383,0.0008577988169943748,0.015117078402575368,0.01903197415537205,1715943301.6028452,0.00418194598477273,0.00547400542593901,0.014819730644942597,1715943301.5528984,0.020043189677688478,-0.011224806452722058,-2.577342143392882
1715943294.3621175,0.0,0.0,0.0,1715943294.522161,0.0,0.0,0.0,1715943294.5121942,-0.005263511649287511,-0.026561141983858283,1.0851037495408367,1715943301.5729432,0.005743451979767364,0.008057259277962636,0.0012151390791327495,1715943301.6229153,0.0064018584376157005,0.013068890552187407,0.0016644277800720308,1715943301.5628383,0.018804935380579924,-0.010825973459612559,-2.5776161882349573
1715943294.3721764,0.0,0.0,0.0,1715943294.5321302,0.0,0.0,0.0,1715943294.522161,-0.0045885268103602606,-0.028408075553892242,1.0845971299191046,1715943301.5829284,0.01535169183744796,0.016927871541786432,0.008419979271336973,1715943301.6528845,0.017585164476913957,0.0067008546406979175,0.0037438143332396796,1715943301.5729432,0.02109615143804877,-0.01134316223390286,-2.578021297767701
1715943294.3822057,0.0,0.0,0.0,1715943294.542169,0.0,0.0,0.0,1715943294.5321302,-0.005518742342524141,-0.029853360382925187,1.0840296058424213,1715943301.5929222,0.014131678930864564,0.015457617856766692,0.0020020776986744487,1715943301.6629207,0.006014935142564204,0.004283150120506951,0.015626764144109857,1715943301.5829284,0.01919162866123192,-0.01253027597463241,-2.578489948205723
1715943294.3922045,0.0,0.0,0.0,1715943294.552286,0.0,0.0,0.0,1715943294.542169,-0.007204871314561601,-0.030511726387908222,1.0833891103854647,1715943301.6028452,0.00418194598477273,0.00547400542593901,0.014819730644942597,1715943301.7628343,0.006978280605668864,0.009492911793058667,0.006002667504686128,1715943301.5929222,0.017569060393494818,-0.01336073792811221,-2.578908317187347
1715943294.402145,0.0,0.0,0.0,1715943294.5621705,0.0,0.0,0.0,1715943294.552286,-0.005182640119209769,-0.030079406807021147,1.0825802764825467,1715943301.6229153,0.0064018584376157005,0.013068890552187407,0.0016644277800720308,1715943301.772909,0.011950692140781448,0.015924403368270834,0.0020751271139129055,1715943301.6028452,0.020351876280804593,-0.013441570313099671,-2.5794548077225037
1715943294.4120903,0.0,0.0,0.0,1715943294.5721858,0.0,0.0,0.0,1715943294.5621705,-0.0062649943450012735,-0.029093414079241375,1.081715771968344,1715943301.6528845,0.017585164476913957,0.0067008546406979175,0.0037438143332396796,1715943301.7829173,0.007450251530068065,0.0022353881143675203,0.013165577242358815,1715943301.6229153,0.021035178006634014,-0.01775228280708907,-2.5804307193756104
1715943294.422213,0.0,0.0,0.0,1715943294.5821328,0.0,0.0,0.0,1715943294.5721858,-0.008304438341936504,-0.02873451127506943,1.080902809507991,1715943301.6629207,0.006014935142564204,0.004283150120506951,0.015626764144109857,1715943301.7929027,0.007057546218032842,0.012007933131035209,0.0016178778307686858,1715943301.6528845,0.01650389939309349,-0.016399417668178984,-2.5818813483629866
1715943294.4321933,0.0,0.0,0.0,1715943294.5921805,0.0,0.0,0.0,1715943294.5821328,-0.006058131852950899,-0.02867499540081142,1.079984873735667,1715943301.7628343,0.006978280605668864,0.009492911793058667,0.006002667504686128,1715943301.8028905,0.007247803248233585,0.0006417466423811469,0.0006302275074844539,1715943301.6629207,0.0149885127986078,-0.017208225131021715,-2.582214021238403
1715943294.442107,0.0,0.0,0.0,1715943294.6022313,0.0,0.0,0.0,1715943294.5921805,-0.005173963467529741,-0.026811664196230378,1.0790673845937788,1715943301.772909,0.011950692140781448,0.015924403368270834,0.0020751271139129055,1715943301.8128676,0.013477083698023518,0.009700704913384373,0.003332414600437923,1715943301.7628343,0.0051973960306430644,-0.01354069824101889,-2.585432914088326
1715943294.4921536,0.0,0.0,0.0,1715943294.6121387,0.0,0.0,0.0,1715943294.6022313,-0.004767960058153831,-0.025075949140427323,1.078135489782536,1715943301.7829173,0.007450251530068065,0.0022353881143675203,0.013165577242358815,1715943301.8228803,0.011590722524458355,0.0044579376121240966,0.01112591941457273,1715943301.772909,0.004108773754194495,-0.012244753984012702,-2.5855963028066467
1715943294.5023007,0.0,0.0,0.0,1715943294.6222172,0.0,0.0,0.0,1715943294.6121387,-0.004523818138791436,-0.023409628534573734,1.0771731126505673,1715943301.7929027,0.007057546218032842,0.012007933131035209,0.0016178778307686858,1715943301.8442323,0.004452742837207265,0.010048213765079028,0.013056012285524617,1715943301.7829173,0.00615796503891719,-0.012066798502341936,-2.5857525409625746
1715943294.5121942,0.0,0.0,0.0,1715943294.6321409,0.0,0.0,0.0,1715943294.6222172,-0.006075546042678348,-0.02285428869080275,1.076312863936081,1715943301.8028905,0.007247803248233585,0.0006417466423811469,0.0006302275074844539,1715943301.8528736,0.0016786046644634493,0.015916410013394167,0.006371617794467009,1715943301.7929027,0.00792367462791943,-0.012313864817627751,-2.585923415007084
1715943294.522161,0.0,0.0,0.0,1715943294.6721697,0.0,0.0,0.0,1715943294.6321409,-0.00744813999828986,-0.02210189672583751,1.075434430693507,1715943301.8128676,0.013477083698023518,0.009700704913384373,0.003332414600437923,1715943301.8729064,0.015633389856149107,0.0015740028699779973,0.016633582159203388,1715943301.8028905,0.005987899026093313,-0.013809579289400853,-2.5858166077381535
1715943294.5321302,0.0,0.0,0.0,1715943294.9621882,0.0,0.0,0.0,1715943294.682148,-0.008147358896321566,-0.021857151496742055,1.0706949338705387,1715943301.8228803,0.011590722524458355,0.0044579376121240966,0.01112591941457273,1715943301.8828852,0.018899620024361408,0.01631929293798451,0.012533499663120116,1715943301.8128676,0.008629213559067761,-0.014242363915540901,-2.5858255790425524
1715943294.542169,0.0,0.0,0.0,1715943294.9722154,0.0,0.0,0.0,1715943294.9621882,-0.011707923929975217,-0.019226901428711196,1.0411679415952562,1715943301.8442323,0.004452742837207265,0.010048213765079028,0.013056012285524617,1715943301.8928607,0.0019553521150335925,0.010493543854044773,0.01031246839554706,1715943301.8228803,0.010740493555151165,-0.013636646878594894,-2.585681874664377
1715943294.552286,0.0,0.0,0.0,1715943294.982154,0.0,0.0,0.0,1715943294.9722154,-0.011535797053668917,-0.016943223470339053,1.0401239868432461,1715943301.8528736,0.0016786046644634493,0.015916410013394167,0.006371617794467009,1715943301.9028637,0.013535798547098288,0.0038030624618465847,0.001129676777387725,1715943301.8442323,0.008165900416227778,-0.011580645970541648,-2.585385786646127
1715943294.5621705,0.0,0.0,0.0,1715943294.9925134,0.0,0.0,0.0,1715943294.982154,-0.012857551848417637,-0.015273499351121655,1.0391265369489333,1715943301.8729064,0.015633389856149107,0.0015740028699779973,0.016633582159203388,1715943301.912944,0.01636893172249205,0.010612494425667363,0.007393056415816284,1715943301.8528736,0.007306345841513018,-0.010107934177760791,-2.5853793007568258
1715943294.5721858,0.0,0.0,0.0,1715943295.0022092,0.0,0.0,0.0,1715943294.9925134,-0.012241110063282545,-0.013411326301142834,1.0381339858384262,1715943301.8828852,0.018899620024361408,0.01631929293798451,0.012533499663120116,1715943301.9228723,0.0020078322601018014,0.00980203967974047,0.015846001455896708,1715943301.8729064,0.012010471560613967,-0.009382222331816958,-2.5851196004207093
1715943294.5821328,0.0,0.0,0.0,1715943295.0121684,0.0,0.0,0.0,1715943295.0022092,-0.01106279524175513,-0.011989694595226696,1.0371877632582858,1715943301.8928607,0.0019553521150335925,0.010493543854044773,0.01031246839554706,1715943301.932888,0.01060016241183119,0.002933345622984751,0.019539140658709635,1715943301.8828852,0.014085231983050228,-0.01007407085215739,-2.5849777415655577
1715943294.5921805,0.0,0.0,0.0,1715943295.022229,0.0,0.0,0.0,1715943295.0121684,-0.012537903783870652,-0.011165124013247985,1.0362829576341732,1715943301.9028637,0.013535798547098288,0.0038030624618465847,0.001129676777387725,1715943301.9434845,0.005012374097215994,0.01828690461857585,0.017085531675108297,1715943301.8928607,0.012481854400298253,-0.011439251331189393,-2.5845072813589947
1715943294.6022313,0.0,0.0,0.0,1715943295.0321465,0.0,0.0,0.0,1715943295.022229,-0.013978616507603348,-0.009980783181296582,1.0354193739597823,1715943301.912944,0.01636893172249205,0.010612494425667363,0.007393056415816284,1715943301.9529247,0.018125868807283972,0.010657786968119698,0.0020435073255717345,1715943301.9028637,0.011227029813146494,-0.01281416113876932,-2.5839432445894905
1715943294.6121387,0.0,0.0,0.0,1715943295.0421863,0.0,0.0,0.0,1715943295.0321465,-0.012891218279066585,-0.008581444716386555,1.034421958613009,1715943301.9228723,0.0020078322601018014,0.00980203967974047,0.015846001455896708,1715943301.9629655,0.012639922410390017,0.017688278401479574,0.010585904709604141,1715943301.912944,0.00936819714780257,-0.014451426721897809,-2.583393576878957
1715943294.6222172,0.0,0.0,0.0,1715943295.0522413,0.0,0.0,0.0,1715943295.0421863,-0.010774515755148095,-0.007833974114974884,1.0333739009116476,1715943301.932888,0.01060016241183119,0.002933345622984751,0.019539140658709635,1715943301.9729104,0.006462302701690632,0.009445060993973575,0.012487593319889155,1715943301.9228723,0.00813333973170205,-0.016117140478178582,-2.582742816428019
1715943294.6321409,0.0,0.0,0.0,1715943295.2722282,0.0,0.0,0.0,1715943295.0522413,-0.010573167947055095,-0.009936112738728076,1.0322949044389311,1715943301.9434845,0.005012374097215994,0.01828690461857585,0.017085531675108297,1715943301.9829183,0.004169586022617059,0.009984546736595101,0.007597760092116291,1715943301.932888,0.009441432929552462,-0.017852806191091863,-2.5819803370714616
1715943294.682148,0.0,0.0,0.0,1715943295.3122008,0.0,0.0,0.0,1715943295.2722282,-0.008339409315696988,-0.015280410580037929,1.0098965825858217,1715943301.9529247,0.018125868807283972,0.010657786968119698,0.0020435073255717345,1715943301.9928963,0.01049697503663211,0.015250096199295626,0.002156015713457201,1715943301.9434845,0.0066963071910073335,-0.017695140118054287,-2.581043320099046
1715943294.9621882,0.0,0.0,0.0,1715943295.3222318,0.0,0.0,0.0,1715943295.3122008,-0.005327467791803153,-0.010206140064630942,1.0065438419117885,1715943301.9629655,0.012639922410390017,0.017688278401479574,0.010585904709604141,1715943302.002933,0.0015833692791293484,0.005028308464964937,0.01291580346398465,1715943301.9529247,0.005732333376791798,-0.01636632245533054,-2.5802721988714383
1715943294.9722154,0.0,0.0,0.0,1715943295.33221,0.0,0.0,0.0,1715943295.3222318,-0.006003536167423662,-0.008208366786498056,1.0057393421919083,1715943301.9729104,0.006462302701690632,0.009445060993973575,0.012487593319889155,1715943302.013047,0.003962609319987254,0.00654095587355763,0.019570138749509036,1715943301.9629655,0.007525186733883915,-0.015649770118692174,-2.5793873644365695
1715943294.982154,0.0,0.0,0.0,1715943295.3422375,0.0,0.0,0.0,1715943295.33221,-0.005777770255494752,-0.006296615441283349,1.0049132131206773,1715943301.9829183,0.004169586022617059,0.009984546736595101,0.007597760092116291,1715943302.1728854,0.010615702110666954,0.017077640363008628,0.01752012305238477,1715943301.9729104,0.006602489772853382,-0.013930524970891645,-2.578673544509567
1715943294.9925134,0.0,0.0,0.0,1715943295.3522844,0.0,0.0,0.0,1715943295.3422375,-0.006736599863809423,-0.004919087768358699,1.003916924511002,1715943301.9928963,0.01049697503663211,0.015250096199295626,0.002156015713457201,nan,nan,nan,nan,1715943301.9829183,0.0043685129995507666,-0.014358626579382694,-2.577822582923392
1715943295.0022092,0.0,0.0,0.0,1715943295.3622267,0.0,0.0,0.0,1715943295.3522844,-0.0077825686834746555,-0.0037951370273558993,1.0028525294240342,1715943302.002933,0.0015833692791293484,0.005028308464964937,0.01291580346398465,nan,nan,nan,nan,1715943301.9928963,0.006690593474326434,-0.014120312858186379,-2.5770024287174285
1715943295.0121684,0.0,0.0,0.0,1715943295.3722265,0.0,0.0,0.0,1715943295.3622267,-0.00587981995396708,-0.0038304356588709787,1.0017273832800442,1715943302.013047,0.003962609319987254,0.00654095587355763,0.019570138749509036,nan,nan,nan,nan,1715943302.002933,0.008336936505774162,-0.014254359270963635,-2.57630365287112
1715943295.022229,0.0,0.0,0.0,1715943295.3822198,0.0,0.0,0.0,1715943295.3722265,-0.004032290495230517,-0.00393687015510813,1.00058585309538,1715943302.1728854,0.010615702110666954,0.017077640363008628,0.01752012305238477,nan,nan,nan,nan,1715943302.013047,0.006147103259743547,-0.014492994394595282,-2.5755856558230237
1715943295.0321465,0.0,0.0,0.0,1715943295.3922567,0.0,0.0,0.0,1715943295.3822198,-0.002401881725803856,-0.005135127616682222,0.9994948070941447,nan,nan,nan,nan,nan,nan,nan,nan,1715943302.1728854,0.0037891970042343015,-0.01324102323116505,-2.570467923224057
1715943295.0421863,0.0,0.0,0.0,1715943295.4022624,0.0,0.0,0.0,1715943295.3922567,-0.0012392372365668813,-0.006643388535170658,0.998393465614029,nan,nan,nan,nan,nan,nan,nan,nan,nan,nan,nan,nan
1715943295.0522413,0.0,0.0,0.0,1715943295.412212,0.0,0.0,0.0,1715943295.4022624,0.00039472479338731326,-0.007823917227580912,0.9973755342496352,nan,nan,nan,nan,nan,nan,nan,nan,nan,nan,nan,nan
1715943295.2722282,0.0,0.0,0.0,1715943295.4222767,0.0,0.0,0.0,1715943295.412212,-0.0014826654956855978,-0.008138786642972073,0.9963987389707407,nan,nan,nan,nan,nan,nan,nan,nan,nan,nan,nan,nan
1715943295.3122008,0.0,0.0,0.0,1715943295.4322238,0.0,0.0,0.0,1715943295.4222767,-0.003759661346981469,-0.007714020865829285,0.9954077364947705,nan,nan,nan,nan,nan,nan,nan,nan,nan,nan,nan,nan
1715943295.3222318,0.0,0.0,0.0,1715943295.4422162,0.0,0.0,0.0,1715943295.4322238,-0.005195401824697798,-0.006386483846589908,0.9944924462996143,nan,nan,nan,nan,nan,nan,nan,nan,nan,nan,nan,nan
1715943295.33221,0.0,0.0,0.0,1715943295.4521809,0.0,0.0,0.0,1715943295.4422162,-0.0062950397524279,-0.004988433734392395,0.9935706279050607,nan,nan,nan,nan,nan,nan,nan,nan,nan,nan,nan,nan
1715943295.3422375,0.0,0.0,0.0,1715943295.4622114,0.0,0.0,0.0,1715943295.4521809,-0.007654432797054467,-0.004134672925506289,0.9927556383299712,nan,nan,nan,nan,nan,nan,nan,nan,nan,nan,nan,nan
1715943295.3522844,0.0,0.0,0.0,1715943295.4722407,0.0,0.0,0.0,1715943295.4622114,-0.009175438444545991,-0.003598144399157066,0.9918968797203969,nan,nan,nan,nan,nan,nan,nan,nan,nan,nan,nan,nan
1715943295.3622267,0.0,0.0,0.0,1715943295.4822054,0.0,0.0,0.0,1715943295.4722407,-0.01086176279233897,-0.003566687043800698,0.9910576545016826,nan,nan,nan,nan,nan,nan,nan,nan,nan,nan,nan,nan
1715943295.3722265,0.0,0.0,0.0,1715943295.492256,0.0,0.0,0.0,1715943295.4822054,-0.009691986103636807,-0.005575777083234756,0.9901361867193677,nan,nan,nan,nan,nan,nan,nan,nan,nan,nan,nan,nan
1715943295.3822198,0.0,0.0,0.0,1715943295.5022635,0.0,0.0,0.0,1715943295.492256,-0.011156287217030658,-0.00643702172597127,0.9892513188656292,nan,nan,nan,nan,nan,nan,nan,nan,nan,nan,nan,nan
1715943295.3922567,0.0,0.0,0.0,1715943295.5122554,0.0,0.0,0.0,1715943295.5022635,-0.00952093559852707,-0.008309299062928321,0.9884055415892175,nan,nan,nan,nan,nan,nan,nan,nan,nan,nan,nan,nan
1715943295.4022624,0.0,0.0,0.0,1715943295.5224705,0.0,0.0,0.0,1715943295.5122554,-0.007406748242736572,-0.00846986372196823,0.9875395168634921,nan,nan,nan,nan,nan,nan,nan,nan,nan,nan,nan,nan
1715943295.412212,0.0,0.0,0.0,1715943295.5322587,0.0,0.0,0.0,1715943295.5224705,-0.0052461854784765505,-0.009024341780890621,0.9866113702165643,nan,nan,nan,nan,nan,nan,nan,nan,nan,nan,nan,nan
1715943295.4222767,0.0,0.0,0.0,1715943295.5422812,0.0,0.0,0.0,1715943295.5322587,-0.003984703338724249,-0.010750986300255283,0.985648762408405,nan,nan,nan,nan,nan,nan,nan,nan,nan,nan,nan,nan
1715943295.4322238,0.0,0.0,0.0,1715943295.5522153,0.0,0.0,0.0,1715943295.5422812,-0.005469301208105348,-0.012125171739891139,0.9847180900052317,nan,nan,nan,nan,nan,nan,nan,nan,nan,nan,nan,nan
1715943295.4422162,0.0,0.0,0.0,1715943295.5622518,0.0,0.0,0.0,1715943295.5522153,-0.006957607426071932,-0.013613156317291875,0.9838877284612855,nan,nan,nan,nan,nan,nan,nan,nan,nan,nan,nan,nan
1715943295.4521809,0.0,0.0,0.0,1715943295.782343,0.0,0.0,0.0,1715943295.5622518,-0.005274040327850005,-0.014378242995430002,0.9829369035365039,nan,nan,nan,nan,nan,nan,nan,nan,nan,nan,nan,nan
1715943295.4622114,0.0,0.0,0.0,1715943295.7923074,0.0,0.0,0.0,1715943295.782343,-0.006082498382434798,-0.011220134477645027,0.9661786490801129,nan,nan,nan,nan,nan,nan,nan,nan,nan,nan,nan,nan
1715943295.4722407,0.0,0.0,0.0,1715943295.8022954,0.0,0.0,0.0,1715943295.7923074,-0.004581233575761623,-0.012464347642335616,0.9653518400646981,nan,nan,nan,nan,nan,nan,nan,nan,nan,nan,nan,nan
1715943295.4822054,0.0,0.0,0.0,1715943295.812296,0.0,0.0,0.0,1715943295.8022954,-0.006200573366720696,-0.013240522896255102,0.9644659737828916,nan,nan,nan,nan,nan,nan,nan,nan,nan,nan,nan,nan
1715943295.492256,0.0,0.0,0.0,1715943295.8224032,0.0,0.0,0.0,1715943295.812296,-0.008411004012450374,-0.01202381644092676,0.9636170764546712,nan,nan,nan,nan,nan,nan,nan,nan,nan,nan,nan,nan
1715943295.5022635,0.0,0.0,0.0,1715943295.8322482,0.0,0.0,0.0,1715943295.8224032,-0.007120128684620752,-0.01107218536040544,0.962755610217852,nan,nan,nan,nan,nan,nan,nan,nan,nan,nan,nan,nan
1715943295.5122554,0.0,0.0,0.0,1715943295.8422744,0.0,0.0,0.0,1715943295.8322482,-0.008739863490466238,-0.011113748958801795,0.9619148429952118,nan,nan,nan,nan,nan,nan,nan,nan,nan,nan,nan,nan
1715943295.5224705,0.0,0.0,0.0,1715943295.8522277,0.0,0.0,0.0,1715943295.8422744,-0.010883074289290917,-0.011722181783196284,0.9611968423250911,nan,nan,nan,nan,nan,nan,nan,nan,nan,nan,nan,nan
1715943295.5322587,0.0,0.0,0.0,1715943295.8622632,0.0,0.0,0.0,1715943295.8522277,-0.012756175156816707,-0.01222483509244432,0.9604917637791389,nan,nan,nan,nan,nan,nan,nan,nan,nan,nan,nan,nan
1715943295.5422812,0.0,0.0,0.0,1715943295.8723612,0.0,0.0,0.0,1715943295.8622632,-0.01434308823898095,-0.012406106475529421,0.9598427636157576,nan,nan,nan,nan,nan,nan,nan,nan,nan,nan,nan,nan
1715943295.5522153,0.0,0.0,0.0,1715943295.8822608,0.0,0.0,0.0,1715943295.8723612,-0.016108643754381535,-0.013030401973969985,0.9591625818016332,nan,nan,nan,nan,nan,nan,nan,nan,nan,nan,nan,nan
1715943295.5622518,0.0,0.0,0.0,1715943295.892335,0.0,0.0,0.0,1715943295.8822608,-0.014568267242042465,-0.014718350176598838,0.9584632522037981,nan,nan,nan,nan,nan,nan,nan,nan,nan,nan,nan,nan
1715943295.782343,0.0,0.0,0.0,1715943295.902276,0.0,0.0,0.0,1715943295.892335,-0.013207348719744716,-0.01649647789988906,0.9577286392679407,nan,nan,nan,nan,nan,nan,nan,nan,nan,nan,nan,nan
1715943295.7923074,0.0,0.0,0.0,1715943295.912279,0.0,0.0,0.0,1715943295.902276,-0.013569430719707398,-0.018107197895570026,0.9570055997232938,nan,nan,nan,nan,nan,nan,nan,nan,nan,nan,nan,nan
1715943295.8022954,0.0,0.0,0.0,1715943295.9224412,0.0,0.0,0.0,1715943295.912279,-0.01185674467862835,-0.018846774304513092,0.9562480480387141,nan,nan,nan,nan,nan,nan,nan,nan,nan,nan,nan,nan
1715943295.812296,0.0,0.0,0.0,1715943295.9322512,0.0,0.0,0.0,1715943295.9224412,-0.009683424806876284,-0.019286612624734634,0.955472187039851,nan,nan,nan,nan,nan,nan,nan,nan,nan,nan,nan,nan
1715943295.8224032,0.0,0.0,0.0,1715943295.9422915,0.0,0.0,0.0,1715943295.9322512,-0.007768033720573053,-0.018058043080682262,0.9547049666601046,nan,nan,nan,nan,nan,nan,nan,nan,nan,nan,nan,nan
1715943295.8322482,0.0,0.0,0.0,1715943295.9522772,0.0,0.0,0.0,1715943295.9422915,-0.006109263638954254,-0.017589383219134502,0.9539578784832595,nan,nan,nan,nan,nan,nan,nan,nan,nan,nan,nan,nan
1715943295.8422744,0.0,0.0,0.0,1715943295.9623473,0.0,0.0,0.0,1715943295.9522772,-0.0037943587678963553,-0.016885212001181316,0.9532180203650561,nan,nan,nan,nan,nan,nan,nan,nan,nan,nan,nan,nan
1715943295.8522277,0.0,0.0,0.0,1715943295.972457,0.0,0.0,0.0,1715943295.9623473,-0.0058340567762570905,-0.016232839300927004,0.9524927910805141,nan,nan,nan,nan,nan,nan,nan,nan,nan,nan,nan,nan
1715943295.8622632,0.0,0.0,0.0,1715943295.9822795,0.0,0.0,0.0,1715943295.972457,-0.005026888826175635,-0.015389299119385358,0.9517081836658942,nan,nan,nan,nan,nan,nan,nan,nan,nan,nan,nan,nan
1715943295.8723612,0.0,0.0,0.0,1715943295.9923563,0.0,0.0,0.0,1715943295.9822795,-0.0027890401725961245,-0.015599212296119047,0.9508789567678646,nan,nan,nan,nan,nan,nan,nan,nan,nan,nan,nan,nan
1715943295.8822608,0.0,0.0,0.0,1715943296.0023148,0.0,0.0,0.0,1715943295.9923563,-0.00470762898415189,-0.016476478526739724,0.9500190793470978,nan,nan,nan,nan,nan,nan,nan,nan,nan,nan,nan,nan
1715943295.892335,0.0,0.0,0.0,1715943296.0122836,0.0,0.0,0.0,1715943296.0023148,-0.007092733729711587,-0.01728483598437247,0.9491947622646435,nan,nan,nan,nan,nan,nan,nan,nan,nan,nan,nan,nan
1715943295.902276,0.0,0.0,0.0,1715943296.022485,0.0,0.0,0.0,1715943296.0122836,-0.006400003772857821,-0.01531631015916357,0.9483596710090916,nan,nan,nan,nan,nan,nan,nan,nan,nan,nan,nan,nan
1715943295.912279,0.0,0.0,0.0,1715943296.0724123,0.0,0.0,0.0,1715943296.022485,-0.008153511084557696,-0.014835747175131475,0.9475408244264998,nan,nan,nan,nan,nan,nan,nan,nan,nan,nan,nan,nan
1715943295.9224412,0.0,0.0,0.0,1715943296.0822775,0.0,0.0,0.0,1715943296.0724123,-0.004303880933918869,-0.011089495556170448,0.943871503553574,nan,nan,nan,nan,nan,nan,nan,nan,nan,nan,nan,nan
1715943295.9322512,0.0,0.0,0.0,1715943296.0923793,0.0,0.0,0.0,1715943296.0822775,-0.0055594050786911264,-0.011650830442162308,0.9431553478997156,nan,nan,nan,nan,nan,nan,nan,nan,nan,nan,nan,nan
1715943295.9422915,0.0,0.0,0.0,1715943296.1023493,0.0,0.0,0.0,1715943296.0923793,-0.00548910941167019,-0.013517694269156832,0.9425112570615588,nan,nan,nan,nan,nan,nan,nan,nan,nan,nan,nan,nan
1715943295.9522772,0.0,0.0,0.0,1715943296.1122851,0.0,0.0,0.0,1715943296.1023493,-0.003578421348609362,-0.013552810834828177,0.9417370609470508,nan,nan,nan,nan,nan,nan,nan,nan,nan,nan,nan,nan
1715943295.9623473,0.0,0.0,0.0,1715943296.1224728,0.0,0.0,0.0,1715943296.1122851,-0.0009014483884461355,-0.01314972584655294,0.9409686806017388,nan,nan,nan,nan,nan,nan,nan,nan,nan,nan,nan,nan
1715943295.972457,0.0,0.0,0.0,1715943296.1322722,0.0,0.0,0.0,1715943296.1224728,-0.002847343827435178,-0.012298716058258607,0.9403311471300255,nan,nan,nan,nan,nan,nan,nan,nan,nan,nan,nan,nan
1715943295.9822795,0.0,0.0,0.0,1715943296.142376,0.0,0.0,0.0,1715943296.1322722,-0.004955301978221582,-0.011208181604761558,0.9395986959212453,nan,nan,nan,nan,nan,nan,nan,nan,nan,nan,nan,nan
1715943295.9923563,0.0,0.0,0.0,1715943296.1522558,0.0,0.0,0.0,1715943296.142376,-0.0030653830047854824,-0.010978136496421431,0.9388030217579726,nan,nan,nan,nan,nan,nan,nan,nan,nan,nan,nan,nan
1715943296.0023148,0.0,0.0,0.0,1715943296.1623223,0.0,0.0,0.0,1715943296.1522558,-0.004279186357433795,-0.00986533722939198,0.9379833213608393,nan,nan,nan,nan,nan,nan,nan,nan,nan,nan,nan,nan
1715943296.0122836,0.0,0.0,0.0,1715943296.1725068,0.0,0.0,0.0,1715943296.1623223,-0.006076030346801764,-0.008758241791424481,0.9371636033699424,nan,nan,nan,nan,nan,nan,nan,nan,nan,nan,nan,nan
1715943296.022485,0.0,0.0,0.0,1715943296.1823356,0.0,0.0,0.0,1715943296.1725068,-0.0046765503532604225,-0.008578413396882034,0.9363768859455343,nan,nan,nan,nan,nan,nan,nan,nan,nan,nan,nan,nan
1715943296.0322902,0.0,0.0,0.0,1715943296.192326,0.0,0.0,0.0,1715943296.1823356,-0.0027234751678368307,-0.008954581552763852,0.9355187512627203,nan,nan,nan,nan,nan,nan,nan,nan,nan,nan,nan,nan
1715943296.0724123,0.0,0.0,0.0,1715943296.2023687,0.0,0.0,0.0,1715943296.192326,-0.0046126251538465834,-0.009057738418568162,0.9346413905517765,nan,nan,nan,nan,nan,nan,nan,nan,nan,nan,nan,nan
1715943296.0822775,0.0,0.0,0.0,1715943296.2123773,0.0,0.0,0.0,1715943296.2023687,-0.006890108799538552,-0.009407042012146816,0.9339189226708011,nan,nan,nan,nan,nan,nan,nan,nan,nan,nan,nan,nan
1715943296.0923793,0.0,0.0,0.0,1715943296.2223868,0.0,0.0,0.0,1715943296.2123773,-0.005282654403665266,-0.009511448894702346,0.9331719448455407,nan,nan,nan,nan,nan,nan,nan,nan,nan,nan,nan,nan
1715943296.1023493,0.0,0.0,0.0,1715943296.2323513,0.0,0.0,0.0,1715943296.2223868,-0.003630876175174602,-0.011082759431721767,0.9324028043747212,nan,nan,nan,nan,nan,nan,nan,nan,nan,nan,nan,nan
1715943296.1122851,0.0,0.0,0.0,1715943296.25227,0.0,0.0,0.0,1715943296.2323513,-0.0054423347804331,-0.011416614578667383,0.9317429320052419,nan,nan,nan,nan,nan,nan,nan,nan,nan,nan,nan,nan
1715943296.1224728,0.0,0.0,0.0,1715943296.2622967,0.0,0.0,0.0,1715943296.25227,-0.00869873348203204,-0.011857090599785902,0.9305368401708534,nan,nan,nan,nan,nan,nan,nan,nan,nan,nan,nan,nan
1715943296.1322722,0.0,0.0,0.0,1715943296.2723062,0.0,0.0,0.0,1715943296.2622967,-0.010349777841818952,-0.012457265363177816,0.9299898432991067,nan,nan,nan,nan,nan,nan,nan,nan,nan,nan,nan,nan
1715943296.142376,0.0,0.0,0.0,1715943296.2822785,0.0,0.0,0.0,1715943296.2723062,-0.011917949391120786,-0.013314107012198484,0.9293894391261737,nan,nan,nan,nan,nan,nan,nan,nan,nan,nan,nan,nan
1715943296.1522558,0.0,0.0,0.0,1715943296.2923534,0.0,0.0,0.0,1715943296.2822785,-0.013300929714611276,-0.014508613671531556,0.9287686505428783,nan,nan,nan,nan,nan,nan,nan,nan,nan,nan,nan,nan
1715943296.1623223,0.0,0.0,0.0,1715943296.302337,0.0,0.0,0.0,1715943296.2923534,-0.014323251848671281,-0.016048420249488382,0.928048839871946,nan,nan,nan,nan,nan,nan,nan,nan,nan,nan,nan,nan
1715943296.1725068,0.0,0.0,0.0,1715943296.312413,0.0,0.0,0.0,1715943296.302337,-0.012246343303744633,-0.016255537564752398,0.9273077941015004,nan,nan,nan,nan,nan,nan,nan,nan,nan,nan,nan,nan
1715943296.1823356,0.0,0.0,0.0,1715943296.3223405,0.0,0.0,0.0,1715943296.312413,-0.010190607104743288,-0.015445762035478205,0.9265210762197105,nan,nan,nan,nan,nan,nan,nan,nan,nan,nan,nan,nan
1715943296.192326,0.0,0.0,0.0,1715943296.332333,0.0,0.0,0.0,1715943296.3223405,-0.009197193112845559,-0.013492459604520723,0.9258198057863687,nan,nan,nan,nan,nan,nan,nan,nan,nan,nan,nan,nan
1715943296.2023687,0.0,0.0,0.0,1715943296.342372,0.0,0.0,0.0,1715943296.332333,-0.01064389059874693,-0.012251283209021802,0.9251118905527352,nan,nan,nan,nan,nan,nan,nan,nan,nan,nan,nan,nan
1715943296.2123773,0.0,0.0,0.0,1715943296.3522925,0.0,0.0,0.0,1715943296.342372,-0.009554087818639256,-0.011149054740980047,0.9243694615779645,nan,nan,nan,nan,nan,nan,nan,nan,nan,nan,nan,nan
1715943296.2223868,0.0,0.0,0.0,1715943296.362374,0.0,0.0,0.0,1715943296.3522925,-0.00725711744403118,-0.011592838089646396,0.9236598518431314,nan,nan,nan,nan,nan,nan,nan,nan,nan,nan,nan,nan
1715943296.2323513,0.0,0.0,0.0,1715943296.372371,0.0,0.0,0.0,1715943296.362374,-0.009154031447899169,-0.011353372010532992,0.9228602841268507,nan,nan,nan,nan,nan,nan,nan,nan,nan,nan,nan,nan
1715943296.25227,0.0,0.0,0.0,1715943296.3823326,0.0,0.0,0.0,1715943296.372371,-0.011158794241574121,-0.010446734878659214,0.922131997345438,nan,nan,nan,nan,nan,nan,nan,nan,nan,nan,nan,nan
1715943296.2622967,0.0,0.0,0.0,1715943296.3923602,0.0,0.0,0.0,1715943296.3823326,-0.00934595568003388,-0.010448519464743011,0.9213755082634985,nan,nan,nan,nan,nan,nan,nan,nan,nan,nan,nan,nan
1715943296.2723062,0.0,0.0,0.0,1715943296.4023871,0.0,0.0,0.0,1715943296.3923602,-0.010703729488520441,-0.011723413168405195,0.9206471552128739,nan,nan,nan,nan,nan,nan,nan,nan,nan,nan,nan,nan
1715943296.2822785,0.0,0.0,0.0,1715943296.41234,0.0,0.0,0.0,1715943296.4023871,-0.012327275853031783,-0.013007915841387607,0.919992058502856,nan,nan,nan,nan,nan,nan,nan,nan,nan,nan,nan,nan
1715943296.2923534,0.0,0.0,0.0,1715943296.422444,0.0,0.0,0.0,1715943296.41234,-0.010435300781064305,-0.012944112837269373,0.9193135123160527,nan,nan,nan,nan,nan,nan,nan,nan,nan,nan,nan,nan
1715943296.302337,0.0,0.0,0.0,1715943296.432308,0.0,0.0,0.0,1715943296.422444,-0.008131845749100808,-0.012701600410783387,0.9187630347019076,nan,nan,nan,nan,nan,nan,nan,nan,nan,nan,nan,nan
1715943296.312413,0.0,0.0,0.0,1715943296.442299,0.0,0.0,0.0,1715943296.432308,-0.009564317422343316,-0.011919178131119423,0.9184078885697035,nan,nan,nan,nan,nan,nan,nan,nan,nan,nan,nan,nan
1715943296.3223405,0.0,0.0,0.0,1715943296.5323052,0.0,0.0,0.0,1715943296.442299,-0.011381632935409058,-0.01156942094426272,0.9180365499413923,nan,nan,nan,nan,nan,nan,nan,nan,nan,nan,nan,nan
1715943296.332333,0.0,0.0,0.0,1715943296.5423715,0.0,0.0,0.0,1715943296.5323052,-0.007790781192399787,-0.019078672639204708,0.9134984417750189,nan,nan,nan,nan,nan,nan,nan,nan,nan,nan,nan,nan
1715943296.342372,0.0,0.0,0.0,1715943296.5522966,0.0,0.0,0.0,1715943296.5423715,-0.009522455248804906,-0.01985885966046319,0.913032211645121,nan,nan,nan,nan,nan,nan,nan,nan,nan,nan,nan,nan
1715943296.3522925,0.0,0.0,0.0,1715943296.562329,0.0,0.0,0.0,1715943296.5522966,-0.007825325930966576,-0.020466718437342157,0.9125326331552959,nan,nan,nan,nan,nan,nan,nan,nan,nan,nan,nan,nan
1715943296.362374,0.0,0.0,0.0,1715943296.5723338,0.0,0.0,0.0,1715943296.562329,-0.005680570395464268,-0.019637535243388626,0.9119246763916979,nan,nan,nan,nan,nan,nan,nan,nan,nan,nan,nan,nan
1715943296.372371,0.0,0.0,0.0,1715943296.5823095,0.0,0.0,0.0,1715943296.5723338,-0.006556802967321362,-0.017826198659024017,0.9113449896154129,nan,nan,nan,nan,nan,nan,nan,nan,nan,nan,nan,nan
1715943296.3823326,0.0,0.0,0.0,1715943296.5924106,0.0,0.0,0.0,1715943296.5823095,-0.008784141083273134,-0.017184926225352726,0.9108702424649449,nan,nan,nan,nan,nan,nan,nan,nan,nan,nan,nan,nan
1715943296.3923602,0.0,0.0,0.0,1715943296.6022959,0.0,0.0,0.0,1715943296.5924106,-0.007453242678776673,-0.01573582453991529,0.9102634918623105,nan,nan,nan,nan,nan,nan,nan,nan,nan,nan,nan,nan
1715943296.4023871,0.0,0.0,0.0,1715943296.6123753,0.0,0.0,0.0,1715943296.6022959,-0.005919513754617134,-0.014282176748886544,0.9095715339980293,nan,nan,nan,nan,nan,nan,nan,nan,nan,nan,nan,nan
1715943296.41234,0.0,0.0,0.0,1715943296.6223497,0.0,0.0,0.0,1715943296.6123753,-0.0056492939998804,-0.012657403388564026,0.9089082847387902,nan,nan,nan,nan,nan,nan,nan,nan,nan,nan,nan,nan
1715943296.422444,0.0,0.0,0.0,1715943296.6323116,0.0,0.0,0.0,1715943296.6223497,-0.0038772627746834765,-0.012921402293839535,0.90817023440254,nan,nan,nan,nan,nan,nan,nan,nan,nan,nan,nan,nan
1715943296.432308,0.0,0.0,0.0,1715943296.72241,0.0,0.0,0.0,1715943296.6323116,-0.005346629105678846,-0.01242754090403797,0.9074636299991687,nan,nan,nan,nan,nan,nan,nan,nan,nan,nan,nan,nan
1715943296.442299,0.0,0.0,0.0,1715943296.7323818,0.0,0.0,0.0,1715943296.72241,-0.005207657224312157,-0.007866114959902859,0.9025813445661549,nan,nan,nan,nan,nan,nan,nan,nan,nan,nan,nan,nan
1715943296.5323052,0.0,0.0,0.0,1715943296.7424366,0.0,0.0,0.0,1715943296.7323818,-0.0051207168497342526,-0.006286671863748428,0.9021048043850567,nan,nan,nan,nan,nan,nan,nan,nan,nan,nan,nan,nan
1715943296.5423715,0.0,0.0,0.0,1715943296.7524118,0.0,0.0,0.0,1715943296.7424366,-0.006355785742761577,-0.005678501954571091,0.9015629979324493,nan,nan,nan,nan,nan,nan,nan,nan,nan,nan,nan,nan
1715943296.5522966,0.0,0.0,0.0,1715943296.76245,0.0,0.0,0.0,1715943296.7524118,-0.004598396266036919,-0.005299541601525792,0.9010214801964995,nan,nan,nan,nan,nan,nan,nan,nan,nan,nan,nan,nan
1715943296.562329,0.0,0.0,0.0,1715943296.772388,0.0,0.0,0.0,1715943296.76245,-0.002317221115110013,-0.005832748216573425,0.9004388105688891,nan,nan,nan,nan,nan,nan,nan,nan,nan,nan,nan,nan
1715943296.5723338,0.0,0.0,0.0,1715943296.7823522,0.0,0.0,0.0,1715943296.772388,-0.0004873417721918405,-0.00777867182983516,0.8998415389566408,nan,nan,nan,nan,nan,nan,nan,nan,nan,nan,nan,nan
1715943296.5823095,0.0,0.0,0.0,1715943296.7924278,0.0,0.0,0.0,1715943296.7823522,-0.002302537851787856,-0.009025535534843199,0.8992155440491996,nan,nan,nan,nan,nan,nan,nan,nan,nan,nan,nan,nan
1715943296.5924106,0.0,0.0,0.0,1715943296.80243,0.0,0.0,0.0,1715943296.7924278,-0.0018951929061448713,-0.010960870956256752,0.8985145411262643,nan,nan,nan,nan,nan,nan,nan,nan,nan,nan,nan,nan
1715943296.6022959,0.0,0.0,0.0,1715943296.8124063,0.0,0.0,0.0,1715943296.80243,0.00014094390029589787,-0.011272165017619518,0.8979371398329103,nan,nan,nan,nan,nan,nan,nan,nan,nan,nan,nan,nan
1715943296.6123753,0.0,0.0,0.0,1715943296.8224244,0.0,0.0,0.0,1715943296.8124063,0.0023346798484676357,-0.010935500374918083,0.8973293804752509,nan,nan,nan,nan,nan,nan,nan,nan,nan,nan,nan,nan
1715943296.6223497,0.0,0.0,0.0,1715943296.8323677,0.0,0.0,0.0,1715943296.8224244,0.0001911090947288585,-0.010827298937551744,0.8968391518331967,nan,nan,nan,nan,nan,nan,nan,nan,nan,nan,nan,nan
1715943296.6323116,0.0,0.0,0.0,1715943296.8423634,0.0,0.0,0.0,1715943296.8323677,-0.0007675480975534721,-0.009009266072091515,0.8964631366425047,nan,nan,nan,nan,nan,nan,nan,nan,nan,nan,nan,nan
1715943296.72241,0.0,0.0,0.0,1715943296.852389,0.0,0.0,0.0,1715943296.8423634,-0.001991168790161868,-0.007623233373840188,0.8961550359583301,nan,nan,nan,nan,nan,nan,nan,nan,nan,nan,nan,nan
1715943296.7323818,0.0,0.0,0.0,1715943296.862347,0.0,0.0,0.0,1715943296.852389,-0.0014553533481216352,-0.00589639454054991,0.8959964504679967,nan,nan,nan,nan,nan,nan,nan,nan,nan,nan,nan,nan
1715943296.7424366,0.0,0.0,0.0,1715943296.8723743,0.0,0.0,0.0,1715943296.862347,0.00036519497744619267,-0.005020189507074058,0.895892637241217,nan,nan,nan,nan,nan,nan,nan,nan,nan,nan,nan,nan
1715943296.7524118,0.0,0.0,0.0,1715943296.8823664,0.0,0.0,0.0,1715943296.8723743,-0.001128706869419016,-0.004892318226015657,0.8958913830882541,nan,nan,nan,nan,nan,nan,nan,nan,nan,nan,nan,nan
1715943296.76245,0.0,0.0,0.0,1715943296.892374,0.0,0.0,0.0,1715943296.8823664,-0.0031637467194327584,-0.005349987369587694,0.8959232821732811,nan,nan,nan,nan,nan,nan,nan,nan,nan,nan,nan,nan
1715943296.772388,0.0,0.0,0.0,1715943296.9024196,0.0,0.0,0.0,1715943296.892374,-0.002174881165557807,-0.007467512863912562,0.8960119756164511,nan,nan,nan,nan,nan,nan,nan,nan,nan,nan,nan,nan
1715943296.7823522,0.0,0.0,0.0,1715943296.9123514,0.0,0.0,0.0,1715943296.9024196,-0.00025339432357623926,-0.00840377218895294,0.8960978162054378,nan,nan,nan,nan,nan,nan,nan,nan,nan,nan,nan,nan
1715943296.7924278,0.0,0.0,0.0,1715943297.0323527,0.0,0.0,0.0,1715943296.9123514,0.0012986744586372945,-0.010211705915327718,0.8961306656677247,nan,nan,nan,nan,nan,nan,nan,nan,nan,nan,nan,nan
1715943296.80243,0.0,0.0,0.0,1715943297.2423916,0.0,0.0,0.0,1715943297.0323527,0.002328275561855553,-0.020264599217275414,0.8959590826054432,nan,nan,nan,nan,nan,nan,nan,nan,nan,nan,nan,nan
1715943296.8124063,0.0,0.0,0.0,1715943297.2523744,0.0,0.0,0.0,1715943297.2423916,-0.0002330421830261109,-0.00887124935945205,0.8976337724467311,nan,nan,nan,nan,nan,nan,nan,nan,nan,nan,nan,nan
1715943296.8224244,0.0,0.0,0.0,1715943297.2623916,0.0,0.0,0.0,1715943297.2523744,-0.002031260400002566,-0.009721438418880624,0.8979241573475099,nan,nan,nan,nan,nan,nan,nan,nan,nan,nan,nan,nan
1715943296.8323677,0.0,0.0,0.0,1715943297.2725163,0.0,0.0,0.0,1715943297.2623916,-0.00021843941577304182,-0.010582612080773934,0.8981621111931791,nan,nan,nan,nan,nan,nan,nan,nan,nan,nan,nan,nan
1715943296.8423634,0.0,0.0,0.0,1715943297.5725982,0.0,0.0,0.0,1715943297.2725163,0.002185277487399606,-0.010060316505676514,0.8983371550368823,nan,nan,nan,nan,nan,nan,nan,nan,nan,nan,nan,nan
1715943296.852389,0.0,0.0,0.0,1715943297.5824363,0.0,0.0,0.0,1715943297.5725982,0.00027134059130856647,-0.013468891330057575,0.902629953763411,nan,nan,nan,nan,nan,nan,nan,nan,nan,nan,nan,nan
1715943296.862347,0.0,0.0,0.0,1715943297.5926025,0.0,0.0,0.0,1715943297.5824363,0.0023529467003209348,-0.012030750509625099,0.9029422897200591,nan,nan,nan,nan,nan,nan,nan,nan,nan,nan,nan,nan
1715943296.8723743,0.0,0.0,0.0,1715943297.6024857,0.0,0.0,0.0,1715943297.5926025,0.0007936531021645044,-0.010887355433206514,0.9033018315933344,nan,nan,nan,nan,nan,nan,nan,nan,nan,nan,nan,nan
1715943296.8823664,0.0,0.0,0.0,1715943297.612439,0.0,0.0,0.0,1715943297.6024857,-0.0004451820431261022,-0.009468059002861517,0.9036832331110973,nan,nan,nan,nan,nan,nan,nan,nan,nan,nan,nan,nan
1715943296.892374,0.0,0.0,0.0,1715943297.622481,0.0,0.0,0.0,1715943297.612439,0.000992600623731521,-0.00828980832425752,0.9039472157407703,nan,nan,nan,nan,nan,nan,nan,nan,nan,nan,nan,nan
1715943296.9024196,0.0,0.0,0.0,1715943297.6324332,0.0,0.0,0.0,1715943297.622481,0.003026480550149313,-0.007734592556210229,0.9043373815922676,nan,nan,nan,nan,nan,nan,nan,nan,nan,nan,nan,nan
1715943296.9123514,0.0,0.0,0.0,1715943297.6424391,0.0,0.0,0.0,1715943297.6324332,0.005041441188288032,-0.008324397979428078,0.9047874014616895,nan,nan,nan,nan,nan,nan,nan,nan,nan,nan,nan,nan
1715943296.922405,0.0,0.0,0.0,1715943297.652415,0.0,0.0,0.0,1715943297.6424391,0.006766856841554758,-0.007343219579120763,0.9052508435582776,nan,nan,nan,nan,nan,nan,nan,nan,nan,nan,nan,nan
1715943297.042379,0.0,0.0,0.0,1715943297.6624298,0.0,0.0,0.0,1715943297.652415,0.005018633642699721,-0.008089083910886252,0.9058119004431356,nan,nan,nan,nan,nan,nan,nan,nan,nan,nan,nan,nan
1715943297.2423916,0.0,0.0,0.0,1715943297.6725423,0.0,0.0,0.0,1715943297.6624298,0.005054674887636668,-0.010122779256414027,0.906548801031967,nan,nan,nan,nan,nan,nan,nan,nan,nan,nan,nan,nan
1715943297.2523744,0.0,0.0,0.0,1715943297.6824584,0.0,0.0,0.0,1715943297.6725423,0.006264047411557172,-0.008454689226212064,0.9073128707928568,nan,nan,nan,nan,nan,nan,nan,nan,nan,nan,nan,nan
1715943297.2623916,0.0,0.0,0.0,1715943297.6924992,0.0,0.0,0.0,1715943297.6824584,0.008131856404831217,-0.008638578886443371,0.9081601112231652,nan,nan,nan,nan,nan,nan,nan,nan,nan,nan,nan,nan
1715943297.2725163,0.0,0.0,0.0,1715943297.7024772,0.0,0.0,0.0,1715943297.6924992,0.010247104164749443,-0.009279912504385646,0.9090786960319082,nan,nan,nan,nan,nan,nan,nan,nan,nan,nan,nan,nan
1715943297.5725982,0.0,0.0,0.0,1715943297.7124467,0.0,0.0,0.0,1715943297.7024772,0.009074726147434098,-0.00992589465546967,0.9100272624818244,nan,nan,nan,nan,nan,nan,nan,nan,nan,nan,nan,nan
1715943297.5824363,0.0,0.0,0.0,1715943298.1938345,0.0,0.0,0.0,1715943297.7124467,0.007272628306844275,-0.010096869971836675,0.9111351728037477,nan,nan,nan,nan,nan,nan,nan,nan,nan,nan,nan,nan
1715943297.5926025,0.0,0.0,0.0,1715943298.2025495,0.0,0.0,0.0,1715943298.1938345,0.013016305090694347,-0.006423321471709764,0.9912208546594485,nan,nan,nan,nan,nan,nan,nan,nan,nan,nan,nan,nan
1715943297.6024857,0.0,0.0,0.0,1715943298.2125487,0.0,0.0,0.0,1715943298.2025495,0.013277793106921065,-0.00824785956817431,0.9924056066850937,nan,nan,nan,nan,nan,nan,nan,nan,nan,nan,nan,nan
1715943297.612439,0.0,0.0,0.0,1715943298.2225008,0.0,0.0,0.0,1715943298.2125487,0.011416804780889134,-0.009294129417451336,0.9937919242853979,nan,nan,nan,nan,nan,nan,nan,nan,nan,nan,nan,nan
1715943297.622481,0.0,0.0,0.0,1715943298.2324991,0.0,0.0,0.0,1715943298.2225008,0.010565388275158127,-0.011046667139782862,0.9951868263730503,nan,nan,nan,nan,nan,nan,nan,nan,nan,nan,nan,nan
1715943297.6324332,0.0,0.0,0.0,1715943298.242549,0.0,0.0,0.0,1715943298.2324991,0.009639309998824064,-0.012586425257283151,0.9963580147218283,nan,nan,nan,nan,nan,nan,nan,nan,nan,nan,nan,nan
1715943297.6424391,0.0,0.0,0.0,1715943298.2524865,0.0,0.0,0.0,1715943298.242549,0.00798103663787475,-0.01370504669318251,0.9975805447691384,nan,nan,nan,nan,nan,nan,nan,nan,nan,nan,nan,nan
1715943297.652415,0.0,0.0,0.0,1715943298.2625039,0.0,0.0,0.0,1715943298.2524865,0.009720651131352731,-0.013520058423121206,0.9985347619370959,nan,nan,nan,nan,nan,nan,nan,nan,nan,nan,nan,nan
1715943297.6624298,0.0,0.0,0.0,1715943298.2724729,0.0,0.0,0.0,1715943298.2625039,0.008204645475009154,-0.012350221073117229,0.999379577239107,nan,nan,nan,nan,nan,nan,nan,nan,nan,nan,nan,nan
1715943297.6725423,0.0,0.0,0.0,1715943298.862568,0.0,0.0,0.0,1715943298.2724729,0.006318507863155687,-0.011193280721214283,1.000170059302961,nan,nan,nan,nan,nan,nan,nan,nan,nan,nan,nan,nan
1715943297.6824584,0.0,0.0,0.0,1715943298.8725338,0.0,0.0,0.0,1715943298.862568,0.007766929517241894,-0.007516014430891227,1.0485768102482749,nan,nan,nan,nan,nan,nan,nan,nan,nan,nan,nan,nan
1715943297.6924992,0.0,0.0,0.0,1715943298.8825736,0.0,0.0,0.0,1715943298.8725338,0.00921310552243515,-0.00585160034285126,1.0497014441803663,nan,nan,nan,nan,nan,nan,nan,nan,nan,nan,nan,nan
1715943297.7024772,0.0,0.0,0.0,1715943298.8947103,0.0,0.0,0.0,1715943298.8825736,0.009316396163492113,-0.003859475555081371,1.0507820685844376,nan,nan,nan,nan,nan,nan,nan,nan,nan,nan,nan,nan
1715943297.7124467,0.0,0.0,0.0,1715943298.902606,0.0,0.0,0.0,1715943298.8947103,0.00836010715901081,-0.0017940809540206715,1.0519217133174705,nan,nan,nan,nan,nan,nan,nan,nan,nan,nan,nan,nan
1715943298.1938345,0.0,0.0,0.0,1715943298.9126327,0.0,0.0,0.0,1715943298.902606,0.006644045443896851,-0.0019364166759443524,1.0526166598353592,nan,nan,nan,nan,nan,nan,nan,nan,nan,nan,nan,nan
1715943298.2025495,0.0,0.0,0.0,1715943298.9225836,0.0,0.0,0.0,1715943298.9126327,0.004480351707416674,-0.0024576550592529944,1.0535161656120375,nan,nan,nan,nan,nan,nan,nan,nan,nan,nan,nan,nan
1715943298.2125487,0.0,0.0,0.0,1715943298.9326236,0.0,0.0,0.0,1715943298.9225836,0.0027102213592872237,-0.0037680009379050805,1.0544556739658217,nan,nan,nan,nan,nan,nan,nan,nan,nan,nan,nan,nan
1715943298.2225008,0.0,0.0,0.0,1715943298.9726584,0.0,0.0,0.0,1715943298.9326236,0.0017422432993451364,-0.005943530035066091,1.055447291500165,nan,nan,nan,nan,nan,nan,nan,nan,nan,nan,nan,nan
1715943298.2324991,0.0,0.0,0.0,1715943298.9826846,0.0,0.0,0.0,1715943298.9726584,0.0006309751251292184,-0.013096037787872161,1.0596355467606557,nan,nan,nan,nan,nan,nan,nan,nan,nan,nan,nan,nan
1715943298.242549,0.0,0.0,0.0,1715943298.9929132,0.0,0.0,0.0,1715943298.9826846,0.0015555657842796222,-0.01090155790220293,1.0607882983708032,nan,nan,nan,nan,nan,nan,nan,nan,nan,nan,nan,nan
1715943298.2524865,0.0,0.0,0.0,1715943299.0026634,0.0,0.0,0.0,1715943298.9929132,0.0035832686914977208,-0.01008033100433936,1.0620565611820152,nan,nan,nan,nan,nan,nan,nan,nan,nan,nan,nan,nan
1715943298.2625039,0.0,0.0,0.0,1715943299.012617,0.0,0.0,0.0,1715943299.0026634,0.005795881562455474,-0.00949281091569798,1.0632577570266213,nan,nan,nan,nan,nan,nan,nan,nan,nan,nan,nan,nan
1715943298.2724729,0.0,0.0,0.0,1715943299.35262,0.0,0.0,0.0,1715943299.012617,0.004311362394004203,-0.010310252345415494,1.0643612177594708,nan,nan,nan,nan,nan,nan,nan,nan,nan,nan,nan,nan
1715943298.862568,0.0,0.0,0.0,1715943299.362675,0.0,0.0,0.0,1715943299.35262,-0.0028571317628999227,-0.017366069965797815,1.088495846622008,nan,nan,nan,nan,nan,nan,nan,nan,nan,nan,nan,nan
1715943298.8725338,0.0,0.0,0.0,1715943299.3726058,0.0,0.0,0.0,1715943299.362675,-0.0009569294342934853,-0.017540424749559858,1.0889375081693191,nan,nan,nan,nan,nan,nan,nan,nan,nan,nan,nan,nan
1715943298.8825736,0.0,0.0,0.0,1715943299.3826647,0.0,0.0,0.0,1715943299.3726058,0.00016719229291084492,-0.015780398537183604,1.0892882135314457,nan,nan,nan,nan,nan,nan,nan,nan,nan,nan,nan,nan
1715943298.8947103,0.0,0.0,0.0,1715943299.395202,0.0,0.0,0.0,1715943299.3826647,-0.0015870077086441725,-0.01509299864629865,1.0896574434942068,nan,nan,nan,nan,nan,nan,nan,nan,nan,nan,nan,nan
1715943298.902606,0.0,0.0,0.0,1715943299.4026659,0.0,0.0,0.0,1715943299.395202,0.0005808536267648545,-0.015512753728196493,1.0902039842290092,nan,nan,nan,nan,nan,nan,nan,nan,nan,nan,nan,nan
1715943298.9126327,0.0,0.0,0.0,1715943299.4127452,0.0,0.0,0.0,1715943299.4026659,0.001968732956466379,-0.015895036286768027,1.0905046896115915,nan,nan,nan,nan,nan,nan,nan,nan,nan,nan,nan,nan
1715943298.9225836,0.0,0.0,0.0,1715943299.4226599,0.0,0.0,0.0,1715943299.4127452,0.003864952630907026,-0.016737371922764366,1.0907984280137457,nan,nan,nan,nan,nan,nan,nan,nan,nan,nan,nan,nan
1715943298.9326236,0.0,0.0,0.0,1715943299.4326265,0.0,0.0,0.0,1715943299.4226599,0.0022607490274613173,-0.0174886732512487,1.091227272834252,nan,nan,nan,nan,nan,nan,nan,nan,nan,nan,nan,nan
1715943298.9726584,0.0,0.0,0.0,1715943299.4427445,0.0,0.0,0.0,1715943299.4326265,0.0001103553426958781,-0.017679122615893217,1.0916763290580809,nan,nan,nan,nan,nan,nan,nan,nan,nan,nan,nan,nan
1715943298.9826846,0.0,0.0,0.0,1715943299.4526165,0.0,0.0,0.0,1715943299.4427445,0.0013531673486260054,-0.01876824182048642,1.0920610483644708,nan,nan,nan,nan,nan,nan,nan,nan,nan,nan,nan,nan
1715943298.9929132,0.0,0.0,0.0,1715943299.4626658,0.0,0.0,0.0,1715943299.4526165,0.003411569686286642,-0.01818600955839189,1.0924396640348701,nan,nan,nan,nan,nan,nan,nan,nan,nan,nan,nan,nan
1715943299.0026634,0.0,0.0,0.0,1715943299.952735,0.0,0.0,0.0,1715943299.4626658,0.0031322276107225155,-0.015988411620446508,1.0928504565901607,nan,nan,nan,nan,nan,nan,nan,nan,nan,nan,nan,nan
1715943299.012617,0.0,0.0,0.0,1715943299.9726636,0.0,0.0,0.0,1715943299.952735,0.002868889225191129,-0.02028695995651897,1.1111975172360868,nan,nan,nan,nan,nan,nan,nan,nan,nan,nan,nan,nan
1715943299.35262,0.0,0.0,0.0,1715943300.052685,0.0,0.0,0.0,1715943299.9726636,0.0032423140197719302,-0.022442197349434645,1.1117920768037273,nan,nan,nan,nan,nan,nan,nan,nan,nan,nan,nan,nan
1715943299.362675,0.0,0.0,0.0,1715943300.0628152,0.0,0.0,0.0,1715943300.052685,0.0029094342455301403,-0.020163144586192505,1.1142474517574472,nan,nan,nan,nan,nan,nan,nan,nan,nan,nan,nan,nan
1715943299.3726058,0.0,0.0,0.0,1715943300.0727377,0.0,0.0,0.0,1715943300.0628152,0.003761916408953403,-0.021877448817665845,1.1145474901281012,nan,nan,nan,nan,nan,nan,nan,nan,nan,nan,nan,nan
1715943299.3826647,0.0,0.0,0.0,1715943300.0827255,0.0,0.0,0.0,1715943300.0727377,0.0059035473058702825,-0.021411495073818676,1.1147622142055131,nan,nan,nan,nan,nan,nan,nan,nan,nan,nan,nan,nan
1715943299.395202,0.0,0.0,0.0,1715943300.095326,0.0,0.0,0.0,1715943300.0827255,0.004232283239276824,-0.020528139734925288,1.115151914715356,nan,nan,nan,nan,nan,nan,nan,nan,nan,nan,nan,nan
1715943299.4026659,0.0,0.0,0.0,1715943300.1027994,0.0,0.0,0.0,1715943300.095326,0.0015769446423091749,-0.02043905178758143,1.1157327001484356,nan,nan,nan,nan,nan,nan,nan,nan,nan,nan,nan,nan
1715943299.4127452,0.0,0.0,0.0,1715943300.1128504,0.0,0.0,0.0,1715943300.1027994,0.0028709775820557892,-0.020482105598628175,1.1159900038739465,nan,nan,nan,nan,nan,nan,nan,nan,nan,nan,nan,nan
1715943299.4226599,0.0,0.0,0.0,1715943300.1227667,0.0,0.0,0.0,1715943300.1128504,0.005124828021880634,-0.0210347661711483,1.1162710815799173,nan,nan,nan,nan,nan,nan,nan,nan,nan,nan,nan,nan
1715943299.4326265,0.0,0.0,0.0,1715943300.1527562,0.0,0.0,0.0,1715943300.1227667,0.003529966546620411,-0.020432536338402363,1.1166845041920936,nan,nan,nan,nan,nan,nan,nan,nan,nan,nan,nan,nan
1715943299.4427445,0.0,0.0,0.0,1715943300.1943655,0.0,0.0,0.0,1715943300.1527562,0.004704036140800727,-0.016045144641957387,1.117504450317254,nan,nan,nan,nan,nan,nan,nan,nan,nan,nan,nan,nan
1715943299.4526165,0.0,0.0,0.0,1715943300.2128289,0.0,0.0,0.0,1715943300.1943655,0.0011166155240228681,-0.015684663411825506,1.1186688558844766,nan,nan,nan,nan,nan,nan,nan,nan,nan,nan,nan,nan
1715943299.4626658,0.0,0.0,0.0,1715943300.2227728,0.0,0.0,0.0,1715943300.2128289,-0.0011825179587930945,-0.017728077627262584,1.119101581134796,nan,nan,nan,nan,nan,nan,nan,nan,nan,nan,nan,nan
1715943299.952735,0.0,0.0,0.0,1715943300.2327266,0.0,0.0,0.0,1715943300.2227728,-0.002982718352838032,-0.017352557374864963,1.1193076459887012,nan,nan,nan,nan,nan,nan,nan,nan,nan,nan,nan,nan
1715943299.9726636,0.0,0.0,0.0,1715943300.242712,0.0,0.0,0.0,1715943300.2327266,-0.0034518771112191926,-0.015134704079812877,1.119433396854602,nan,nan,nan,nan,nan,nan,nan,nan,nan,nan,nan,nan
1715943300.052685,0.0,0.0,0.0,1715943300.2527182,0.0,0.0,0.0,1715943300.242712,-0.0035028909549624787,-0.012793904079977825,1.1196809383640502,nan,nan,nan,nan,nan,nan,nan,nan,nan,nan,nan,nan
1715943300.0628152,0.0,0.0,0.0,1715943300.2628531,0.0,0.0,0.0,1715943300.2527182,-0.0019320617019642494,-0.011453776605602428,1.1198926159623714,nan,nan,nan,nan,nan,nan,nan,nan,nan,nan,nan,nan
1715943300.0727377,0.0,0.0,0.0,1715943300.2727072,0.0,0.0,0.0,1715943300.2628531,-0.00019264409954211636,-0.010269546026792531,1.1202036411199643,nan,nan,nan,nan,nan,nan,nan,nan,nan,nan,nan,nan
1715943300.0827255,0.0,0.0,0.0,1715943300.282739,0.0,0.0,0.0,1715943300.2727072,-0.001248749415764694,-0.00956165745327242,1.1205733922000904,nan,nan,nan,nan,nan,nan,nan,nan,nan,nan,nan,nan
1715943300.095326,0.0,0.0,0.0,1715943300.2940104,0.0,0.0,0.0,1715943300.282739,0.0002830934181498046,-0.011344201357682993,1.1210586934156161,nan,nan,nan,nan,nan,nan,nan,nan,nan,nan,nan,nan
1715943300.1027994,0.0,0.0,0.0,1715943300.302737,0.0,0.0,0.0,1715943300.2940104,0.0014867988332464277,-0.013964834811195148,1.1216787941399171,nan,nan,nan,nan,nan,nan,nan,nan,nan,nan,nan,nan
1715943300.1128504,0.0,0.0,0.0,1715943300.352744,0.0,0.0,0.0,1715943300.302737,0.0013003781417142424,-0.01598312915566691,1.122180746148542,nan,nan,nan,nan,nan,nan,nan,nan,nan,nan,nan,nan
1715943300.1227667,0.0,0.0,0.0,1715943300.36287,0.0,0.0,0.0,1715943300.352744,-0.0003574494669550399,-0.026537427785215284,1.1242484255648475,nan,nan,nan,nan,nan,nan,nan,nan,nan,nan,nan,nan
1715943300.1527562,0.0,0.0,0.0,1715943300.3727245,0.0,0.0,0.0,1715943300.36287,-5.071188042393704e-05,-0.02872423121208678,1.1245974447377072,nan,nan,nan,nan,nan,nan,nan,nan,nan,nan,nan,nan
1715943300.1943655,0.0,0.0,0.0,1715943300.3827653,0.0,0.0,0.0,1715943300.3727245,-0.0003823736681564105,-0.03085073909775171,1.1250133667769355,nan,nan,nan,nan,nan,nan,nan,nan,nan,nan,nan,nan
1715943300.2128289,0.0,0.0,0.0,1715943300.442699,0.0,0.0,0.0,1715943300.3827653,0.0002381361963816886,-0.03273827355738357,1.1254983987718927,nan,nan,nan,nan,nan,nan,nan,nan,nan,nan,nan,nan
1715943300.2227728,0.0,0.0,0.0,1715943300.4527147,0.0,0.0,0.0,1715943300.442699,0.004708125451855838,-0.03905339551108211,1.1281389469687837,nan,nan,nan,nan,nan,nan,nan,nan,nan,nan,nan,nan
1715943300.2327266,0.0,0.0,0.0,1715943300.4627852,0.0,0.0,0.0,1715943300.4527147,0.0038733852221725096,-0.036190249875033054,1.1284837942543247,nan,nan,nan,nan,nan,nan,nan,nan,nan,nan,nan,nan
1715943300.242712,0.0,0.0,0.0,1715943300.5128136,0.0,0.0,0.0,1715943300.4627852,0.004213024320002257,-0.03380426197292441,1.1288011454911155,nan,nan,nan,nan,nan,nan,nan,nan,nan,nan,nan,nan
1715943300.2527182,0.0,0.0,0.0,1715943300.5227554,0.0,0.0,0.0,1715943300.5128136,0.001321668119776298,-0.029614594889288748,1.1304013768743923,nan,nan,nan,nan,nan,nan,nan,nan,nan,nan,nan,nan
1715943300.2628531,0.0,0.0,0.0,1715943300.532815,0.0,0.0,0.0,1715943300.5227554,7.175151162774895e-06,-0.03141641188548383,1.1308689445123064,nan,nan,nan,nan,nan,nan,nan,nan,nan,nan,nan,nan
1715943300.2727072,0.0,0.0,0.0,1715943300.5428126,0.0,0.0,0.0,1715943300.532815,-0.0011621688865055546,-0.031197836373933807,1.131142087439764,nan,nan,nan,nan,nan,nan,nan,nan,nan,nan,nan,nan
1715943300.282739,0.0,0.0,0.0,1715943300.552743,0.0,0.0,0.0,1715943300.5428126,-0.0022435863002721046,-0.02907556821706203,1.1314270123696342,nan,nan,nan,nan,nan,nan,nan,nan,nan,nan,nan,nan
1715943300.2940104,0.0,0.0,0.0,1715943300.562878,0.0,0.0,0.0,1715943300.552743,-0.0005315309678259883,-0.027084407549646583,1.1318082066985147,nan,nan,nan,nan,nan,nan,nan,nan,nan,nan,nan,nan
1715943300.302737,0.0,0.0,0.0,1715943300.5727448,0.0,0.0,0.0,1715943300.562878,-0.0007561794983460546,-0.02498412665973726,1.1322234263144404,nan,nan,nan,nan,nan,nan,nan,nan,nan,nan,nan,nan
1715943300.352744,0.0,0.0,0.0,1715943300.5828464,0.0,0.0,0.0,1715943300.5727448,-0.0023378123325779043,-0.023587703152522232,1.1326164092067503,nan,nan,nan,nan,nan,nan,nan,nan,nan,nan,nan,nan
1715943300.36287,0.0,0.0,0.0,1715943300.5950987,0.0,0.0,0.0,1715943300.5828464,-0.0008329952238875782,-0.021929693466104405,1.1330110937902251,nan,nan,nan,nan,nan,nan,nan,nan,nan,nan,nan,nan
1715943300.3727245,0.0,0.0,0.0,1715943300.602817,0.0,0.0,0.0,1715943300.5950987,0.0020210464961635255,-0.020334625026452002,1.1333566143237528,nan,nan,nan,nan,nan,nan,nan,nan,nan,nan,nan,nan
1715943300.3827653,0.0,0.0,0.0,1715943300.6127512,0.0,0.0,0.0,1715943300.602817,0.0018028868579197388,-0.01898337530020533,1.1336585129028207,nan,nan,nan,nan,nan,nan,nan,nan,nan,nan,nan,nan
1715943300.442699,0.0,0.0,0.0,1715943300.622822,0.0,0.0,0.0,1715943300.6127512,0.00342276079054582,-0.018330223110989197,1.1340261023337077,nan,nan,nan,nan,nan,nan,nan,nan,nan,nan,nan,nan
1715943300.4527147,0.0,0.0,0.0,1715943300.6327531,0.0,0.0,0.0,1715943300.622822,0.005769647264889821,-0.01772200316352257,1.1344245740127907,nan,nan,nan,nan,nan,nan,nan,nan,nan,nan,nan,nan
1715943300.4627852,0.0,0.0,0.0,1715943300.6427276,0.0,0.0,0.0,1715943300.6327531,0.005313288400490279,-0.016082552346774026,1.1348957866448979,nan,nan,nan,nan,nan,nan,nan,nan,nan,nan,nan,nan
1715943300.5128136,0.0,0.0,0.0,1715943300.6527398,0.0,0.0,0.0,1715943300.6427276,0.0037778485601599465,-0.017685908845614495,1.1354025847510116,nan,nan,nan,nan,nan,nan,nan,nan,nan,nan,nan,nan
1715943300.5227554,0.0,0.0,0.0,1715943300.6627483,0.0,0.0,0.0,1715943300.6527398,0.0028831453209855473,-0.019571930546446126,1.1359151345774285,nan,nan,nan,nan,nan,nan,nan,nan,nan,nan,nan,nan
1715943300.532815,0.0,0.0,0.0,1715943300.672732,0.0,0.0,0.0,1715943300.6627483,0.0024611673101511133,-0.01758681033788978,1.1364260115456726,nan,nan,nan,nan,nan,nan,nan,nan,nan,nan,nan,nan
1715943300.5428126,0.0,0.0,0.0,1715943300.6828063,0.0,0.0,0.0,1715943300.672732,0.0015717864876856336,-0.01582011611232148,1.1368812114468296,nan,nan,nan,nan,nan,nan,nan,nan,nan,nan,nan,nan
1715943300.552743,0.0,0.0,0.0,1715943300.6956437,0.0,0.0,0.0,1715943300.6828063,0.00021154464271444517,-0.014413754105680354,1.137253060924396,nan,nan,nan,nan,nan,nan,nan,nan,nan,nan,nan,nan
1715943300.562878,0.0,0.0,0.0,1715943300.7028177,0.0,0.0,0.0,1715943300.6956437,-0.0019445728514153604,-0.013833988850305845,1.1377686999853833,nan,nan,nan,nan,nan,nan,nan,nan,nan,nan,nan,nan
1715943300.5727448,0.0,0.0,0.0,1715943300.7127206,0.0,0.0,0.0,1715943300.7028177,-0.0029678440407888695,-0.01297148719243335,1.138031163190699,nan,nan,nan,nan,nan,nan,nan,nan,nan,nan,nan,nan
1715943300.5828464,0.0,0.0,0.0,1715943300.7227566,0.0,0.0,0.0,1715943300.7127206,-0.002336547521967769,-0.011278921969850364,1.138410576577817,nan,nan,nan,nan,nan,nan,nan,nan,nan,nan,nan,nan
1715943300.5950987,0.0,0.0,0.0,1715943300.7328095,0.0,0.0,0.0,1715943300.7227566,-0.0009356410455623188,-0.009992848941436261,1.1388086670651731,nan,nan,nan,nan,nan,nan,nan,nan,nan,nan,nan,nan
1715943300.602817,0.0,0.0,0.0,1715943300.7427654,0.0,0.0,0.0,1715943300.7328095,6.303339887570036e-05,-0.012072899899586709,1.1392591359023072,nan,nan,nan,nan,nan,nan,nan,nan,nan,nan,nan,nan
1715943300.6127512,0.0,0.0,0.0,1715943300.752776,0.0,0.0,0.0,1715943300.7427654,0.0015509681269114672,-0.013157569689177695,1.1396064647518267,nan,nan,nan,nan,nan,nan,nan,nan,nan,nan,nan,nan
1715943300.622822,0.0,0.0,0.0,1715943300.7628014,0.0,0.0,0.0,1715943300.752776,0.0036190714708329574,-0.013913599897305673,1.139921158503363,nan,nan,nan,nan,nan,nan,nan,nan,nan,nan,nan,nan
1715943300.6327531,0.0,0.0,0.0,1715943300.7727559,0.0,0.0,0.0,1715943300.7628014,0.0016206535994826021,-0.013962188002860643,1.1402400973363607,nan,nan,nan,nan,nan,nan,nan,nan,nan,nan,nan,nan
1715943300.6427276,0.0,0.0,0.0,1715943300.9128456,0.0,0.0,0.0,1715943300.7727559,-0.0001441108342833397,-0.013923320033857323,1.1405874413005788,nan,nan,nan,nan,nan,nan,nan,nan,nan,nan,nan,nan
1715943300.6527398,0.0,0.0,0.0,1715943300.92282,0.0,0.0,0.0,1715943300.9128456,0.004413941049575154,-0.025490526489174936,1.1463372786399135,nan,nan,nan,nan,nan,nan,nan,nan,nan,nan,nan,nan
1715943300.6627483,0.0,0.0,0.0,1715943300.9327931,0.0,0.0,0.0,1715943300.92282,0.003867119793806495,-0.027291724978885323,1.1468146953264784,nan,nan,nan,nan,nan,nan,nan,nan,nan,nan,nan,nan
1715943300.672732,0.0,0.0,0.0,1715943300.9427984,0.0,0.0,0.0,1715943300.9327931,0.0054890125740250095,-0.028169939022658408,1.1472060094408136,nan,nan,nan,nan,nan,nan,nan,nan,nan,nan,nan,nan
1715943300.6828063,0.0,0.0,0.0,1715943300.9528146,0.0,0.0,0.0,1715943300.9427984,0.004064254257901023,-0.028381785418245098,1.1477272057499295,nan,nan,nan,nan,nan,nan,nan,nan,nan,nan,nan,nan
1715943300.6956437,0.0,0.0,0.0,1715943300.9631066,0.0,0.0,0.0,1715943300.9528146,0.0024314426269895772,-0.028263746914098276,1.1482106038911652,nan,nan,nan,nan,nan,nan,nan,nan,nan,nan,nan,nan
1715943300.7028177,0.0,0.0,0.0,1715943300.972797,0.0,0.0,0.0,1715943300.9631066,0.0004831365224892137,-0.026751943738614115,1.148788263279794,nan,nan,nan,nan,nan,nan,nan,nan,nan,nan,nan,nan
1715943300.7127206,0.0,0.0,0.0,1715943300.9829025,0.0,0.0,0.0,1715943300.972797,0.0024116968241154613,-0.025408482730329585,1.149175790641552,nan,nan,nan,nan,nan,nan,nan,nan,nan,nan,nan,nan
1715943300.7227566,0.0,0.0,0.0,1715943300.9934773,0.0,0.0,0.0,1715943300.9829025,0.0019589080414218474,-0.023837000778632378,1.1495052653492541,nan,nan,nan,nan,nan,nan,nan,nan,nan,nan,nan,nan
1715943300.7328095,0.0,0.0,0.0,1715943301.0028112,0.0,0.0,0.0,1715943300.9934773,-3.5153233876039636e-06,-0.024632135730664695,1.1500274642049488,nan,nan,nan,nan,nan,nan,nan,nan,nan,nan,nan,nan
1715943300.7427654,0.0,0.0,0.0,1715943301.0129287,0.0,0.0,0.0,1715943301.0028112,0.0020434913593708748,-0.025468160711226817,1.1503650250142408,nan,nan,nan,nan,nan,nan,nan,nan,nan,nan,nan,nan
1715943300.752776,0.0,0.0,0.0,1715943301.382843,0.0,0.0,0.0,1715943301.0129287,0.004029667013939919,-0.026346097492427223,1.1507474185016122,nan,nan,nan,nan,nan,nan,nan,nan,nan,nan,nan,nan
1715943300.7628014,0.0,0.0,0.0,1715943301.3945408,0.0,0.0,0.0,1715943301.382843,0.003957337769366465,-0.014538502682617915,1.164896298642514,nan,nan,nan,nan,nan,nan,nan,nan,nan,nan,nan,nan
1715943300.7727559,0.0,0.0,0.0,1715943301.422827,0.0,0.0,0.0,1715943301.3945408,0.001968757039777169,-0.016019960866526795,1.1652816871629716,nan,nan,nan,nan,nan,nan,nan,nan,nan,nan,nan,nan
1715943300.9128456,0.0,0.0,0.0,1715943301.4328685,0.0,0.0,0.0,1715943301.422827,0.005177744742927648,-0.015006981100972316,1.1663332328079532,nan,nan,nan,nan,nan,nan,nan,nan,nan,nan,nan,nan
1715943300.92282,0.0,0.0,0.0,1715943301.4428296,0.0,0.0,0.0,1715943301.4328685,0.0035656729822187705,-0.01414147193620674,1.1667759167374823,nan,nan,nan,nan,nan,nan,nan,nan,nan,nan,nan,nan
1715943300.9327931,0.0,0.0,0.0,1715943301.452829,0.0,0.0,0.0,1715943301.4428296,0.002028437459615118,-0.01285448541858325,1.1672027970920342,nan,nan,nan,nan,nan,nan,nan,nan,nan,nan,nan,nan
1715943300.9427984,0.0,0.0,0.0,1715943301.4628808,0.0,0.0,0.0,1715943301.452829,0.004105049268974703,-0.012346838032209373,1.167607181981948,nan,nan,nan,nan,nan,nan,nan,nan,nan,nan,nan,nan
1715943300.9528146,0.0,0.0,0.0,1715943301.4728284,0.0,0.0,0.0,1715943301.4628808,0.006465295861090792,-0.011652597391408781,1.168026528283579,nan,nan,nan,nan,nan,nan,nan,nan,nan,nan,nan,nan
1715943300.9631066,0.0,0.0,0.0,1715943301.482855,0.0,0.0,0.0,1715943301.4728284,0.00525878296059179,-0.011613821247286493,1.1684771835701007,nan,nan,nan,nan,nan,nan,nan,nan,nan,nan,nan,nan
1715943300.972797,0.0,0.0,0.0,1715943301.4967558,0.0,0.0,0.0,1715943301.482855,0.0033636754902078847,-0.01208860967712555,1.1689253030032982,nan,nan,nan,nan,nan,nan,nan,nan,nan,nan,nan,nan
1715943300.9829025,0.0,0.0,0.0,1715943301.5028985,0.0,0.0,0.0,1715943301.4967558,0.005965356003257871,-0.011360611850399938,1.1694365538629197,nan,nan,nan,nan,nan,nan,nan,nan,nan,nan,nan,nan
1715943300.9934773,0.0,0.0,0.0,1715943301.5128384,0.0,0.0,0.0,1715943301.5028985,0.007255734533604619,-0.011013571225578778,1.1696341427086874,nan,nan,nan,nan,nan,nan,nan,nan,nan,nan,nan,nan
1715943301.0028112,0.0,0.0,0.0,1715943301.5229433,0.0,0.0,0.0,1715943301.5128384,0.009003011234019809,-0.009922731821868869,1.1698731918192593,nan,nan,nan,nan,nan,nan,nan,nan,nan,nan,nan,nan
1715943301.0129287,0.0,0.0,0.0,1715943301.5329285,0.0,0.0,0.0,1715943301.5229433,0.007133891041145923,-0.010600873862949722,1.1701857969577634,nan,nan,nan,nan,nan,nan,nan,nan,nan,nan,nan,nan
1715943301.382843,0.0,0.0,0.0,1715943301.5429223,0.0,0.0,0.0,1715943301.5329285,0.008301735417909906,-0.012340776744045545,1.1705398999732788,nan,nan,nan,nan,nan,nan,nan,nan,nan,nan,nan,nan
1715943301.3945408,0.0,0.0,0.0,1715943301.5528452,0.0,0.0,0.0,1715943301.5429223,0.010194965132194977,-0.013478520418271911,1.170850819757236,nan,nan,nan,nan,nan,nan,nan,nan,nan,nan,nan,nan
1715943301.422827,0.0,0.0,0.0,1715943301.5628655,0.0,0.0,0.0,1715943301.5528452,0.008873354420074198,-0.013691027567704683,1.1713116072147685,nan,nan,nan,nan,nan,nan,nan,nan,nan,nan,nan,nan
1715943301.4328685,0.0,0.0,0.0,1715943301.5729153,0.0,0.0,0.0,1715943301.5628655,0.007225443228391137,-0.014461723083786904,1.1718019961582369,nan,nan,nan,nan,nan,nan,nan,nan,nan,nan,nan,nan
1715943301.4428296,0.0,0.0,0.0,1715943301.5828946,0.0,0.0,0.0,1715943301.5729153,0.006059291720095228,-0.01587631537006362,1.172302783760776,nan,nan,nan,nan,nan,nan,nan,nan,nan,nan,nan,nan
1715943301.452829,0.0,0.0,0.0,1715943301.7329173,0.0,0.0,0.0,1715943301.5828946,0.007566540968789726,-0.017504409072395255,1.1727121240838654,nan,nan,nan,nan,nan,nan,nan,nan,nan,nan,nan,nan
1715943301.4628808,0.0,0.0,0.0,1715943301.7429025,0.0,0.0,0.0,1715943301.7329173,0.008723636570566295,-0.014165789862610856,1.1767292248023762,nan,nan,nan,nan,nan,nan,nan,nan,nan,nan,nan,nan
1715943301.4728284,0.0,0.0,0.0,1715943301.7528906,0.0,0.0,0.0,1715943301.7429025,0.006408710398566275,-0.014498195853173579,1.176782835823413,nan,nan,nan,nan,nan,nan,nan,nan,nan,nan,nan,nan
1715943301.482855,0.0,0.0,0.0,1715943301.7628677,0.0,0.0,0.0,1715943301.7528906,0.007200184397268439,-0.016340607155669318,1.1767234634604649,nan,nan,nan,nan,nan,nan,nan,nan,nan,nan,nan,nan
1715943301.4967558,0.0,0.0,0.0,1715943301.7728803,0.0,0.0,0.0,1715943301.7628677,0.005726513319995186,-0.016667989046737164,1.1766456941178727,nan,nan,nan,nan,nan,nan,nan,nan,nan,nan,nan,nan
1715943301.5028985,0.0,0.0,0.0,1715943301.7829812,0.0,0.0,0.0,1715943301.7728803,0.003804572953369667,-0.01607695021708566,1.1765792005453215,nan,nan,nan,nan,nan,nan,nan,nan,nan,nan,nan,nan
1715943301.5128384,0.0,0.0,0.0,1715943301.7942324,0.0,0.0,0.0,1715943301.7829812,0.0028396168845141734,-0.014283096206013424,1.176535801246421,nan,nan,nan,nan,nan,nan,nan,nan,nan,nan,nan,nan
1715943301.5229433,0.0,0.0,0.0,1715943301.8028736,0.0,0.0,0.0,1715943301.7942324,0.0042042785588073395,-0.012190109121566595,1.176343252435947,nan,nan,nan,nan,nan,nan,nan,nan,nan,nan,nan,nan
1715943301.5329285,0.0,0.0,0.0,1715943301.8128784,0.0,0.0,0.0,1715943301.8028736,0.003920966823506178,-0.010352593289569834,1.1762414777508576,nan,nan,nan,nan,nan,nan,nan,nan,nan,nan,nan,nan
1715943301.5429223,0.0,0.0,0.0,1715943301.8229065,0.0,0.0,0.0,1715943301.8128784,0.0036419048027765966,-0.008549835021774976,1.1760351960070317,nan,nan,nan,nan,nan,nan,nan,nan,nan,nan,nan,nan
1715943301.5528452,0.0,0.0,0.0,1715943301.832885,0.0,0.0,0.0,1715943301.8229065,0.0020609132720824652,-0.008274536621539319,1.1757942532481649,nan,nan,nan,nan,nan,nan,nan,nan,nan,nan,nan,nan
1715943301.5628655,0.0,0.0,0.0,1715943301.8428607,0.0,0.0,0.0,1715943301.832885,5.979957186519336e-05,-0.00896444998741841,1.175554015015381,nan,nan,nan,nan,nan,nan,nan,nan,nan,nan,nan,nan
1715943301.5729153,0.0,0.0,0.0,1715943301.8528638,0.0,0.0,0.0,1715943301.8428607,0.001563466007022285,-0.010692780950306124,1.175103394973661,nan,nan,nan,nan,nan,nan,nan,nan,nan,nan,nan,nan
1715943301.5828946,0.0,0.0,0.0,1715943301.8629441,0.0,0.0,0.0,1715943301.8528638,0.002704191170561532,-0.012733444595226961,1.1745635199739977,nan,nan,nan,nan,nan,nan,nan,nan,nan,nan,nan,nan
1715943301.7329173,0.0,0.0,0.0,1715943301.8728724,0.0,0.0,0.0,1715943301.8629441,0.0034412457922085027,-0.014762480180824378,1.1739533904598254,nan,nan,nan,nan,nan,nan,nan,nan,nan,nan,nan,nan
1715943301.7429025,0.0,0.0,0.0,1715943301.8828878,0.0,0.0,0.0,1715943301.8728724,0.004781219293674255,-0.016612176471851425,1.1732478836503932,nan,nan,nan,nan,nan,nan,nan,nan,nan,nan,nan,nan
1715943301.7528906,0.0,0.0,0.0,1715943301.8934846,0.0,0.0,0.0,1715943301.8828878,0.0029770133348416827,-0.017799602288750327,1.1725040720601427,nan,nan,nan,nan,nan,nan,nan,nan,nan,nan,nan,nan
1715943301.7628677,0.0,0.0,0.0,1715943301.9029248,0.0,0.0,0.0,1715943301.8934846,0.004298687510260191,-0.01752189530307846,1.1715763323843191,nan,nan,nan,nan,nan,nan,nan,nan,nan,nan,nan,nan
1715943301.7728803,0.0,0.0,0.0,1715943301.9129653,0.0,0.0,0.0,1715943301.9029248,0.005297679892655283,-0.015938084643902117,1.1707686768897134,nan,nan,nan,nan,nan,nan,nan,nan,nan,nan,nan,nan
1715943301.7829812,0.0,0.0,0.0,1715943301.9229105,0.0,0.0,0.0,1715943301.9129653,0.0034590027253339484,-0.015254224664937421,1.1698400964463191,nan,nan,nan,nan,nan,nan,nan,nan,nan,nan,nan,nan
1715943301.7942324,0.0,0.0,0.0,1715943301.932918,0.0,0.0,0.0,1715943301.9229105,0.0015702023669448284,-0.013531271743338458,1.169096150379615,nan,nan,nan,nan,nan,nan,nan,nan,nan,nan,nan,nan
1715943301.8028736,0.0,0.0,0.0,1715943301.9428964,0.0,0.0,0.0,1715943301.932918,0.0031784630411497705,-0.014063899363231602,1.1681695641145173,nan,nan,nan,nan,nan,nan,nan,nan,nan,nan,nan,nan
1715943301.8128784,0.0,0.0,0.0,1715943301.952933,0.0,0.0,0.0,1715943301.9428964,0.0016260015761380142,-0.013928039971281114,1.16727310821288,nan,nan,nan,nan,nan,nan,nan,nan,nan,nan,nan,nan
1715943301.8229065,0.0,0.0,0.0,1715943301.963047,0.0,0.0,0.0,1715943301.952933,-0.0008736582338967347,-0.014093853669891576,1.166565905655291,nan,nan,nan,nan,nan,nan,nan,nan,nan,nan,nan,nan
1715943301.832885,0.0,0.0,0.0,1715943302.142893,0.0,0.0,0.0,1715943301.963047,-0.001617097689821878,-0.016192359513801158,1.165902513899057,nan,nan,nan,nan,nan,nan,nan,nan,nan,nan,nan,nan
1715943301.8428607,0.0,0.0,0.0,nan,nan,nan,nan,1715943302.142893,-0.002506038331288818,-0.017006871028842907,1.1601503805405065,nan,nan,nan,nan,nan,nan,nan,nan,nan,nan,nan,nan
1715943301.8528638,0.0,0.0,0.0,nan,nan,nan,nan,nan,nan,nan,nan,nan,nan,nan,nan,nan,nan,nan,nan,nan,nan,nan,nan
1715943301.8629441,0.0,0.0,0.0,nan,nan,nan,nan,nan,nan,nan,nan,nan,nan,nan,nan,nan,nan,nan,nan,nan,nan,nan,nan
1715943301.8728724,0.0,0.0,0.0,nan,nan,nan,nan,nan,nan,nan,nan,nan,nan,nan,nan,nan,nan,nan,nan,nan,nan,nan,nan
1715943301.8828878,0.0,0.0,0.0,nan,nan,nan,nan,nan,nan,nan,nan,nan,nan,nan,nan,nan,nan,nan,nan,nan,nan,nan,nan
1715943301.8934846,0.0,0.0,0.0,nan,nan,nan,nan,nan,nan,nan,nan,nan,nan,nan,nan,nan,nan,nan,nan,nan,nan,nan,nan
1715943301.9029248,0.0,0.0,0.0,nan,nan,nan,nan,nan,nan,nan,nan,nan,nan,nan,nan,nan,nan,nan,nan,nan,nan,nan,nan
1715943301.9129653,0.0,0.0,0.0,nan,nan,nan,nan,nan,nan,nan,nan,nan,nan,nan,nan,nan,nan,nan,nan,nan,nan,nan,nan
1715943301.9229105,0.0,0.0,0.0,nan,nan,nan,nan,nan,nan,nan,nan,nan,nan,nan,nan,nan,nan,nan,nan,nan,nan,nan,nan
1715943301.932918,0.0,0.0,0.0,nan,nan,nan,nan,nan,nan,nan,nan,nan,nan,nan,nan,nan,nan,nan,nan,nan,nan,nan,nan
1715943301.9428964,0.0,0.0,0.0,nan,nan,nan,nan,nan,nan,nan,nan,nan,nan,nan,nan,nan,nan,nan,nan,nan,nan,nan,nan
1715943301.952933,0.0,0.0,0.0,nan,nan,nan,nan,nan,nan,nan,nan,nan,nan,nan,nan,nan,nan,nan,nan,nan,nan,nan,nan
1715943301.963047,0.0,0.0,0.0,nan,nan,nan,nan,nan,nan,nan,nan,nan,nan,nan,nan,nan,nan,nan,nan,nan,nan,nan,nan
1715943302.142893,0.0,0.0,0.0,nan,nan,nan,nan,nan,nan,nan,nan,nan,nan,nan,nan,nan,nan,nan,nan,nan,nan,nan,nan
